0 verbose cli C:\Program Files\nodejs\node.exe C:\Program Files\nodejs\node_modules\npm\bin\npm-cli.js
1 info using npm@10.9.2
2 info using node@v22.16.0
3 silly config load:file:C:\Program Files\nodejs\node_modules\npm\npmrc
4 silly config load:file:C:\Users\Yusuf\OneDrive\Desktop\rakez-poject\.npmrc
5 silly config load:file:C:\Users\Yusuf\.npmrc
6 silly config load:file:C:\Users\Yusuf\AppData\Roaming\npm\etc\npmrc
7 verbose title npm ci
8 verbose argv "ci" "--ignore-scripts"
9 verbose logfile logs-max:10 dir:C:\Users\Yusuf\OneDrive\Desktop\rakez-poject\.npm-cache\_logs\2026-02-12T17_14_07_525Z-
10 verbose logfile C:\Users\Yusuf\OneDrive\Desktop\rakez-poject\.npm-cache\_logs\2026-02-12T17_14_07_525Z-debug-0.log
11 silly logfile done cleaning log files
12 silly packumentCache heap:4345298944 maxSize:1086324736 maxEntrySize:543162368
13 silly idealTree buildDeps
14 silly reify moves {}
15 silly audit bulk request {
15 silly audit   '@achrinza/node-ipc': [ '9.2.9' ],
15 silly audit   '@ampproject/remapping': [ '2.3.0' ],
15 silly audit   '@asamuzakjp/css-color': [ '3.2.0' ],
15 silly audit   'lru-cache': [ '10.4.3', '6.0.0', '4.1.5', '5.1.1' ],
15 silly audit   '@babel/code-frame': [ '7.29.0', '7.12.11' ],
15 silly audit   '@babel/compat-data': [ '7.29.0' ],
15 silly audit   '@babel/core': [ '7.28.5' ],
15 silly audit   '@babel/generator': [ '7.29.1' ],
15 silly audit   '@babel/helper-annotate-as-pure': [ '7.27.3' ],
15 silly audit   '@babel/helper-compilation-targets': [ '7.28.6' ],
15 silly audit   '@babel/helper-create-class-features-plugin': [ '7.28.6' ],
15 silly audit   '@babel/helper-create-regexp-features-plugin': [ '7.28.5' ],
15 silly audit   '@babel/helper-define-polyfill-provider': [ '0.6.6' ],
15 silly audit   '@babel/helper-globals': [ '7.28.0' ],
15 silly audit   '@babel/helper-member-expression-to-functions': [ '7.28.5' ],
15 silly audit   '@babel/helper-module-imports': [ '7.28.6' ],
15 silly audit   '@babel/helper-module-transforms': [ '7.28.6' ],
15 silly audit   '@babel/helper-optimise-call-expression': [ '7.27.1' ],
15 silly audit   '@babel/helper-plugin-utils': [ '7.28.6' ],
15 silly audit   '@babel/helper-remap-async-to-generator': [ '7.27.1' ],
15 silly audit   '@babel/helper-replace-supers': [ '7.28.6' ],
15 silly audit   '@babel/helper-skip-transparent-expression-wrappers': [ '7.27.1' ],
15 silly audit   '@babel/helper-string-parser': [ '7.27.1' ],
15 silly audit   '@babel/helper-validator-identifier': [ '7.28.5' ],
15 silly audit   '@babel/helper-validator-option': [ '7.27.1' ],
15 silly audit   '@babel/helper-wrap-function': [ '7.28.6' ],
15 silly audit   '@babel/helpers': [ '7.28.4' ],
15 silly audit   '@babel/highlight': [ '7.25.9' ],
15 silly audit   'ansi-styles': [ '3.2.1', '6.2.3', '5.2.0', '4.3.0' ],
15 silly audit   chalk: [ '2.4.2', '4.1.2', '3.0.0' ],
15 silly audit   'color-convert': [ '1.9.3', '2.0.1' ],
15 silly audit   'color-name': [ '1.1.3', '1.1.4' ],
15 silly audit   'has-flag': [ '3.0.0', '4.0.0' ],
15 silly audit   'supports-color': [ '5.5.0', '8.1.1', '7.2.0' ],
15 silly audit   '@babel/parser': [ '7.29.0' ],
15 silly audit   '@babel/plugin-bugfix-firefox-class-in-computed-class-key': [ '7.28.5' ],
15 silly audit   '@babel/plugin-bugfix-safari-class-field-initializer-scope': [ '7.27.1' ],
15 silly audit   '@babel/plugin-bugfix-safari-id-destructuring-collision-in-function-expression': [ '7.27.1' ],
15 silly audit   '@babel/plugin-bugfix-v8-spread-parameters-in-optional-chaining': [ '7.27.1' ],
15 silly audit   '@babel/plugin-bugfix-v8-static-class-fields-redefine-readonly': [ '7.28.6' ],
15 silly audit   '@babel/plugin-proposal-class-properties': [ '7.18.6' ],
15 silly audit   '@babel/plugin-proposal-decorators': [ '7.29.0' ],
15 silly audit   '@babel/plugin-proposal-private-property-in-object': [ '7.21.0-placeholder-for-preset-env.2' ],
15 silly audit   '@babel/plugin-syntax-decorators': [ '7.28.6' ],
15 silly audit   '@babel/plugin-syntax-dynamic-import': [ '7.8.3' ],
15 silly audit   '@babel/plugin-syntax-import-assertions': [ '7.28.6' ],
15 silly audit   '@babel/plugin-syntax-import-attributes': [ '7.28.6' ],
15 silly audit   '@babel/plugin-syntax-jsx': [ '7.28.6' ],
15 silly audit   '@babel/plugin-syntax-unicode-sets-regex': [ '7.18.6' ],
15 silly audit   '@babel/plugin-transform-arrow-functions': [ '7.27.1' ],
15 silly audit   '@babel/plugin-transform-async-generator-functions': [ '7.29.0' ],
15 silly audit   '@babel/plugin-transform-async-to-generator': [ '7.28.6' ],
15 silly audit   '@babel/plugin-transform-block-scoped-functions': [ '7.27.1' ],
15 silly audit   '@babel/plugin-transform-block-scoping': [ '7.28.6' ],
15 silly audit   '@babel/plugin-transform-class-properties': [ '7.28.6' ],
15 silly audit   '@babel/plugin-transform-class-static-block': [ '7.28.6' ],
15 silly audit   '@babel/plugin-transform-classes': [ '7.28.6' ],
15 silly audit   '@babel/plugin-transform-computed-properties': [ '7.28.6' ],
15 silly audit   '@babel/plugin-transform-destructuring': [ '7.28.5' ],
15 silly audit   '@babel/plugin-transform-dotall-regex': [ '7.28.6' ],
15 silly audit   '@babel/plugin-transform-duplicate-keys': [ '7.27.1' ],
15 silly audit   '@babel/plugin-transform-duplicate-named-capturing-groups-regex': [ '7.29.0' ],
15 silly audit   '@babel/plugin-transform-dynamic-import': [ '7.27.1' ],
15 silly audit   '@babel/plugin-transform-explicit-resource-management': [ '7.28.6' ],
15 silly audit   '@babel/plugin-transform-exponentiation-operator': [ '7.28.6' ],
15 silly audit   '@babel/plugin-transform-export-namespace-from': [ '7.27.1' ],
15 silly audit   '@babel/plugin-transform-for-of': [ '7.27.1' ],
15 silly audit   '@babel/plugin-transform-function-name': [ '7.27.1' ],
15 silly audit   '@babel/plugin-transform-json-strings': [ '7.28.6' ],
15 silly audit   '@babel/plugin-transform-literals': [ '7.27.1' ],
15 silly audit   '@babel/plugin-transform-logical-assignment-operators': [ '7.28.6' ],
15 silly audit   '@babel/plugin-transform-member-expression-literals': [ '7.27.1' ],
15 silly audit   '@babel/plugin-transform-modules-amd': [ '7.27.1' ],
15 silly audit   '@babel/plugin-transform-modules-commonjs': [ '7.28.6' ],
15 silly audit   '@babel/plugin-transform-modules-systemjs': [ '7.29.0' ],
15 silly audit   '@babel/plugin-transform-modules-umd': [ '7.27.1' ],
15 silly audit   '@babel/plugin-transform-named-capturing-groups-regex': [ '7.29.0' ],
15 silly audit   '@babel/plugin-transform-new-target': [ '7.27.1' ],
15 silly audit   '@babel/plugin-transform-nullish-coalescing-operator': [ '7.28.6' ],
15 silly audit   '@babel/plugin-transform-numeric-separator': [ '7.28.6' ],
15 silly audit   '@babel/plugin-transform-object-rest-spread': [ '7.28.6' ],
15 silly audit   '@babel/plugin-transform-object-super': [ '7.27.1' ],
15 silly audit   '@babel/plugin-transform-optional-catch-binding': [ '7.28.6' ],
15 silly audit   '@babel/plugin-transform-optional-chaining': [ '7.28.6' ],
15 silly audit   '@babel/plugin-transform-parameters': [ '7.27.7' ],
15 silly audit   '@babel/plugin-transform-private-methods': [ '7.28.6' ],
15 silly audit   '@babel/plugin-transform-private-property-in-object': [ '7.28.6' ],
15 silly audit   '@babel/plugin-transform-property-literals': [ '7.27.1' ],
15 silly audit   '@babel/plugin-transform-regenerator': [ '7.29.0' ],
15 silly audit   '@babel/plugin-transform-regexp-modifiers': [ '7.28.6' ],
15 silly audit   '@babel/plugin-transform-reserved-words': [ '7.27.1' ],
15 silly audit   '@babel/plugin-transform-runtime': [ '7.29.0' ],
15 silly audit   '@babel/plugin-transform-shorthand-properties': [ '7.27.1' ],
15 silly audit   '@babel/plugin-transform-spread': [ '7.28.6' ],
15 silly audit   '@babel/plugin-transform-sticky-regex': [ '7.27.1' ],
15 silly audit   '@babel/plugin-transform-template-literals': [ '7.27.1' ],
15 silly audit   '@babel/plugin-transform-typeof-symbol': [ '7.27.1' ],
15 silly audit   '@babel/plugin-transform-unicode-escapes': [ '7.27.1' ],
15 silly audit   '@babel/plugin-transform-unicode-property-regex': [ '7.28.6' ],
15 silly audit   '@babel/plugin-transform-unicode-regex': [ '7.27.1' ],
15 silly audit   '@babel/plugin-transform-unicode-sets-regex': [ '7.28.6' ],
15 silly audit   '@babel/preset-env': [ '7.29.0' ],
15 silly audit   'babel-plugin-polyfill-corejs3': [ '0.14.0', '0.13.0' ],
15 silly audit   '@babel/preset-modules': [ '0.1.6-no-external-plugins' ],
15 silly audit   '@babel/runtime': [ '7.28.6' ],
15 silly audit   '@babel/template': [ '7.28.6' ],
15 silly audit   '@babel/traverse': [ '7.29.0' ],
15 silly audit   '@babel/types': [ '7.29.0' ],
15 silly audit   '@bcoe/v8-coverage': [ '0.2.3' ],
15 silly audit   '@csstools/color-helpers': [ '5.1.0' ],
15 silly audit   '@csstools/css-calc': [ '2.1.4' ],
15 silly audit   '@csstools/css-color-parser': [ '3.1.0' ],
15 silly audit   '@csstools/css-parser-algorithms': [ '3.0.5' ],
15 silly audit   '@csstools/css-tokenizer': [ '3.0.4' ],
15 silly audit   '@discoveryjs/json-ext': [ '0.5.7' ],
15 silly audit   '@esbuild/aix-ppc64': [ '0.21.5' ],
15 silly audit   '@esbuild/android-arm': [ '0.21.5' ],
15 silly audit   '@esbuild/android-arm64': [ '0.21.5' ],
15 silly audit   '@esbuild/android-x64': [ '0.21.5' ],
15 silly audit   '@esbuild/darwin-arm64': [ '0.21.5' ],
15 silly audit   '@esbuild/darwin-x64': [ '0.21.5' ],
15 silly audit   '@esbuild/freebsd-arm64': [ '0.21.5' ],
15 silly audit   '@esbuild/freebsd-x64': [ '0.21.5' ],
15 silly audit   '@esbuild/linux-arm': [ '0.21.5' ],
15 silly audit   '@esbuild/linux-arm64': [ '0.21.5' ],
15 silly audit   '@esbuild/linux-ia32': [ '0.21.5' ],
15 silly audit   '@esbuild/linux-loong64': [ '0.21.5' ],
15 silly audit   '@esbuild/linux-mips64el': [ '0.21.5' ],
15 silly audit   '@esbuild/linux-ppc64': [ '0.21.5' ],
15 silly audit   '@esbuild/linux-riscv64': [ '0.21.5' ],
15 silly audit   '@esbuild/linux-s390x': [ '0.21.5' ],
15 silly audit   '@esbuild/linux-x64': [ '0.21.5' ],
15 silly audit   '@esbuild/netbsd-x64': [ '0.21.5' ],
15 silly audit   '@esbuild/openbsd-x64': [ '0.21.5' ],
15 silly audit   '@esbuild/sunos-x64': [ '0.21.5' ],
15 silly audit   '@esbuild/win32-arm64': [ '0.21.5' ],
15 silly audit   '@esbuild/win32-ia32': [ '0.21.5' ],
15 silly audit   '@esbuild/win32-x64': [ '0.21.5' ],
15 silly audit   '@eslint/eslintrc': [ '0.4.3' ],
15 silly audit   ignore: [ '4.0.6', '5.3.2' ],
15 silly audit   '@hapi/hoek': [ '9.3.0' ],
15 silly audit   '@hapi/topo': [ '5.1.0' ],
15 silly audit   '@humanwhocodes/config-array': [ '0.5.0' ],
15 silly audit   '@humanwhocodes/object-schema': [ '1.2.1' ],
15 silly audit   '@inquirer/ansi': [ '1.0.2' ],
15 silly audit   '@inquirer/confirm': [ '5.1.21' ],
15 silly audit   '@inquirer/core': [ '10.3.2' ],
15 silly audit   'signal-exit': [ '4.1.0', '3.0.7' ],
15 silly audit   'wrap-ansi': [ '6.2.0', '8.1.0', '3.0.1', '7.0.0' ],
15 silly audit   '@inquirer/figures': [ '1.0.15' ],
15 silly audit   '@inquirer/type': [ '3.0.10' ],
15 silly audit   '@intlify/core-base': [ '9.14.5' ],
15 silly audit   '@intlify/message-compiler': [ '9.14.5' ],
15 silly audit   '@intlify/shared': [ '9.14.5' ],
15 silly audit   '@isaacs/cliui': [ '8.0.2' ],
15 silly audit   'ansi-regex': [ '6.2.2', '5.0.1', '3.0.1' ],
15 silly audit   'emoji-regex': [ '9.2.2', '8.0.0' ],
15 silly audit   'string-width': [ '5.1.2', '2.1.1', '4.2.3' ],
15 silly audit   'strip-ansi': [ '7.1.2', '4.0.0', '6.0.1' ],
15 silly audit   '@istanbuljs/schema': [ '0.1.3' ],
15 silly audit   '@jest/environment': [ '30.2.0' ],
15 silly audit   '@jest/environment-jsdom-abstract': [ '30.2.0' ],
15 silly audit   '@jest/fake-timers': [ '30.2.0' ],
15 silly audit   '@jest/pattern': [ '30.0.1' ],
15 silly audit   '@jest/schemas': [ '30.0.5', '29.6.3' ],
15 silly audit   '@jest/types': [ '30.2.0' ],
15 silly audit   '@jridgewell/gen-mapping': [ '0.3.13' ],
15 silly audit   '@jridgewell/remapping': [ '2.3.5' ],
15 silly audit   '@jridgewell/resolve-uri': [ '3.1.2' ],
15 silly audit   '@jridgewell/source-map': [ '0.3.11' ],
15 silly audit   '@jridgewell/sourcemap-codec': [ '1.5.5' ],
15 silly audit   '@jridgewell/trace-mapping': [ '0.3.31' ],
15 silly audit   '@leichtgewicht/ip-codec': [ '2.0.5' ],
15 silly audit   '@mswjs/interceptors': [ '0.41.2' ],
15 silly audit   '@node-ipc/js-queue': [ '2.0.3' ],
15 silly audit   '@nodelib/fs.scandir': [ '2.1.5' ],
15 silly audit   '@nodelib/fs.stat': [ '2.0.5' ],
15 silly audit   '@nodelib/fs.walk': [ '1.2.8' ],
15 silly audit   '@one-ini/wasm': [ '0.1.1' ],
15 silly audit   '@open-draft/deferred-promise': [ '2.2.0' ],
15 silly audit   '@open-draft/logger': [ '0.3.0' ],
15 silly audit   '@open-draft/until': [ '2.1.0' ],
15 silly audit   '@pdf-lib/fontkit': [ '1.1.1' ],
15 silly audit   '@pdf-lib/standard-fonts': [ '1.0.0' ],
15 silly audit   '@pdf-lib/upng': [ '1.0.1' ],
15 silly audit   '@pkgjs/parseargs': [ '0.11.0' ],
15 silly audit   '@polka/url': [ '1.0.0-next.29' ],
15 silly audit   '@rollup/rollup-android-arm-eabi': [ '4.57.1' ],
15 silly audit   '@rollup/rollup-android-arm64': [ '4.57.1' ],
15 silly audit   '@rollup/rollup-darwin-arm64': [ '4.57.1' ],
15 silly audit   '@rollup/rollup-darwin-x64': [ '4.57.1' ],
15 silly audit   '@rollup/rollup-freebsd-arm64': [ '4.57.1' ],
15 silly audit   '@rollup/rollup-freebsd-x64': [ '4.57.1' ],
15 silly audit   '@rollup/rollup-linux-arm-gnueabihf': [ '4.57.1' ],
15 silly audit   '@rollup/rollup-linux-arm-musleabihf': [ '4.57.1' ],
15 silly audit   '@rollup/rollup-linux-arm64-gnu': [ '4.57.1' ],
15 silly audit   '@rollup/rollup-linux-arm64-musl': [ '4.57.1' ],
15 silly audit   '@rollup/rollup-linux-loong64-gnu': [ '4.57.1' ],
15 silly audit   '@rollup/rollup-linux-loong64-musl': [ '4.57.1' ],
15 silly audit   '@rollup/rollup-linux-ppc64-gnu': [ '4.57.1' ],
15 silly audit   '@rollup/rollup-linux-ppc64-musl': [ '4.57.1' ],
15 silly audit   '@rollup/rollup-linux-riscv64-gnu': [ '4.57.1' ],
15 silly audit   '@rollup/rollup-linux-riscv64-musl': [ '4.57.1' ],
15 silly audit   '@rollup/rollup-linux-s390x-gnu': [ '4.57.1' ],
15 silly audit   '@rollup/rollup-linux-x64-gnu': [ '4.57.1' ],
15 silly audit   '@rollup/rollup-linux-x64-musl': [ '4.57.1' ],
15 silly audit   '@rollup/rollup-openbsd-x64': [ '4.57.1' ],
15 silly audit   '@rollup/rollup-openharmony-arm64': [ '4.57.1' ],
15 silly audit   '@rollup/rollup-win32-arm64-msvc': [ '4.57.1' ],
15 silly audit   '@rollup/rollup-win32-ia32-msvc': [ '4.57.1' ],
15 silly audit   '@rollup/rollup-win32-x64-gnu': [ '4.57.1' ],
15 silly audit   '@rollup/rollup-win32-x64-msvc': [ '4.57.1' ],
15 silly audit   '@sideway/address': [ '4.1.5' ],
15 silly audit   '@sideway/formula': [ '3.0.1' ],
15 silly audit   '@sideway/pinpoint': [ '2.0.0' ],
15 silly audit   '@sinclair/typebox': [ '0.34.48', '0.27.10' ],
15 silly audit   '@sinonjs/commons': [ '3.0.1' ],
15 silly audit   '@sinonjs/fake-timers': [ '13.0.5' ],
15 silly audit   '@soda/friendly-errors-webpack-plugin': [ '1.8.1' ],
15 silly audit   '@soda/get-current-script': [ '1.0.2' ],
15 silly audit   '@testing-library/dom': [ '9.3.4' ],
15 silly audit   'pretty-format': [ '27.5.1', '29.7.0', '30.2.0' ],
15 silly audit   'react-is': [ '17.0.2', '18.3.1' ],
15 silly audit   '@testing-library/vue': [ '8.1.0' ],
15 silly audit   '@tootallnate/once': [ '2.0.0' ],
15 silly audit   '@trysound/sax': [ '0.2.0' ],
15 silly audit   '@types/aria-query': [ '5.0.4' ],
15 silly audit   '@types/body-parser': [ '1.19.6' ],
15 silly audit   '@types/bonjour': [ '3.5.13' ],
15 silly audit   '@types/connect': [ '3.4.38' ],
15 silly audit   '@types/connect-history-api-fallback': [ '1.5.4' ],
15 silly audit   '@types/eslint': [ '8.56.12' ],
15 silly audit   '@types/eslint-scope': [ '3.7.7' ],
15 silly audit   '@types/estree': [ '1.0.8' ],
15 silly audit   '@types/express': [ '4.17.25' ],
15 silly audit   '@types/express-serve-static-core': [ '5.1.0', '4.19.7' ],
15 silly audit   '@types/html-minifier-terser': [ '6.1.0' ],
15 silly audit   '@types/http-errors': [ '2.0.5' ],
15 silly audit   '@types/http-proxy': [ '1.17.17' ],
15 silly audit   '@types/istanbul-lib-coverage': [ '2.0.6' ],
15 silly audit   '@types/istanbul-lib-report': [ '3.0.3' ],
15 silly audit   '@types/istanbul-reports': [ '3.0.4' ],
15 silly audit   '@types/jsdom': [ '21.1.7' ],
15 silly audit   entities: [ '6.0.1', '2.2.0', '4.5.0' ],
15 silly audit   parse5: [ '7.3.0', '5.1.1', '6.0.1' ],
15 silly audit   '@types/json-schema': [ '7.0.15' ],
15 silly audit   '@types/mime': [ '1.3.5' ],
15 silly audit   '@types/minimist': [ '1.2.5' ],
15 silly audit   '@types/node': [ '25.0.2' ],
15 silly audit   '@types/node-forge': [ '1.3.14' ],
15 silly audit   '@types/normalize-package-data': [ '2.4.4' ],
15 silly audit   '@types/parse-json': [ '4.0.2' ],
15 silly audit   '@types/qs': [ '6.14.0' ],
15 silly audit   '@types/range-parser': [ '1.2.7' ],
15 silly audit   '@types/retry': [ '0.12.0' ],
15 silly audit   '@types/send': [ '1.2.1', '0.17.6' ],
15 silly audit   '@types/serve-index': [ '1.9.4' ],
15 silly audit   '@types/serve-static': [ '1.15.10' ],
15 silly audit   '@types/sockjs': [ '0.3.36' ],
15 silly audit   '@types/stack-utils': [ '2.0.3' ],
15 silly audit   '@types/statuses': [ '2.0.6' ],
15 silly audit   '@types/tough-cookie': [ '4.0.5' ],
15 silly audit   '@types/trusted-types': [ '2.0.7' ],
15 silly audit   '@types/ws': [ '8.18.1' ],
15 silly audit   '@types/yargs': [ '17.0.35' ],
15 silly audit   '@types/yargs-parser': [ '21.0.3' ],
15 silly audit   '@vitejs/plugin-vue': [ '4.6.2' ],
15 silly audit   '@vitest/coverage-v8': [ '1.6.1' ],
15 silly audit   '@vitest/expect': [ '1.6.1' ],
15 silly audit   '@vitest/runner': [ '1.6.1' ],
15 silly audit   'p-limit': [ '5.0.0', '2.3.0' ],
15 silly audit   '@vitest/snapshot': [ '1.6.1' ],
15 silly audit   '@vitest/spy': [ '1.6.1' ],
15 silly audit   '@vitest/ui': [ '1.6.1' ],
15 silly audit   '@vitest/utils': [ '1.6.1' ],
15 silly audit   'estree-walker': [ '3.0.3', '2.0.2' ],
15 silly audit   '@vue/babel-helper-vue-jsx-merge-props': [ '1.4.0' ],
15 silly audit   '@vue/babel-helper-vue-transform-on': [ '1.5.0' ],
15 silly audit   '@vue/babel-plugin-jsx': [ '1.5.0' ],
15 silly audit   '@vue/babel-plugin-resolve-type': [ '1.5.0' ],
15 silly audit   '@vue/babel-plugin-transform-vue-jsx': [ '1.4.0' ],
15 silly audit   '@vue/babel-preset-app': [ '5.0.9' ],
15 silly audit   semver: [ '7.7.4', '7.7.3', '5.7.2', '6.3.1' ],
15 silly audit   '@vue/babel-preset-jsx': [ '1.4.0' ],
15 silly audit   '@vue/babel-sugar-composition-api-inject-h': [ '1.4.0' ],
15 silly audit   '@vue/babel-sugar-composition-api-render-instance': [ '1.4.0' ],
15 silly audit   '@vue/babel-sugar-functional-vue': [ '1.4.0' ],
15 silly audit   '@vue/babel-sugar-inject-h': [ '1.4.0' ],
15 silly audit   '@vue/babel-sugar-v-model': [ '1.4.0' ],
15 silly audit   '@vue/babel-sugar-v-on': [ '1.4.0' ],
15 silly audit   '@vue/cli-overlay': [ '5.0.9' ],
15 silly audit   '@vue/cli-plugin-babel': [ '5.0.9' ],
15 silly audit   '@vue/cli-plugin-eslint': [ '5.0.9' ],
15 silly audit   '@vue/cli-plugin-router': [ '5.0.9' ],
15 silly audit   '@vue/cli-plugin-vuex': [ '5.0.9' ],
15 silly audit   '@vue/cli-service': [ '5.0.9' ],
15 silly audit   '@vue/cli-shared-utils': [ '5.0.9' ],
15 silly audit   yallist: [ '4.0.0', '2.1.2', '3.1.1' ],
15 silly audit   '@vue/compiler-core': [ '3.5.25' ],
15 silly audit   '@vue/compiler-dom': [ '3.5.25' ],
15 silly audit   '@vue/compiler-sfc': [ '3.5.25' ],
15 silly audit   '@vue/compiler-ssr': [ '3.5.25' ],
15 silly audit   '@vue/component-compiler-utils': [ '3.3.0' ],
15 silly audit   'hash-sum': [ '1.0.2', '2.0.0' ],
15 silly audit   picocolors: [ '0.2.1', '1.1.1' ],
15 silly audit   postcss: [ '7.0.39', '8.5.6' ],
15 silly audit   '@vue/devtools-api': [ '6.6.4', '7.7.9' ],
15 silly audit   '@vue/devtools-kit': [ '7.7.9' ],
15 silly audit   '@vue/devtools-shared': [ '7.7.9' ],
15 silly audit   '@vue/eslint-config-prettier': [ '7.1.0' ],
15 silly audit   'eslint-config-prettier': [ '8.10.2', '10.1.8' ],
15 silly audit   'eslint-plugin-prettier': [ '4.2.5', '3.4.1' ],
15 silly audit   '@vue/reactivity': [ '3.5.25' ],
15 silly audit   '@vue/runtime-core': [ '3.5.25' ],
15 silly audit   '@vue/runtime-dom': [ '3.5.25' ],
15 silly audit   '@vue/server-renderer': [ '3.5.25' ],
15 silly audit   '@vue/shared': [ '3.5.25' ],
15 silly audit   '@vue/test-utils': [ '2.4.6' ],
15 silly audit   'vue-loader': [ '15.11.1', '17.4.2' ],
15 silly audit   '@vue/web-component-wrapper': [ '1.3.0' ],
15 silly audit   '@webassemblyjs/ast': [ '1.14.1' ],
15 silly audit   '@webassemblyjs/floating-point-hex-parser': [ '1.13.2' ],
15 silly audit   '@webassemblyjs/helper-api-error': [ '1.13.2' ],
15 silly audit   '@webassemblyjs/helper-buffer': [ '1.14.1' ],
15 silly audit   '@webassemblyjs/helper-numbers': [ '1.13.2' ],
15 silly audit   '@webassemblyjs/helper-wasm-bytecode': [ '1.13.2' ],
15 silly audit   '@webassemblyjs/helper-wasm-section': [ '1.14.1' ],
15 silly audit   '@webassemblyjs/ieee754': [ '1.13.2' ],
15 silly audit   '@webassemblyjs/leb128': [ '1.13.2' ],
15 silly audit   '@webassemblyjs/utf8': [ '1.13.2' ],
15 silly audit   '@webassemblyjs/wasm-edit': [ '1.14.1' ],
15 silly audit   '@webassemblyjs/wasm-gen': [ '1.14.1' ],
15 silly audit   '@webassemblyjs/wasm-opt': [ '1.14.1' ],
15 silly audit   '@webassemblyjs/wasm-parser': [ '1.14.1' ],
15 silly audit   '@webassemblyjs/wast-printer': [ '1.14.1' ],
15 silly audit   '@xtuc/ieee754': [ '1.2.0' ],
15 silly audit   '@xtuc/long': [ '4.2.2' ],
15 silly audit   abab: [ '2.0.6' ],
15 silly audit   abbrev: [ '2.0.0' ],
15 silly audit   accepts: [ '1.3.8' ],
15 silly audit   negotiator: [ '0.6.3', '0.6.4' ],
15 silly audit   acorn: [ '8.15.0', '7.4.1' ],
15 silly audit   'acorn-import-phases': [ '1.0.4' ],
15 silly audit   'acorn-jsx': [ '5.3.2' ],
15 silly audit   'acorn-walk': [ '8.3.4' ],
15 silly audit   address: [ '1.2.2' ],
15 silly audit   'agent-base': [ '6.0.2', '7.1.4' ],
15 silly audit   ajv: [ '6.12.6', '8.17.1' ],
15 silly audit   'ajv-formats': [ '2.1.1' ],
15 silly audit   'json-schema-traverse': [ '1.0.0', '0.4.1' ],
15 silly audit   'ajv-keywords': [ '3.5.2', '5.1.0' ],
15 silly audit   'ansi-colors': [ '4.1.3' ],
15 silly audit   'ansi-escapes': [ '3.2.0' ],
15 silly audit   'ansi-html-community': [ '0.0.8' ],
15 silly audit   'any-promise': [ '1.3.0' ],
15 silly audit   anymatch: [ '3.1.3' ],
15 silly audit   arch: [ '2.2.0' ],
15 silly audit   argparse: [ '1.0.10' ],
15 silly audit   'aria-query': [ '5.1.3' ],
15 silly audit   'array-buffer-byte-length': [ '1.0.2' ],
15 silly audit   'array-flatten': [ '1.1.1' ],
15 silly audit   'array-union': [ '2.1.0' ],
15 silly audit   'assertion-error': [ '1.1.0' ],
15 silly audit   'astral-regex': [ '2.0.0' ],
15 silly audit   async: [ '3.2.6' ],
15 silly audit   asynckit: [ '0.4.0' ],
15 silly audit   'at-least-node': [ '1.0.0' ],
15 silly audit   autoprefixer: [ '10.4.23' ],
15 silly audit   'available-typed-arrays': [ '1.0.7' ],
15 silly audit   axios: [ '1.13.2' ],
15 silly audit   'axios-mock-adapter': [ '1.22.0' ],
15 silly audit   'babel-loader': [ '8.4.1' ],
15 silly audit   'loader-utils': [ '2.0.4', '1.4.2' ],
15 silly audit   'babel-plugin-dynamic-import-node': [ '2.3.3' ],
15 silly audit   'babel-plugin-polyfill-corejs2': [ '0.4.15' ],
15 silly audit   'babel-plugin-polyfill-regenerator': [ '0.6.6' ],
15 silly audit   'balanced-match': [ '1.0.2' ],
15 silly audit   'base64-js': [ '1.5.1' ],
15 silly audit   'baseline-browser-mapping': [ '2.9.7' ],
15 silly audit   batch: [ '0.6.1' ],
15 silly audit   'big.js': [ '5.2.2' ],
15 silly audit   'binary-extensions': [ '2.3.0' ],
15 silly audit   birpc: [ '2.9.0' ],
15 silly audit   bl: [ '4.1.0' ],
15 silly audit   bluebird: [ '3.7.2' ],
15 silly audit   'body-parser': [ '1.20.4' ],
15 silly audit   debug: [ '2.6.9', '4.4.3' ],
15 silly audit   ms: [ '2.0.0', '2.1.3' ],
15 silly audit   'bonjour-service': [ '1.3.0' ],
15 silly audit   boolbase: [ '1.0.0' ],
15 silly audit   'brace-expansion': [ '1.1.12', '2.0.2' ],
15 silly audit   braces: [ '3.0.3' ],
15 silly audit   browserslist: [ '4.28.1' ],
15 silly audit   buffer: [ '5.7.1' ],
15 silly audit   'buffer-from': [ '1.1.2' ],
15 silly audit   bytes: [ '3.1.2' ],
15 silly audit   cac: [ '6.7.14' ],
15 silly audit   'call-bind': [ '1.0.8' ],
15 silly audit   'call-bind-apply-helpers': [ '1.0.2' ],
15 silly audit   'call-bound': [ '1.0.4' ],
15 silly audit   callsites: [ '3.1.0' ],
15 silly audit   'camel-case': [ '4.1.2' ],
15 silly audit   camelcase: [ '5.3.1' ],
15 silly audit   'caniuse-api': [ '3.0.0' ],
15 silly audit   'caniuse-lite': [ '1.0.30001760' ],
15 silly audit   'case-sensitive-paths-webpack-plugin': [ '2.4.0' ],
15 silly audit   chai: [ '4.5.0' ],
15 silly audit   'type-detect': [ '4.1.0', '4.0.8' ],
15 silly audit   'check-error': [ '1.0.3' ],
15 silly audit   chokidar: [ '3.6.0' ],
15 silly audit   'glob-parent': [ '5.1.2', '6.0.2' ],
15 silly audit   'chrome-trace-event': [ '1.0.4' ],
15 silly audit   'ci-info': [ '1.6.0', '4.4.0' ],
15 silly audit   'clean-css': [ '5.3.3' ],
15 silly audit   'cli-cursor': [ '3.1.0', '2.1.0' ],
15 silly audit   'cli-highlight': [ '2.1.11' ],
15 silly audit   'cli-spinners': [ '2.9.2' ],
15 silly audit   'cli-width': [ '4.1.0' ],
15 silly audit   clipboardy: [ '2.3.0' ],
15 silly audit   cliui: [ '7.0.4', '8.0.1' ],
15 silly audit   clone: [ '1.0.4' ],
15 silly audit   'clone-deep': [ '4.0.1' ],
15 silly audit   colord: [ '2.9.3' ],
15 silly audit   colorette: [ '2.0.20' ],
15 silly audit   'combined-stream': [ '1.0.8' ],
15 silly audit   commander: [ '8.3.0', '10.0.1', '7.2.0', '2.20.3' ],
15 silly audit   commondir: [ '1.0.1' ],
15 silly audit   compressible: [ '2.0.18' ],
15 silly audit   compression: [ '1.8.1' ],
15 silly audit   'concat-map': [ '0.0.1' ],
15 silly audit   confbox: [ '0.1.8' ],
15 silly audit   'config-chain': [ '1.1.13' ],
15 silly audit   'connect-history-api-fallback': [ '2.0.0' ],
15 silly audit   consolidate: [ '0.15.1' ],
15 silly audit   'content-disposition': [ '0.5.4' ],
15 silly audit   'content-type': [ '1.0.5' ],
15 silly audit   'convert-source-map': [ '2.0.0' ],
15 silly audit   cookie: [ '0.7.2', '1.1.1' ],
15 silly audit   'cookie-signature': [ '1.0.7' ],
15 silly audit   'copy-anything': [ '4.0.5' ],
15 silly audit   'copy-webpack-plugin': [ '9.1.0' ],
15 silly audit   'schema-utils': [ '3.3.0', '4.3.3', '2.7.1' ],
15 silly audit   'core-js': [ '3.48.0' ],
15 silly audit   'core-js-compat': [ '3.48.0' ],
15 silly audit   'core-util-is': [ '1.0.3' ],
15 silly audit   cosmiconfig: [ '7.1.0' ],
15 silly audit   'cross-spawn': [ '6.0.6', '7.0.6', '5.1.0' ],
15 silly audit   'css-declaration-sorter': [ '6.4.1' ],
15 silly audit   'css-loader': [ '6.11.0' ],
15 silly audit   'css-minimizer-webpack-plugin': [ '3.4.1' ],
15 silly audit   'css-select': [ '4.3.0' ],
15 silly audit   'css-tree': [ '1.1.3' ],
15 silly audit   'css-what': [ '6.2.2' ],
15 silly audit   cssesc: [ '3.0.0' ],
15 silly audit   cssnano: [ '5.1.15' ],
15 silly audit   'cssnano-preset-default': [ '5.2.14' ],
15 silly audit   'cssnano-utils': [ '3.1.0' ],
15 silly audit   csso: [ '4.2.0' ],
15 silly audit   cssstyle: [ '3.0.0', '4.6.0' ],
15 silly audit   csstype: [ '3.2.3' ],
15 silly audit   'data-urls': [ '4.0.0', '5.0.0' ],
15 silly audit   tr46: [ '4.1.1', '5.1.1', '0.0.3' ],
15 silly audit   'webidl-conversions': [ '7.0.0', '3.0.1' ],
15 silly audit   'whatwg-url': [ '12.0.1', '14.2.0', '5.0.0' ],
15 silly audit   debounce: [ '1.2.1' ],
15 silly audit   'decimal.js': [ '10.6.0' ],
15 silly audit   'deep-eql': [ '4.1.4' ],
15 silly audit   'deep-equal': [ '2.2.3' ],
15 silly audit   isarray: [ '2.0.5', '1.0.0' ],
15 silly audit   'deep-is': [ '0.1.4' ],
15 silly audit   deepmerge: [ '1.5.2' ],
15 silly audit   'default-gateway': [ '6.0.3' ],
15 silly audit   execa: [ '5.1.1', '1.0.0', '8.0.1', '0.8.0' ],
15 silly audit   'get-stream': [ '6.0.1', '4.1.0', '8.0.1', '3.0.0' ],
15 silly audit   'is-stream': [ '2.0.1', '1.1.0', '3.0.0' ],
15 silly audit   'npm-run-path': [ '4.0.1', '2.0.2', '5.3.0' ],
15 silly audit   'path-key': [ '3.1.1', '2.0.1', '4.0.0' ],
15 silly audit   'shebang-command': [ '2.0.0', '1.2.0' ],
15 silly audit   'shebang-regex': [ '3.0.0', '1.0.0' ],
15 silly audit   which: [ '2.0.2', '1.3.1' ],
15 silly audit   defaults: [ '1.0.4' ],
15 silly audit   'define-data-property': [ '1.1.4' ],
15 silly audit   'define-lazy-prop': [ '2.0.0' ],
15 silly audit   'define-properties': [ '1.2.1' ],
15 silly audit   'delayed-stream': [ '1.0.0' ],
15 silly audit   depd: [ '2.0.0', '1.1.2' ],
15 silly audit   destroy: [ '1.2.0' ],
15 silly audit   'detect-node': [ '2.1.0' ],
15 silly audit   'diff-sequences': [ '29.6.3' ],
15 silly audit   'dir-glob': [ '3.0.1' ],
15 silly audit   'dns-packet': [ '5.6.1' ],
15 silly audit   doctrine: [ '3.0.0' ],
15 silly audit   'dom-accessibility-api': [ '0.5.16' ],
15 silly audit   'dom-converter': [ '0.2.0' ],
15 silly audit   'dom-serializer': [ '1.4.1' ],
15 silly audit   domelementtype: [ '2.3.0' ],
15 silly audit   domexception: [ '4.0.0' ],
15 silly audit   domhandler: [ '4.3.1' ],
15 silly audit   dompurify: [ '3.3.1' ],
15 silly audit   domutils: [ '2.8.0' ],
15 silly audit   'dot-case': [ '3.0.4' ],
15 silly audit   dotenv: [ '10.0.0' ],
15 silly audit   'dotenv-expand': [ '5.1.0' ],
15 silly audit   'dunder-proto': [ '1.0.1' ],
15 silly audit   duplexer: [ '0.1.2' ],
15 silly audit   eastasianwidth: [ '0.2.0' ],
15 silly audit   'easy-stack': [ '1.0.1' ],
15 silly audit   editorconfig: [ '1.0.4' ],
15 silly audit   minimatch: [ '9.0.1', '9.0.5', '3.1.2' ],
15 silly audit   'ee-first': [ '1.1.1' ],
15 silly audit   'electron-to-chromium': [ '1.5.267' ],
15 silly audit   'emojis-list': [ '3.0.0' ],
15 silly audit   encodeurl: [ '2.0.0', '1.0.2' ],
15 silly audit   'end-of-stream': [ '1.4.5' ],
15 silly audit   'enhanced-resolve': [ '5.19.0' ],
15 silly audit   enquirer: [ '2.4.1' ],
15 silly audit   'error-ex': [ '1.3.4' ],
15 silly audit   'error-stack-parser': [ '2.1.4' ],
15 silly audit   'es-define-property': [ '1.0.1' ],
15 silly audit   'es-errors': [ '1.3.0' ],
15 silly audit   'es-get-iterator': [ '1.1.3' ],
15 silly audit   'es-module-lexer': [ '2.0.0' ],
15 silly audit   'es-object-atoms': [ '1.1.1' ],
15 silly audit   'es-set-tostringtag': [ '2.1.0' ],
15 silly audit   esbuild: [ '0.21.5' ],
15 silly audit   escalade: [ '3.2.0' ],
15 silly audit   'escape-html': [ '1.0.3' ],
15 silly audit   'escape-string-regexp': [ '1.0.5', '4.0.0', '2.0.0' ],
15 silly audit   eslint: [ '7.32.0' ],
15 silly audit   'eslint-plugin-vue': [ '8.7.1' ],
15 silly audit   'eslint-scope': [ '5.1.1', '7.2.2' ],
15 silly audit   'eslint-utils': [ '3.0.0', '2.1.0' ],
15 silly audit   'eslint-visitor-keys': [ '2.1.0', '1.3.0', '3.4.3' ],
15 silly audit   'eslint-webpack-plugin': [ '3.2.0' ],
15 silly audit   'jest-worker': [ '28.1.3', '27.5.1' ],
15 silly audit   espree: [ '7.3.1', '9.6.1' ],
15 silly audit   esprima: [ '4.0.1' ],
15 silly audit   esquery: [ '1.6.0' ],
15 silly audit   estraverse: [ '5.3.0', '4.3.0' ],
15 silly audit   esrecurse: [ '4.3.0' ],
15 silly audit   esutils: [ '2.0.3' ],
15 silly audit   etag: [ '1.8.1' ],
15 silly audit   'event-pubsub': [ '4.3.0' ],
15 silly audit   eventemitter3: [ '4.0.7' ],
15 silly audit   events: [ '3.3.0' ],
15 silly audit   express: [ '4.22.1' ],
15 silly audit   'fast-deep-equal': [ '3.1.3' ],
15 silly audit   'fast-diff': [ '1.3.0' ],
15 silly audit   'fast-glob': [ '3.3.3' ],
15 silly audit   'fast-json-stable-stringify': [ '2.1.0' ],
15 silly audit   'fast-levenshtein': [ '2.0.6' ],
15 silly audit   'fast-uri': [ '3.1.0' ],
15 silly audit   fastq: [ '1.19.1' ],
15 silly audit   'faye-websocket': [ '0.11.4' ],
15 silly audit   fflate: [ '0.8.2' ],
15 silly audit   figures: [ '2.0.0' ],
15 silly audit   'file-entry-cache': [ '6.0.1' ],
15 silly audit   'fill-range': [ '7.1.1' ],
15 silly audit   finalhandler: [ '1.3.2' ],
15 silly audit   'find-cache-dir': [ '3.3.2' ],
15 silly audit   'find-up': [ '4.1.0' ],
15 silly audit   flat: [ '5.0.2' ],
15 silly audit   'flat-cache': [ '3.2.0' ],
15 silly audit   flatted: [ '3.3.3' ],
15 silly audit   'follow-redirects': [ '1.15.11' ],
15 silly audit   'for-each': [ '0.3.5' ],
15 silly audit   'foreground-child': [ '3.3.1' ],
15 silly audit   'form-data': [ '4.0.5' ],
15 silly audit   forwarded: [ '0.2.0' ],
15 silly audit   'fraction.js': [ '5.3.4' ],
15 silly audit   fresh: [ '0.5.2' ],
15 silly audit   'fs-extra': [ '9.1.0' ],
15 silly audit   'fs-monkey': [ '1.1.0' ],
15 silly audit   'fs.realpath': [ '1.0.0' ],
15 silly audit   fsevents: [ '2.3.3' ],
15 silly audit   'function-bind': [ '1.1.2' ],
15 silly audit   'functional-red-black-tree': [ '1.0.1' ],
15 silly audit   'functions-have-names': [ '1.2.3' ],
15 silly audit   gensync: [ '1.0.0-beta.2' ],
15 silly audit   'get-caller-file': [ '2.0.5' ],
15 silly audit   'get-func-name': [ '2.0.2' ],
15 silly audit   'get-intrinsic': [ '1.3.0' ],
15 silly audit   'get-proto': [ '1.0.1' ],
15 silly audit   glob: [ '7.2.3', '10.5.0' ],
15 silly audit   'glob-to-regexp': [ '0.4.1' ],
15 silly audit   globals: [ '13.24.0' ],
15 silly audit   'type-fest': [ '0.20.2', '5.4.3', '0.8.1', '0.6.0' ],
15 silly audit   globby: [ '11.1.0' ],
15 silly audit   gopd: [ '1.2.0' ],
15 silly audit   'graceful-fs': [ '4.2.11' ],
15 silly audit   graphql: [ '16.12.0' ],
15 silly audit   'gzip-size': [ '6.0.0' ],
15 silly audit   'handle-thing': [ '2.0.1' ],
15 silly audit   'has-bigints': [ '1.1.0' ],
15 silly audit   'has-property-descriptors': [ '1.0.2' ],
15 silly audit   'has-symbols': [ '1.1.0' ],
15 silly audit   'has-tostringtag': [ '1.0.2' ],
15 silly audit   hasown: [ '2.0.2' ],
15 silly audit   he: [ '1.2.0' ],
15 silly audit   'headers-polyfill': [ '4.0.3' ],
15 silly audit   'highlight.js': [ '10.7.3' ],
15 silly audit   hookable: [ '5.5.3' ],
15 silly audit   'hosted-git-info': [ '2.8.9' ],
15 silly audit   'hpack.js': [ '2.1.6' ],
15 silly audit   'readable-stream': [ '2.3.8', '3.6.2' ],
15 silly audit   'safe-buffer': [ '5.1.2', '5.2.1' ],
15 silly audit   string_decoder: [ '1.1.1', '1.3.0' ],
15 silly audit   'html-encoding-sniffer': [ '3.0.0', '4.0.0' ],
15 silly audit   'html-entities': [ '2.6.0' ],
15 silly audit   'html-escaper': [ '2.0.2' ],
15 silly audit   'html-minifier-terser': [ '6.1.0' ],
15 silly audit   'html-tags': [ '2.0.0' ],
15 silly audit   'html-webpack-plugin': [ '5.6.5' ],
15 silly audit   htmlparser2: [ '6.1.0' ],
15 silly audit   'http-deceiver': [ '1.2.7' ],
15 silly audit   'http-errors': [ '2.0.1', '2.0.0', '1.6.3' ],
15 silly audit   'http-parser-js': [ '0.5.10' ],
15 silly audit   'http-proxy': [ '1.18.1' ],
15 silly audit   'http-proxy-agent': [ '5.0.0', '7.0.2' ],
15 silly audit   'http-proxy-middleware': [ '2.0.9' ],
15 silly audit   'https-proxy-agent': [ '5.0.1', '7.0.6' ],
15 silly audit   'human-signals': [ '2.1.0', '5.0.0' ],
15 silly audit   'iconv-lite': [ '0.4.24', '0.6.3' ],
15 silly audit   'icss-utils': [ '5.1.0' ],
15 silly audit   ieee754: [ '1.2.1' ],
15 silly audit   'import-fresh': [ '3.3.1' ],
15 silly audit   imurmurhash: [ '0.1.4' ],
15 silly audit   inflight: [ '1.0.6' ],
15 silly audit   inherits: [ '2.0.4', '2.0.3' ],
15 silly audit   ini: [ '1.3.8' ],
15 silly audit   'internal-slot': [ '1.1.0' ],
15 silly audit   'ipaddr.js': [ '2.3.0', '1.9.1' ],
15 silly audit   'is-arguments': [ '1.2.0' ],
15 silly audit   'is-array-buffer': [ '3.0.5' ],
15 silly audit   'is-arrayish': [ '0.2.1' ],
15 silly audit   'is-bigint': [ '1.1.0' ],
15 silly audit   'is-binary-path': [ '2.1.0' ],
15 silly audit   'is-boolean-object': [ '1.2.2' ],
15 silly audit   'is-buffer': [ '2.0.5' ],
15 silly audit   'is-callable': [ '1.2.7' ],
15 silly audit   'is-ci': [ '1.2.1' ],
15 silly audit   'is-core-module': [ '2.16.1' ],
15 silly audit   'is-date-object': [ '1.1.0' ],
15 silly audit   'is-docker': [ '2.2.1' ],
15 silly audit   'is-extglob': [ '2.1.1' ],
15 silly audit   'is-file-esm': [ '1.0.0' ],
15 silly audit   'is-fullwidth-code-point': [ '3.0.0', '2.0.0' ],
15 silly audit   'is-glob': [ '4.0.3' ],
15 silly audit   'is-interactive': [ '1.0.0' ],
15 silly audit   'is-map': [ '2.0.3' ],
15 silly audit   'is-node-process': [ '1.2.0' ],
15 silly audit   'is-number': [ '7.0.0' ],
15 silly audit   'is-number-object': [ '1.1.1' ],
15 silly audit   'is-plain-obj': [ '3.0.0' ],
15 silly audit   'is-plain-object': [ '2.0.4' ],
15 silly audit   'is-potential-custom-element-name': [ '1.0.1' ],
15 silly audit   'is-regex': [ '1.2.1' ],
15 silly audit   'is-set': [ '2.0.3' ],
15 silly audit   'is-shared-array-buffer': [ '1.0.4' ],
15 silly audit   'is-string': [ '1.1.1' ],
15 silly audit   'is-symbol': [ '1.1.1' ],
15 silly audit   'is-unicode-supported': [ '0.1.0' ],
15 silly audit   'is-weakmap': [ '2.0.2' ],
15 silly audit   'is-weakset': [ '2.0.4' ],
15 silly audit   'is-what': [ '5.5.0' ],
15 silly audit   'is-wsl': [ '2.2.0' ],
15 silly audit   isexe: [ '2.0.0' ],
15 silly audit   isobject: [ '3.0.1' ],
15 silly audit   'istanbul-lib-coverage': [ '3.2.2' ],
15 silly audit   'istanbul-lib-report': [ '3.0.1' ],
15 silly audit   'make-dir': [ '4.0.0', '3.1.0' ],
15 silly audit   'istanbul-lib-source-maps': [ '5.0.6' ],
15 silly audit   'istanbul-reports': [ '3.2.0' ],
15 silly audit   jackspeak: [ '3.4.3' ],
15 silly audit   'javascript-stringify': [ '2.1.0' ],
15 silly audit   'jest-environment-jsdom': [ '30.2.0' ],
15 silly audit   jsdom: [ '26.1.0', '22.1.0' ],
15 silly audit   'rrweb-cssom': [ '0.8.0', '0.6.0' ],
15 silly audit   'tough-cookie': [ '5.1.2', '6.0.0', '4.1.4' ],
15 silly audit   'w3c-xmlserializer': [ '5.0.0', '4.0.0' ],
15 silly audit   'whatwg-encoding': [ '3.1.1', '2.0.0' ],
15 silly audit   'whatwg-mimetype': [ '4.0.0', '3.0.0' ],
15 silly audit   ws: [ '8.19.0', '8.18.3', '7.5.10' ],
15 silly audit   'xml-name-validator': [ '5.0.0', '4.0.0' ],
15 silly audit   'jest-message-util': [ '30.2.0' ],
15 silly audit   'jest-mock': [ '30.2.0' ],
15 silly audit   'jest-regex-util': [ '30.0.1' ],
15 silly audit   'jest-util': [ '30.2.0' ],
15 silly audit   picomatch: [ '4.0.3', '2.3.1' ],
15 silly audit   joi: [ '17.13.3' ],
15 silly audit   'js-beautify': [ '1.15.4' ],
15 silly audit   minipass: [ '7.1.2', '3.3.6' ],
15 silly audit   'js-cookie': [ '3.0.5' ],
15 silly audit   'js-message': [ '1.0.7' ],
15 silly audit   'js-tokens': [ '4.0.0', '9.0.1' ],
15 silly audit   'js-yaml': [ '3.14.2' ],
15 silly audit   jsesc: [ '3.1.0' ],
15 silly audit   'json-buffer': [ '3.0.1' ],
15 silly audit   'json-parse-better-errors': [ '1.0.2' ],
15 silly audit   'json-parse-even-better-errors': [ '2.3.1' ],
15 silly audit   'json-stable-stringify-without-jsonify': [ '1.0.1' ],
15 silly audit   json5: [ '2.2.3', '1.0.2' ],
15 silly audit   jsonfile: [ '6.2.0' ],
15 silly audit   keyv: [ '4.5.4' ],
15 silly audit   'kind-of': [ '6.0.3' ],
15 silly audit   klona: [ '2.0.6' ],
15 silly audit   'launch-editor': [ '2.12.0' ],
15 silly audit   'launch-editor-middleware': [ '2.12.0' ],
15 silly audit   levn: [ '0.4.1' ],
15 silly audit   lilconfig: [ '2.1.0' ],
15 silly audit   'lines-and-columns': [ '1.2.4' ],
15 silly audit   'loader-runner': [ '4.3.1' ],
15 silly audit   'local-pkg': [ '0.5.1' ],
15 silly audit   'locate-path': [ '5.0.0' ],
15 silly audit   lodash: [ '4.17.23' ],
15 silly audit   'lodash.debounce': [ '4.0.8' ],
15 silly audit   'lodash.defaultsdeep': [ '4.6.1' ],
15 silly audit   'lodash.kebabcase': [ '4.1.1' ],
15 silly audit   'lodash.mapvalues': [ '4.6.0' ],
15 silly audit   'lodash.memoize': [ '4.1.2' ],
15 silly audit   'lodash.merge': [ '4.6.2' ],
15 silly audit   'lodash.truncate': [ '4.4.2' ],
15 silly audit   'lodash.uniq': [ '4.5.0' ],
15 silly audit   'log-symbols': [ '4.1.0' ],
15 silly audit   'log-update': [ '2.3.0' ],
15 silly audit   'mimic-fn': [ '1.2.0', '2.1.0', '4.0.0' ],
15 silly audit   onetime: [ '2.0.1', '5.1.2', '6.0.0' ],
15 silly audit   'restore-cursor': [ '2.0.0', '3.1.0' ],
15 silly audit   loupe: [ '2.3.7' ],
15 silly audit   'lower-case': [ '2.0.2' ],
15 silly audit   'lz-string': [ '1.5.0' ],
15 silly audit   'magic-string': [ '0.30.21' ],
15 silly audit   magicast: [ '0.3.5' ],
15 silly audit   'math-intrinsics': [ '1.1.0' ],
15 silly audit   'mdn-data': [ '2.0.14' ],
15 silly audit   'media-typer': [ '0.3.0' ],
15 silly audit   memfs: [ '3.5.3' ],
15 silly audit   'merge-descriptors': [ '1.0.3' ],
15 silly audit   'merge-source-map': [ '1.1.0' ],
15 silly audit   'merge-stream': [ '2.0.0' ],
15 silly audit   merge2: [ '1.4.1' ],
15 silly audit   methods: [ '1.1.2' ],
15 silly audit   micromatch: [ '4.0.8' ],
15 silly audit   mime: [ '1.6.0' ],
15 silly audit   'mime-db': [ '1.52.0' ],
15 silly audit   'mime-types': [ '2.1.35' ],
15 silly audit   'mini-css-extract-plugin': [ '2.9.4' ],
15 silly audit   'minimalistic-assert': [ '1.0.1' ],
15 silly audit   minimist: [ '1.2.8' ],
15 silly audit   mitt: [ '3.0.1' ],
15 silly audit   mlly: [ '1.8.0' ],
15 silly audit   pathe: [ '2.0.3', '1.1.2' ],
15 silly audit   'module-alias': [ '2.2.3' ],
15 silly audit   mrmime: [ '2.0.1' ],
15 silly audit   msw: [ '2.12.9' ],
15 silly audit   'path-to-regexp': [ '6.3.0', '0.1.12' ],
15 silly audit   tldts: [ '7.0.22', '6.1.86' ],
15 silly audit   'tldts-core': [ '7.0.22', '6.1.86' ],
15 silly audit   yargs: [ '17.7.2', '16.2.0' ],
15 silly audit   'yargs-parser': [ '21.1.1', '20.2.9' ],
15 silly audit   'multicast-dns': [ '7.2.5' ],
15 silly audit   'mute-stream': [ '2.0.0' ],
15 silly audit   mz: [ '2.7.0' ],
15 silly audit   nanoid: [ '3.3.11' ],
15 silly audit   'natural-compare': [ '1.4.0' ],
15 silly audit   'neo-async': [ '2.6.2' ],
15 silly audit   'nice-try': [ '1.0.5' ],
15 silly audit   'no-case': [ '3.0.4' ],
15 silly audit   'node-fetch': [ '2.7.0' ],
15 silly audit   'node-forge': [ '1.3.3' ],
15 silly audit   'node-releases': [ '2.0.27' ],
15 silly audit   nopt: [ '7.2.1' ],
15 silly audit   'normalize-package-data': [ '2.5.0' ],
15 silly audit   'normalize-path': [ '3.0.0', '1.0.0' ],
15 silly audit   'normalize-url': [ '6.1.0' ],
15 silly audit   'nth-check': [ '2.1.1' ],
15 silly audit   nwsapi: [ '2.2.23' ],
15 silly audit   'object-assign': [ '4.1.1' ],
15 silly audit   'object-inspect': [ '1.13.4' ],
15 silly audit   'object-is': [ '1.1.6' ],
15 silly audit   'object-keys': [ '1.1.1' ],
15 silly audit   'object.assign': [ '4.1.7' ],
15 silly audit   obuf: [ '1.1.2' ],
15 silly audit   'on-finished': [ '2.4.1' ],
15 silly audit   'on-headers': [ '1.1.0' ],
15 silly audit   once: [ '1.4.0' ],
15 silly audit   open: [ '8.4.2' ],
15 silly audit   opener: [ '1.5.2' ],
15 silly audit   optionator: [ '0.9.4' ],
15 silly audit   ora: [ '5.4.1' ],
15 silly audit   outvariant: [ '1.4.3' ],
15 silly audit   'p-finally': [ '1.0.0' ],
15 silly audit   'p-locate': [ '4.1.0' ],
15 silly audit   'p-retry': [ '4.6.2' ],
15 silly audit   'p-try': [ '2.2.0' ],
15 silly audit   'package-json-from-dist': [ '1.0.1' ],
15 silly audit   pako: [ '1.0.11' ],
15 silly audit   'param-case': [ '3.0.4' ],
15 silly audit   'parent-module': [ '1.0.1' ],
15 silly audit   'parse-json': [ '5.2.0' ],
15 silly audit   'parse5-htmlparser2-tree-adapter': [ '6.0.1' ],
15 silly audit   parseurl: [ '1.3.3' ],
15 silly audit   'pascal-case': [ '3.1.2' ],
15 silly audit   'path-exists': [ '4.0.0' ],
15 silly audit   'path-is-absolute': [ '1.0.1' ],
15 silly audit   'path-parse': [ '1.0.7' ],
15 silly audit   'path-scurry': [ '1.11.1' ],
15 silly audit   'path-type': [ '4.0.0' ],
15 silly audit   pathval: [ '1.1.1' ],
15 silly audit   'pdf-lib': [ '1.17.1' ],
15 silly audit   tslib: [ '1.14.1', '2.8.1' ],
15 silly audit   'perfect-debounce': [ '1.0.0' ],
15 silly audit   pinia: [ '3.0.4' ],
15 silly audit   'pkg-dir': [ '4.2.0' ],
15 silly audit   'pkg-types': [ '1.3.1' ],
15 silly audit   portfinder: [ '1.0.38' ],
15 silly audit   'possible-typed-array-names': [ '1.1.0' ],
15 silly audit   'postcss-calc': [ '8.2.4' ],
15 silly audit   'postcss-colormin': [ '5.3.1' ],
15 silly audit   'postcss-convert-values': [ '5.1.3' ],
15 silly audit   'postcss-discard-comments': [ '5.1.2' ],
15 silly audit   'postcss-discard-duplicates': [ '5.1.0' ],
15 silly audit   'postcss-discard-empty': [ '5.1.1' ],
15 silly audit   'postcss-discard-overridden': [ '5.1.0' ],
15 silly audit   'postcss-loader': [ '6.2.1' ],
15 silly audit   'postcss-merge-longhand': [ '5.1.7' ],
15 silly audit   'postcss-merge-rules': [ '5.1.4' ],
15 silly audit   'postcss-minify-font-values': [ '5.1.0' ],
15 silly audit   'postcss-minify-gradients': [ '5.1.1' ],
15 silly audit   'postcss-minify-params': [ '5.1.4' ],
15 silly audit   'postcss-minify-selectors': [ '5.2.1' ],
15 silly audit   'postcss-modules-extract-imports': [ '3.1.0' ],
15 silly audit   'postcss-modules-local-by-default': [ '4.2.0' ],
15 silly audit   'postcss-selector-parser': [ '7.1.1', '6.1.2' ],
15 silly audit   'postcss-modules-scope': [ '3.2.1' ],
15 silly audit   'postcss-modules-values': [ '4.0.0' ],
15 silly audit   'postcss-normalize-charset': [ '5.1.0' ],
15 silly audit   'postcss-normalize-display-values': [ '5.1.0' ],
15 silly audit   'postcss-normalize-positions': [ '5.1.1' ],
15 silly audit   'postcss-normalize-repeat-style': [ '5.1.1' ],
15 silly audit   'postcss-normalize-string': [ '5.1.0' ],
15 silly audit   'postcss-normalize-timing-functions': [ '5.1.0' ],
15 silly audit   'postcss-normalize-unicode': [ '5.1.1' ],
15 silly audit   'postcss-normalize-url': [ '5.1.0' ],
15 silly audit   'postcss-normalize-whitespace': [ '5.1.1' ],
15 silly audit   'postcss-ordered-values': [ '5.1.3' ],
15 silly audit   'postcss-reduce-initial': [ '5.1.2' ],
15 silly audit   'postcss-reduce-transforms': [ '5.1.0' ],
15 silly audit   'postcss-svgo': [ '5.1.0' ],
15 silly audit   'postcss-unique-selectors': [ '5.1.1' ],
15 silly audit   'postcss-value-parser': [ '4.2.0' ],
15 silly audit   'prelude-ls': [ '1.2.1' ],
15 silly audit   prettier: [ '2.8.8' ],
15 silly audit   'prettier-linter-helpers': [ '1.0.0' ],
15 silly audit   'pretty-error': [ '4.0.0' ],
15 silly audit   'process-nextick-args': [ '2.0.1' ],
15 silly audit   progress: [ '2.0.3' ],
15 silly audit   'progress-webpack-plugin': [ '1.0.16' ],
15 silly audit   'proto-list': [ '1.2.4' ],
15 silly audit   'proxy-addr': [ '2.0.7' ],
15 silly audit   'proxy-from-env': [ '1.1.0' ],
15 silly audit   pseudomap: [ '1.0.2' ],
15 silly audit   psl: [ '1.15.0' ],
15 silly audit   pump: [ '3.0.3' ],
15 silly audit   punycode: [ '2.3.1' ],
15 silly audit   'pusher-js': [ '8.4.0' ],
15 silly audit   qs: [ '6.14.1' ],
15 silly audit   querystringify: [ '2.2.0' ],
15 silly audit   'queue-microtask': [ '1.2.3' ],
15 silly audit   randombytes: [ '2.1.0' ],
15 silly audit   'range-parser': [ '1.2.1' ],
15 silly audit   'raw-body': [ '2.5.3' ],
15 silly audit   'read-pkg': [ '5.2.0' ],
15 silly audit   'read-pkg-up': [ '7.0.1' ],
15 silly audit   readdirp: [ '3.6.0' ],
15 silly audit   regenerate: [ '1.4.2' ],
15 silly audit   'regenerate-unicode-properties': [ '10.2.2' ],
15 silly audit   'regexp.prototype.flags': [ '1.5.4' ],
15 silly audit   regexpp: [ '3.2.0' ],
15 silly audit   'regexpu-core': [ '6.4.0' ],
15 silly audit   regjsgen: [ '0.8.0' ],
15 silly audit   regjsparser: [ '0.13.0' ],
15 silly audit   relateurl: [ '0.2.7' ],
15 silly audit   renderkid: [ '3.0.0' ],
15 silly audit   'require-directory': [ '2.1.1' ],
15 silly audit   'require-from-string': [ '2.0.2' ],
15 silly audit   'requires-port': [ '1.0.0' ],
15 silly audit   resolve: [ '1.22.11' ],
15 silly audit   'resolve-from': [ '4.0.0' ],
15 silly audit   retry: [ '0.13.1' ],
15 silly audit   rettime: [ '0.10.1' ],
15 silly audit   reusify: [ '1.1.0' ],
15 silly audit   rfdc: [ '1.4.1' ],
15 silly audit   rimraf: [ '3.0.2' ],
15 silly audit   rollup: [ '4.57.1' ],
15 silly audit   'run-parallel': [ '1.2.0' ],
15 silly audit   'safe-regex-test': [ '1.1.0' ],
15 silly audit   'safer-buffer': [ '2.1.2' ],
15 silly audit   saxes: [ '6.0.0' ],
15 silly audit   'select-hose': [ '2.0.0' ],
15 silly audit   selfsigned: [ '2.4.1' ],
15 silly audit   send: [ '0.19.1', '0.19.0' ],
15 silly audit   statuses: [ '2.0.1', '1.5.0', '2.0.2' ],
15 silly audit   'serialize-javascript': [ '6.0.2' ],
15 silly audit   'serve-index': [ '1.9.1' ],
15 silly audit   setprototypeof: [ '1.1.0', '1.2.0' ],
15 silly audit   'serve-static': [ '1.16.2' ],
15 silly audit   'set-function-length': [ '1.2.2' ],
15 silly audit   'set-function-name': [ '2.0.2' ],
15 silly audit   'shallow-clone': [ '3.0.1' ],
15 silly audit   'shell-quote': [ '1.8.3' ],
15 silly audit   'side-channel': [ '1.1.0' ],
15 silly audit   'side-channel-list': [ '1.0.0' ],
15 silly audit   'side-channel-map': [ '1.0.1' ],
15 silly audit   'side-channel-weakmap': [ '1.0.2' ],
15 silly audit   siginfo: [ '2.0.0' ],
15 silly audit   sirv: [ '2.0.4' ],
15 silly audit   slash: [ '3.0.0' ],
15 silly audit   'slice-ansi': [ '4.0.0' ],
15 silly audit   sockjs: [ '0.3.24' ],
15 silly audit   'source-map': [ '0.6.1' ],
15 silly audit   'source-map-js': [ '1.2.1' ],
15 silly audit   'source-map-support': [ '0.5.21' ],
15 silly audit   'spdx-correct': [ '3.2.0' ],
15 silly audit   'spdx-exceptions': [ '2.5.0' ],
15 silly audit   'spdx-expression-parse': [ '3.0.1' ],
15 silly audit   'spdx-license-ids': [ '3.0.22' ],
15 silly audit   spdy: [ '4.0.2' ],
15 silly audit   'spdy-transport': [ '3.0.0' ],
15 silly audit   speakingurl: [ '14.0.1' ],
15 silly audit   'sprintf-js': [ '1.0.3' ],
15 silly audit   ssri: [ '8.0.1' ],
15 silly audit   stable: [ '0.1.8' ],
15 silly audit   'stack-utils': [ '2.0.6' ],
15 silly audit   stackback: [ '0.0.2' ],
15 silly audit   stackframe: [ '1.3.4' ],
15 silly audit   'std-env': [ '3.10.0' ],
15 silly audit   'stop-iteration-iterator': [ '1.1.0' ],
15 silly audit   'strict-event-emitter': [ '0.5.1' ],
15 silly audit   'strip-eof': [ '1.0.0' ],
15 silly audit   'strip-final-newline': [ '2.0.0', '3.0.0' ],
15 silly audit   'strip-indent': [ '2.0.0' ],
15 silly audit   'strip-json-comments': [ '3.1.1' ],
15 silly audit   'strip-literal': [ '2.1.1' ],
15 silly audit   stylehacks: [ '5.1.1' ],
15 silly audit   superjson: [ '2.2.6' ],
15 silly audit   'supports-preserve-symlinks-flag': [ '1.0.0' ],
15 silly audit   'svg-tags': [ '1.0.0' ],
15 silly audit   svgo: [ '2.8.0' ],
15 silly audit   'symbol-tree': [ '3.2.4' ],
15 silly audit   table: [ '6.9.0' ],
15 silly audit   'tagged-tag': [ '1.0.0' ],
15 silly audit   tapable: [ '2.3.0' ],
15 silly audit   terser: [ '5.44.1' ],
15 silly audit   'terser-webpack-plugin': [ '5.3.16' ],
15 silly audit   'test-exclude': [ '6.0.0' ],
15 silly audit   'text-table': [ '0.2.0' ],
15 silly audit   thenify: [ '3.3.1' ],
15 silly audit   'thenify-all': [ '1.6.0' ],
15 silly audit   'thread-loader': [ '3.0.4' ],
15 silly audit   thunky: [ '1.1.0' ],
15 silly audit   tinybench: [ '2.9.0' ],
15 silly audit   tinypool: [ '0.8.4' ],
15 silly audit   tinyspy: [ '2.2.1' ],
15 silly audit   'to-regex-range': [ '5.0.1' ],
15 silly audit   toidentifier: [ '1.0.1' ],
15 silly audit   totalist: [ '3.0.1' ],
15 silly audit   universalify: [ '0.2.0', '2.0.1' ],
15 silly audit   tweetnacl: [ '1.0.3' ],
15 silly audit   'type-check': [ '0.4.0' ],
15 silly audit   'type-is': [ '1.6.18' ],
15 silly audit   ufo: [ '1.6.3' ],
15 silly audit   'undici-types': [ '7.16.0' ],
15 silly audit   'unicode-canonical-property-names-ecmascript': [ '2.0.1' ],
15 silly audit   'unicode-match-property-ecmascript': [ '2.0.0' ],
15 silly audit   'unicode-match-property-value-ecmascript': [ '2.2.1' ],
15 silly audit   'unicode-property-aliases-ecmascript': [ '2.2.0' ],
15 silly audit   unpipe: [ '1.0.0' ],
15 silly audit   'until-async': [ '3.0.2' ],
15 silly audit   'update-browserslist-db': [ '1.2.2' ],
15 silly audit   'uri-js': [ '4.4.1' ],
15 silly audit   'url-parse': [ '1.5.10' ],
15 silly audit   'util-deprecate': [ '1.0.2' ],
15 silly audit   utila: [ '0.4.0' ],
15 silly audit   'utils-merge': [ '1.0.1' ],
15 silly audit   uuid: [ '8.3.2' ],
15 silly audit   'v8-compile-cache': [ '2.4.0' ],
15 silly audit   'validate-npm-package-license': [ '3.0.4' ],
15 silly audit   vary: [ '1.1.2' ],
15 silly audit   vite: [ '5.4.21' ],
15 silly audit   'vite-node': [ '1.6.1' ],
15 silly audit   vitest: [ '1.6.1' ],
15 silly audit   vue: [ '3.5.25' ],
15 silly audit   'vue-component-type-helpers': [ '2.2.12' ],
15 silly audit   'vue-eslint-parser': [ '8.3.0' ],
15 silly audit   'vue-hot-reload-api': [ '2.3.4' ],
15 silly audit   'vue-i18n': [ '9.14.5' ],
15 silly audit   'vue-router': [ '4.6.4' ],
15 silly audit   'vue-style-loader': [ '4.1.3' ],
15 silly audit   'vue-template-es2015-compiler': [ '1.9.1' ],
15 silly audit   watchpack: [ '2.4.4', '2.5.1' ],
15 silly audit   wbuf: [ '1.7.3' ],
15 silly audit   wcwidth: [ '1.0.1' ],
15 silly audit   webpack: [ '5.105.0' ],
15 silly audit   'webpack-bundle-analyzer': [ '4.10.2' ],
15 silly audit   'webpack-chain': [ '6.5.1' ],
15 silly audit   'webpack-dev-middleware': [ '5.3.4' ],
15 silly audit   'webpack-dev-server': [ '4.15.2' ],
15 silly audit   'webpack-merge': [ '5.10.0' ],
15 silly audit   'webpack-sources': [ '3.3.3' ],
15 silly audit   'webpack-virtual-modules': [ '0.4.6' ],
15 silly audit   'websocket-driver': [ '0.7.4' ],
15 silly audit   'websocket-extensions': [ '0.1.4' ],
15 silly audit   'whatwg-fetch': [ '3.6.20' ],
15 silly audit   'which-boxed-primitive': [ '1.1.1' ],
15 silly audit   'which-collection': [ '1.0.2' ],
15 silly audit   'which-typed-array': [ '1.1.20' ],
15 silly audit   'why-is-node-running': [ '2.3.0' ],
15 silly audit   wildcard: [ '2.0.1' ],
15 silly audit   'word-wrap': [ '1.2.5' ],
15 silly audit   wrappy: [ '1.0.2' ],
15 silly audit   xmlchars: [ '2.2.0' ],
15 silly audit   y18n: [ '5.0.8' ],
15 silly audit   yaml: [ '1.10.2' ],
15 silly audit   'yocto-queue': [ '1.2.2' ],
15 silly audit   'yoctocolors-cjs': [ '2.1.3' ],
15 silly audit   yorkie: [ '2.0.0' ]
15 silly audit }
16 verbose reify failed optional dependency C:\Users\Yusuf\OneDrive\Desktop\rakez-poject\node_modules\fsevents
17 silly reify mark deleted [
17 silly reify   'C:\\Users\\Yusuf\\OneDrive\\Desktop\\rakez-poject\\node_modules\\fsevents'
17 silly reify ]
18 verbose reify failed optional dependency C:\Users\Yusuf\OneDrive\Desktop\rakez-poject\node_modules\@rollup\rollup-win32-ia32-msvc
19 silly reify mark deleted [
19 silly reify   'C:\\Users\\Yusuf\\OneDrive\\Desktop\\rakez-poject\\node_modules\\@rollup\\rollup-win32-ia32-msvc'
19 silly reify ]
20 verbose reify failed optional dependency C:\Users\Yusuf\OneDrive\Desktop\rakez-poject\node_modules\@rollup\rollup-win32-arm64-msvc
21 silly reify mark deleted [
21 silly reify   'C:\\Users\\Yusuf\\OneDrive\\Desktop\\rakez-poject\\node_modules\\@rollup\\rollup-win32-arm64-msvc'
21 silly reify ]
22 verbose reify failed optional dependency C:\Users\Yusuf\OneDrive\Desktop\rakez-poject\node_modules\@rollup\rollup-openharmony-arm64
23 silly reify mark deleted [
23 silly reify   'C:\\Users\\Yusuf\\OneDrive\\Desktop\\rakez-poject\\node_modules\\@rollup\\rollup-openharmony-arm64'
23 silly reify ]
24 verbose reify failed optional dependency C:\Users\Yusuf\OneDrive\Desktop\rakez-poject\node_modules\@rollup\rollup-openbsd-x64
25 silly reify mark deleted [
25 silly reify   'C:\\Users\\Yusuf\\OneDrive\\Desktop\\rakez-poject\\node_modules\\@rollup\\rollup-openbsd-x64'
25 silly reify ]
26 verbose reify failed optional dependency C:\Users\Yusuf\OneDrive\Desktop\rakez-poject\node_modules\@rollup\rollup-linux-x64-musl
27 silly reify mark deleted [
27 silly reify   'C:\\Users\\Yusuf\\OneDrive\\Desktop\\rakez-poject\\node_modules\\@rollup\\rollup-linux-x64-musl'
27 silly reify ]
28 verbose reify failed optional dependency C:\Users\Yusuf\OneDrive\Desktop\rakez-poject\node_modules\@rollup\rollup-linux-x64-gnu
29 silly reify mark deleted [
29 silly reify   'C:\\Users\\Yusuf\\OneDrive\\Desktop\\rakez-poject\\node_modules\\@rollup\\rollup-linux-x64-gnu'
29 silly reify ]
30 verbose reify failed optional dependency C:\Users\Yusuf\OneDrive\Desktop\rakez-poject\node_modules\@rollup\rollup-linux-s390x-gnu
31 silly reify mark deleted [
31 silly reify   'C:\\Users\\Yusuf\\OneDrive\\Desktop\\rakez-poject\\node_modules\\@rollup\\rollup-linux-s390x-gnu'
31 silly reify ]
32 verbose reify failed optional dependency C:\Users\Yusuf\OneDrive\Desktop\rakez-poject\node_modules\@rollup\rollup-linux-riscv64-musl
33 silly reify mark deleted [
33 silly reify   'C:\\Users\\Yusuf\\OneDrive\\Desktop\\rakez-poject\\node_modules\\@rollup\\rollup-linux-riscv64-musl'
33 silly reify ]
34 verbose reify failed optional dependency C:\Users\Yusuf\OneDrive\Desktop\rakez-poject\node_modules\@rollup\rollup-linux-riscv64-gnu
35 silly reify mark deleted [
35 silly reify   'C:\\Users\\Yusuf\\OneDrive\\Desktop\\rakez-poject\\node_modules\\@rollup\\rollup-linux-riscv64-gnu'
35 silly reify ]
36 verbose reify failed optional dependency C:\Users\Yusuf\OneDrive\Desktop\rakez-poject\node_modules\@rollup\rollup-linux-ppc64-musl
37 silly reify mark deleted [
37 silly reify   'C:\\Users\\Yusuf\\OneDrive\\Desktop\\rakez-poject\\node_modules\\@rollup\\rollup-linux-ppc64-musl'
37 silly reify ]
38 verbose reify failed optional dependency C:\Users\Yusuf\OneDrive\Desktop\rakez-poject\node_modules\@rollup\rollup-linux-ppc64-gnu
39 silly reify mark deleted [
39 silly reify   'C:\\Users\\Yusuf\\OneDrive\\Desktop\\rakez-poject\\node_modules\\@rollup\\rollup-linux-ppc64-gnu'
39 silly reify ]
40 verbose reify failed optional dependency C:\Users\Yusuf\OneDrive\Desktop\rakez-poject\node_modules\@rollup\rollup-linux-loong64-musl
41 silly reify mark deleted [
41 silly reify   'C:\\Users\\Yusuf\\OneDrive\\Desktop\\rakez-poject\\node_modules\\@rollup\\rollup-linux-loong64-musl'
41 silly reify ]
42 verbose reify failed optional dependency C:\Users\Yusuf\OneDrive\Desktop\rakez-poject\node_modules\@rollup\rollup-linux-loong64-gnu
43 silly reify mark deleted [
43 silly reify   'C:\\Users\\Yusuf\\OneDrive\\Desktop\\rakez-poject\\node_modules\\@rollup\\rollup-linux-loong64-gnu'
43 silly reify ]
44 verbose reify failed optional dependency C:\Users\Yusuf\OneDrive\Desktop\rakez-poject\node_modules\@rollup\rollup-linux-arm64-musl
45 silly reify mark deleted [
45 silly reify   'C:\\Users\\Yusuf\\OneDrive\\Desktop\\rakez-poject\\node_modules\\@rollup\\rollup-linux-arm64-musl'
45 silly reify ]
46 verbose reify failed optional dependency C:\Users\Yusuf\OneDrive\Desktop\rakez-poject\node_modules\@rollup\rollup-linux-arm64-gnu
47 silly reify mark deleted [
47 silly reify   'C:\\Users\\Yusuf\\OneDrive\\Desktop\\rakez-poject\\node_modules\\@rollup\\rollup-linux-arm64-gnu'
47 silly reify ]
48 verbose reify failed optional dependency C:\Users\Yusuf\OneDrive\Desktop\rakez-poject\node_modules\@rollup\rollup-linux-arm-musleabihf
49 silly reify mark deleted [
49 silly reify   'C:\\Users\\Yusuf\\OneDrive\\Desktop\\rakez-poject\\node_modules\\@rollup\\rollup-linux-arm-musleabihf'
49 silly reify ]
50 verbose reify failed optional dependency C:\Users\Yusuf\OneDrive\Desktop\rakez-poject\node_modules\@rollup\rollup-linux-arm-gnueabihf
51 silly reify mark deleted [
51 silly reify   'C:\\Users\\Yusuf\\OneDrive\\Desktop\\rakez-poject\\node_modules\\@rollup\\rollup-linux-arm-gnueabihf'
51 silly reify ]
52 verbose reify failed optional dependency C:\Users\Yusuf\OneDrive\Desktop\rakez-poject\node_modules\@rollup\rollup-freebsd-x64
53 silly reify mark deleted [
53 silly reify   'C:\\Users\\Yusuf\\OneDrive\\Desktop\\rakez-poject\\node_modules\\@rollup\\rollup-freebsd-x64'
53 silly reify ]
54 verbose reify failed optional dependency C:\Users\Yusuf\OneDrive\Desktop\rakez-poject\node_modules\@rollup\rollup-freebsd-arm64
55 silly reify mark deleted [
55 silly reify   'C:\\Users\\Yusuf\\OneDrive\\Desktop\\rakez-poject\\node_modules\\@rollup\\rollup-freebsd-arm64'
55 silly reify ]
56 verbose reify failed optional dependency C:\Users\Yusuf\OneDrive\Desktop\rakez-poject\node_modules\@rollup\rollup-darwin-x64
57 silly reify mark deleted [
57 silly reify   'C:\\Users\\Yusuf\\OneDrive\\Desktop\\rakez-poject\\node_modules\\@rollup\\rollup-darwin-x64'
57 silly reify ]
58 verbose reify failed optional dependency C:\Users\Yusuf\OneDrive\Desktop\rakez-poject\node_modules\@rollup\rollup-darwin-arm64
59 silly reify mark deleted [
59 silly reify   'C:\\Users\\Yusuf\\OneDrive\\Desktop\\rakez-poject\\node_modules\\@rollup\\rollup-darwin-arm64'
59 silly reify ]
60 verbose reify failed optional dependency C:\Users\Yusuf\OneDrive\Desktop\rakez-poject\node_modules\@rollup\rollup-android-arm64
61 silly reify mark deleted [
61 silly reify   'C:\\Users\\Yusuf\\OneDrive\\Desktop\\rakez-poject\\node_modules\\@rollup\\rollup-android-arm64'
61 silly reify ]
62 verbose reify failed optional dependency C:\Users\Yusuf\OneDrive\Desktop\rakez-poject\node_modules\@rollup\rollup-android-arm-eabi
63 silly reify mark deleted [
63 silly reify   'C:\\Users\\Yusuf\\OneDrive\\Desktop\\rakez-poject\\node_modules\\@rollup\\rollup-android-arm-eabi'
63 silly reify ]
64 verbose reify failed optional dependency C:\Users\Yusuf\OneDrive\Desktop\rakez-poject\node_modules\@esbuild\win32-ia32
65 silly reify mark deleted [
65 silly reify   'C:\\Users\\Yusuf\\OneDrive\\Desktop\\rakez-poject\\node_modules\\@esbuild\\win32-ia32'
65 silly reify ]
66 verbose reify failed optional dependency C:\Users\Yusuf\OneDrive\Desktop\rakez-poject\node_modules\@esbuild\win32-arm64
67 silly reify mark deleted [
67 silly reify   'C:\\Users\\Yusuf\\OneDrive\\Desktop\\rakez-poject\\node_modules\\@esbuild\\win32-arm64'
67 silly reify ]
68 verbose reify failed optional dependency C:\Users\Yusuf\OneDrive\Desktop\rakez-poject\node_modules\@esbuild\sunos-x64
69 silly reify mark deleted [
69 silly reify   'C:\\Users\\Yusuf\\OneDrive\\Desktop\\rakez-poject\\node_modules\\@esbuild\\sunos-x64'
69 silly reify ]
70 verbose reify failed optional dependency C:\Users\Yusuf\OneDrive\Desktop\rakez-poject\node_modules\@esbuild\openbsd-x64
71 silly reify mark deleted [
71 silly reify   'C:\\Users\\Yusuf\\OneDrive\\Desktop\\rakez-poject\\node_modules\\@esbuild\\openbsd-x64'
71 silly reify ]
72 verbose reify failed optional dependency C:\Users\Yusuf\OneDrive\Desktop\rakez-poject\node_modules\@esbuild\netbsd-x64
73 silly reify mark deleted [
73 silly reify   'C:\\Users\\Yusuf\\OneDrive\\Desktop\\rakez-poject\\node_modules\\@esbuild\\netbsd-x64'
73 silly reify ]
74 verbose reify failed optional dependency C:\Users\Yusuf\OneDrive\Desktop\rakez-poject\node_modules\@esbuild\linux-x64
75 silly reify mark deleted [
75 silly reify   'C:\\Users\\Yusuf\\OneDrive\\Desktop\\rakez-poject\\node_modules\\@esbuild\\linux-x64'
75 silly reify ]
76 verbose reify failed optional dependency C:\Users\Yusuf\OneDrive\Desktop\rakez-poject\node_modules\@esbuild\linux-s390x
77 silly reify mark deleted [
77 silly reify   'C:\\Users\\Yusuf\\OneDrive\\Desktop\\rakez-poject\\node_modules\\@esbuild\\linux-s390x'
77 silly reify ]
78 verbose reify failed optional dependency C:\Users\Yusuf\OneDrive\Desktop\rakez-poject\node_modules\@esbuild\linux-riscv64
79 silly reify mark deleted [
79 silly reify   'C:\\Users\\Yusuf\\OneDrive\\Desktop\\rakez-poject\\node_modules\\@esbuild\\linux-riscv64'
79 silly reify ]
80 verbose reify failed optional dependency C:\Users\Yusuf\OneDrive\Desktop\rakez-poject\node_modules\@esbuild\linux-ppc64
81 silly reify mark deleted [
81 silly reify   'C:\\Users\\Yusuf\\OneDrive\\Desktop\\rakez-poject\\node_modules\\@esbuild\\linux-ppc64'
81 silly reify ]
82 verbose reify failed optional dependency C:\Users\Yusuf\OneDrive\Desktop\rakez-poject\node_modules\@esbuild\linux-mips64el
83 silly reify mark deleted [
83 silly reify   'C:\\Users\\Yusuf\\OneDrive\\Desktop\\rakez-poject\\node_modules\\@esbuild\\linux-mips64el'
83 silly reify ]
84 verbose reify failed optional dependency C:\Users\Yusuf\OneDrive\Desktop\rakez-poject\node_modules\@esbuild\linux-loong64
85 silly reify mark deleted [
85 silly reify   'C:\\Users\\Yusuf\\OneDrive\\Desktop\\rakez-poject\\node_modules\\@esbuild\\linux-loong64'
85 silly reify ]
86 verbose reify failed optional dependency C:\Users\Yusuf\OneDrive\Desktop\rakez-poject\node_modules\@esbuild\linux-ia32
87 silly reify mark deleted [
87 silly reify   'C:\\Users\\Yusuf\\OneDrive\\Desktop\\rakez-poject\\node_modules\\@esbuild\\linux-ia32'
87 silly reify ]
88 verbose reify failed optional dependency C:\Users\Yusuf\OneDrive\Desktop\rakez-poject\node_modules\@esbuild\linux-arm64
89 silly reify mark deleted [
89 silly reify   'C:\\Users\\Yusuf\\OneDrive\\Desktop\\rakez-poject\\node_modules\\@esbuild\\linux-arm64'
89 silly reify ]
90 verbose reify failed optional dependency C:\Users\Yusuf\OneDrive\Desktop\rakez-poject\node_modules\@esbuild\linux-arm
91 silly reify mark deleted [
91 silly reify   'C:\\Users\\Yusuf\\OneDrive\\Desktop\\rakez-poject\\node_modules\\@esbuild\\linux-arm'
91 silly reify ]
92 verbose reify failed optional dependency C:\Users\Yusuf\OneDrive\Desktop\rakez-poject\node_modules\@esbuild\freebsd-x64
93 silly reify mark deleted [
93 silly reify   'C:\\Users\\Yusuf\\OneDrive\\Desktop\\rakez-poject\\node_modules\\@esbuild\\freebsd-x64'
93 silly reify ]
94 verbose reify failed optional dependency C:\Users\Yusuf\OneDrive\Desktop\rakez-poject\node_modules\@esbuild\freebsd-arm64
95 silly reify mark deleted [
95 silly reify   'C:\\Users\\Yusuf\\OneDrive\\Desktop\\rakez-poject\\node_modules\\@esbuild\\freebsd-arm64'
95 silly reify ]
96 verbose reify failed optional dependency C:\Users\Yusuf\OneDrive\Desktop\rakez-poject\node_modules\@esbuild\darwin-x64
97 silly reify mark deleted [
97 silly reify   'C:\\Users\\Yusuf\\OneDrive\\Desktop\\rakez-poject\\node_modules\\@esbuild\\darwin-x64'
97 silly reify ]
98 verbose reify failed optional dependency C:\Users\Yusuf\OneDrive\Desktop\rakez-poject\node_modules\@esbuild\darwin-arm64
99 silly reify mark deleted [
99 silly reify   'C:\\Users\\Yusuf\\OneDrive\\Desktop\\rakez-poject\\node_modules\\@esbuild\\darwin-arm64'
99 silly reify ]
100 verbose reify failed optional dependency C:\Users\Yusuf\OneDrive\Desktop\rakez-poject\node_modules\@esbuild\android-x64
101 silly reify mark deleted [
101 silly reify   'C:\\Users\\Yusuf\\OneDrive\\Desktop\\rakez-poject\\node_modules\\@esbuild\\android-x64'
101 silly reify ]
102 verbose reify failed optional dependency C:\Users\Yusuf\OneDrive\Desktop\rakez-poject\node_modules\@esbuild\android-arm64
103 silly reify mark deleted [
103 silly reify   'C:\\Users\\Yusuf\\OneDrive\\Desktop\\rakez-poject\\node_modules\\@esbuild\\android-arm64'
103 silly reify ]
104 verbose reify failed optional dependency C:\Users\Yusuf\OneDrive\Desktop\rakez-poject\node_modules\@esbuild\android-arm
105 silly reify mark deleted [
105 silly reify   'C:\\Users\\Yusuf\\OneDrive\\Desktop\\rakez-poject\\node_modules\\@esbuild\\android-arm'
105 silly reify ]
106 verbose reify failed optional dependency C:\Users\Yusuf\OneDrive\Desktop\rakez-poject\node_modules\@esbuild\aix-ppc64
107 silly reify mark deleted [
107 silly reify   'C:\\Users\\Yusuf\\OneDrive\\Desktop\\rakez-poject\\node_modules\\@esbuild\\aix-ppc64'
107 silly reify ]
108 http fetch POST 200 https://registry.npmjs.org/-/npm/v1/security/advisories/bulk 2385ms
109 silly audit report {
109 silly audit report   postcss: [
109 silly audit report     {
109 silly audit report       id: 1109574,
109 silly audit report       url: 'https://github.com/advisories/GHSA-7fh5-64p2-3v2j',
109 silly audit report       title: 'PostCSS line return parsing error',
109 silly audit report       severity: 'moderate',
109 silly audit report       vulnerable_versions: '<8.4.31',
109 silly audit report       cwe: [Array],
109 silly audit report       cvss: [Object]
109 silly audit report     }
109 silly audit report   ],
109 silly audit report   axios: [
109 silly audit report     {
109 silly audit report       id: 1113092,
109 silly audit report       url: 'https://github.com/advisories/GHSA-43fc-jf86-j433',
109 silly audit report       title: 'Axios is Vulnerable to Denial of Service via __proto__ Key in mergeConfig',
109 silly audit report       severity: 'high',
109 silly audit report       vulnerable_versions: '<=1.13.4',
109 silly audit report       cwe: [Array],
109 silly audit report       cvss: [Object]
109 silly audit report     }
109 silly audit report   ],
109 silly audit report   'cross-spawn': [
109 silly audit report     {
109 silly audit report       id: 1104663,
109 silly audit report       url: 'https://github.com/advisories/GHSA-3xgq-45jj-v275',
109 silly audit report       title: 'Regular Expression Denial of Service (ReDoS) in cross-spawn',
109 silly audit report       severity: 'high',
109 silly audit report       vulnerable_versions: '<6.0.6',
109 silly audit report       cwe: [Array],
109 silly audit report       cvss: [Object]
109 silly audit report     }
109 silly audit report   ],
109 silly audit report   esbuild: [
109 silly audit report     {
109 silly audit report       id: 1102341,
109 silly audit report       url: 'https://github.com/advisories/GHSA-67mh-4wv8-2f99',
109 silly audit report       title: 'esbuild enables any website to send any requests to the development server and read the response',
109 silly audit report       severity: 'moderate',
109 silly audit report       vulnerable_versions: '<=0.24.2',
109 silly audit report       cwe: [Array],
109 silly audit report       cvss: [Object]
109 silly audit report     }
109 silly audit report   ],
109 silly audit report   'webpack-dev-server': [
109 silly audit report     {
109 silly audit report       id: 1108429,
109 silly audit report       url: 'https://github.com/advisories/GHSA-9jgg-88mc-972h',
109 silly audit report       title: "webpack-dev-server users' source code may be stolen when they access a malicious web site with non-Chromium based browser",
109 silly audit report       severity: 'moderate',
109 silly audit report       vulnerable_versions: '<=5.2.0',
109 silly audit report       cwe: [Array],
109 silly audit report       cvss: [Object]
109 silly audit report     },
109 silly audit report     {
109 silly audit report       id: 1108430,
109 silly audit report       url: 'https://github.com/advisories/GHSA-4v9v-hfq4-rm2v',
109 silly audit report       title: "webpack-dev-server users' source code may be stolen when they access a malicious web site",
109 silly audit report       severity: 'moderate',
109 silly audit report       vulnerable_versions: '<=5.2.0',
109 silly audit report       cwe: [Array],
109 silly audit report       cvss: [Object]
109 silly audit report     }
109 silly audit report   ]
109 silly audit report }
110 silly packumentCache corgi:https://registry.npmjs.org/postcss cache-miss
111 silly packumentCache corgi:https://registry.npmjs.org/axios cache-miss
112 silly packumentCache corgi:https://registry.npmjs.org/cross-spawn cache-miss
113 silly packumentCache corgi:https://registry.npmjs.org/esbuild cache-miss
114 silly packumentCache corgi:https://registry.npmjs.org/webpack-dev-server cache-miss
115 http fetch GET 200 https://registry.npmjs.org/why-is-node-running/-/why-is-node-running-2.3.0.tgz 2442ms (cache revalidated)
116 http fetch GET 200 https://registry.npmjs.org/yorkie/-/yorkie-2.0.0.tgz 2541ms (cache revalidated)
117 http fetch GET 200 https://registry.npmjs.org/which/-/which-1.3.1.tgz 2579ms (cache revalidated)
118 http fetch GET 200 https://registry.npmjs.org/xml-name-validator/-/xml-name-validator-4.0.0.tgz 2629ms (cache revalidated)
119 http fetch GET 200 https://registry.npmjs.org/wildcard/-/wildcard-2.0.1.tgz 2821ms (cache revalidated)
120 http fetch GET 200 https://registry.npmjs.org/whatwg-mimetype/-/whatwg-mimetype-3.0.0.tgz 2821ms (cache revalidated)
121 http fetch GET 200 https://registry.npmjs.org/word-wrap/-/word-wrap-1.2.5.tgz 2822ms (cache revalidated)
122 http fetch GET 200 https://registry.npmjs.org/websocket-extensions/-/websocket-extensions-0.1.4.tgz 3134ms (cache revalidated)
123 http fetch GET 200 https://registry.npmjs.org/whatwg-url/-/whatwg-url-5.0.0.tgz 3135ms (cache revalidated)
124 http fetch GET 200 https://registry.npmjs.org/which-collection/-/which-collection-1.0.2.tgz 3135ms (cache revalidated)
125 http fetch GET 200 https://registry.npmjs.org/yoctocolors-cjs/-/yoctocolors-cjs-2.1.3.tgz 3331ms (cache revalidated)
126 http fetch GET 200 https://registry.npmjs.org/yargs-parser/-/yargs-parser-20.2.9.tgz 3384ms (cache revalidated)
127 http fetch GET 200 https://registry.npmjs.org/yaml/-/yaml-1.10.2.tgz 3385ms (cache revalidated)
128 http fetch GET 200 https://registry.npmjs.org/whatwg-fetch/-/whatwg-fetch-3.6.20.tgz 3382ms (cache revalidated)
129 http fetch GET 200 https://registry.npmjs.org/webpack-virtual-modules/-/webpack-virtual-modules-0.4.6.tgz 3382ms (cache revalidated)
130 http fetch GET 200 https://registry.npmjs.org/whatwg-encoding/-/whatwg-encoding-2.0.0.tgz 3425ms (cache revalidated)
131 warn deprecated whatwg-encoding@2.0.0: Use @exodus/bytes instead for a more spec-conformant and faster implementation
132 http fetch GET 200 https://registry.npmjs.org/yallist/-/yallist-3.1.1.tgz 3456ms (cache revalidated)
133 http fetch GET 200 https://registry.npmjs.org/y18n/-/y18n-5.0.8.tgz 3491ms (cache revalidated)
134 http fetch GET 200 https://registry.npmjs.org/yargs/-/yargs-16.2.0.tgz 3502ms (cache revalidated)
135 http fetch GET 200 https://registry.npmjs.org/webpack-dev-middleware/-/webpack-dev-middleware-5.3.4.tgz 3517ms (cache revalidated)
136 http fetch GET 200 https://registry.npmjs.org/websocket-driver/-/websocket-driver-0.7.4.tgz 3522ms (cache revalidated)
137 http fetch GET 200 https://registry.npmjs.org/webpack-sources/-/webpack-sources-3.3.3.tgz 3541ms (cache revalidated)
138 http fetch GET 200 https://registry.npmjs.org/webpack/-/webpack-5.105.0.tgz 3562ms (cache revalidated)
139 http fetch GET 200 https://registry.npmjs.org/wcwidth/-/wcwidth-1.0.1.tgz 3624ms (cache revalidated)
140 http fetch GET 200 https://registry.npmjs.org/xmlchars/-/xmlchars-2.2.0.tgz 3634ms (cache revalidated)
141 http fetch GET 200 https://registry.npmjs.org/webpack-merge/-/webpack-merge-5.10.0.tgz 3638ms (cache revalidated)
142 http fetch GET 200 https://registry.npmjs.org/wbuf/-/wbuf-1.7.3.tgz 3638ms (cache revalidated)
143 http fetch GET 200 https://registry.npmjs.org/webpack-bundle-analyzer/-/webpack-bundle-analyzer-4.10.2.tgz 3642ms (cache revalidated)
144 http fetch GET 200 https://registry.npmjs.org/vue-style-loader/-/vue-style-loader-4.1.3.tgz 3644ms (cache revalidated)
145 http fetch GET 200 https://registry.npmjs.org/webidl-conversions/-/webidl-conversions-3.0.1.tgz 3645ms (cache revalidated)
146 http fetch GET 200 https://registry.npmjs.org/webpack-chain/-/webpack-chain-6.5.1.tgz 3650ms (cache revalidated)
147 http fetch GET 200 https://registry.npmjs.org/w3c-xmlserializer/-/w3c-xmlserializer-4.0.0.tgz 3658ms (cache revalidated)
148 warn deprecated webpack-chain@6.5.1: Package no longer supported. Contact Support at https://www.npmjs.com/support for more info.
149 http fetch GET 200 https://registry.npmjs.org/vue-template-es2015-compiler/-/vue-template-es2015-compiler-1.9.1.tgz 3725ms (cache revalidated)
150 http fetch GET 200 https://registry.npmjs.org/yocto-queue/-/yocto-queue-1.2.2.tgz 3734ms (cache revalidated)
151 http fetch GET 200 https://registry.npmjs.org/webpack-dev-server/-/webpack-dev-server-4.15.2.tgz 3731ms (cache revalidated)
152 http fetch GET 200 https://registry.npmjs.org/vue-component-type-helpers/-/vue-component-type-helpers-2.2.12.tgz 3734ms (cache revalidated)
153 http fetch GET 200 https://registry.npmjs.org/vue-hot-reload-api/-/vue-hot-reload-api-2.3.4.tgz 3735ms (cache revalidated)
154 http fetch GET 200 https://registry.npmjs.org/vue-loader/-/vue-loader-17.4.2.tgz 3740ms (cache revalidated)
155 http fetch GET 200 https://registry.npmjs.org/vue-router/-/vue-router-4.6.4.tgz 3745ms (cache revalidated)
156 http fetch GET 200 https://registry.npmjs.org/watchpack/-/watchpack-2.4.4.tgz 3747ms (cache revalidated)
157 http fetch GET 200 https://registry.npmjs.org/vite/-/vite-5.4.21.tgz 3754ms (cache revalidated)
158 http fetch GET 200 https://registry.npmjs.org/util-deprecate/-/util-deprecate-1.0.2.tgz 3766ms (cache revalidated)
159 http fetch GET 200 https://registry.npmjs.org/ws/-/ws-7.5.10.tgz 3825ms (cache revalidated)
160 http fetch GET 200 https://registry.npmjs.org/vue-i18n/-/vue-i18n-9.14.5.tgz 3825ms (cache revalidated)
161 http fetch GET 200 https://registry.npmjs.org/vue/-/vue-3.5.25.tgz 3834ms (cache revalidated)
162 http fetch GET 200 https://registry.npmjs.org/v8-compile-cache/-/v8-compile-cache-2.4.0.tgz 3838ms (cache revalidated)
163 http fetch GET 200 https://registry.npmjs.org/vitest/-/vitest-1.6.1.tgz 3843ms (cache revalidated)
164 http fetch GET 200 https://registry.npmjs.org/vary/-/vary-1.1.2.tgz 3846ms (cache revalidated)
165 http fetch GET 200 https://registry.npmjs.org/vite-node/-/vite-node-1.6.1.tgz 3855ms (cache revalidated)
166 http fetch GET 200 https://registry.npmjs.org/vue-eslint-parser/-/vue-eslint-parser-8.3.0.tgz 3860ms (cache revalidated)
167 http fetch GET 200 https://registry.npmjs.org/utila/-/utila-0.4.0.tgz 3865ms (cache revalidated)
168 http fetch GET 200 https://registry.npmjs.org/unpipe/-/unpipe-1.0.0.tgz 3902ms (cache revalidated)
169 http fetch GET 200 https://registry.npmjs.org/which-typed-array/-/which-typed-array-1.1.20.tgz 3915ms (cache revalidated)
170 http fetch GET 200 https://registry.npmjs.org/wrappy/-/wrappy-1.0.2.tgz 3918ms (cache revalidated)
171 http fetch GET 200 https://registry.npmjs.org/validate-npm-package-license/-/validate-npm-package-license-3.0.4.tgz 3912ms (cache revalidated)
172 http fetch GET 200 https://registry.npmjs.org/which-boxed-primitive/-/which-boxed-primitive-1.1.1.tgz 3920ms (cache revalidated)
173 warn deprecated vue-i18n@9.14.5: v9 and v10 no longer supported. please migrate to v11. about maintenance status, see https://vue-i18n.intlify.dev/guide/maintenance.html
174 http fetch GET 200 https://registry.npmjs.org/unicode-property-aliases-ecmascript/-/unicode-property-aliases-ecmascript-2.2.0.tgz 3946ms (cache revalidated)
175 http fetch GET 200 https://registry.npmjs.org/uuid/-/uuid-8.3.2.tgz 3948ms (cache revalidated)
176 http fetch GET 200 https://registry.npmjs.org/until-async/-/until-async-3.0.2.tgz 4132ms (cache revalidated)
177 http fetch GET 200 https://registry.npmjs.org/universalify/-/universalify-2.0.1.tgz 4133ms (cache revalidated)
178 http fetch GET 200 https://registry.npmjs.org/update-browserslist-db/-/update-browserslist-db-1.2.2.tgz 4133ms (cache revalidated)
179 http fetch GET 200 https://registry.npmjs.org/uri-js/-/uri-js-4.4.1.tgz 4178ms (cache revalidated)
180 http fetch GET 200 https://registry.npmjs.org/url-parse/-/url-parse-1.5.10.tgz 4178ms (cache revalidated)
181 http fetch GET 200 https://registry.npmjs.org/ufo/-/ufo-1.6.3.tgz 4181ms (cache revalidated)
182 http fetch GET 200 https://registry.npmjs.org/utils-merge/-/utils-merge-1.0.1.tgz 4184ms (cache revalidated)
183 http fetch GET 200 https://registry.npmjs.org/wrap-ansi/-/wrap-ansi-7.0.0.tgz 4189ms (cache revalidated)
184 http fetch GET 200 https://registry.npmjs.org/type-detect/-/type-detect-4.0.8.tgz 4188ms (cache revalidated)
185 http fetch GET 200 https://registry.npmjs.org/type-is/-/type-is-1.6.18.tgz 4188ms (cache revalidated)
186 http fetch GET 200 https://registry.npmjs.org/undici-types/-/undici-types-7.16.0.tgz 4228ms (cache revalidated)
187 http fetch GET 200 https://registry.npmjs.org/unicode-canonical-property-names-ecmascript/-/unicode-canonical-property-names-ecmascript-2.0.1.tgz 4228ms (cache revalidated)
188 http fetch GET 200 https://registry.npmjs.org/tr46/-/tr46-0.0.3.tgz 4424ms (cache revalidated)
189 http fetch GET 200 https://registry.npmjs.org/type-check/-/type-check-0.4.0.tgz 4426ms (cache revalidated)
190 http fetch GET 200 https://registry.npmjs.org/unicode-match-property-value-ecmascript/-/unicode-match-property-value-ecmascript-2.2.1.tgz 4426ms (cache revalidated)
191 http fetch GET 200 https://registry.npmjs.org/type-fest/-/type-fest-0.6.0.tgz 4427ms (cache revalidated)
192 http fetch GET 200 https://registry.npmjs.org/tough-cookie/-/tough-cookie-4.1.4.tgz 4426ms (cache revalidated)
193 http fetch GET 200 https://registry.npmjs.org/tslib/-/tslib-2.8.1.tgz 4427ms (cache revalidated)
194 http fetch GET 200 https://registry.npmjs.org/tweetnacl/-/tweetnacl-1.0.3.tgz 4428ms (cache revalidated)
195 http fetch GET 200 https://registry.npmjs.org/to-regex-range/-/to-regex-range-5.0.1.tgz 4427ms (cache revalidated)
196 http fetch GET 200 https://registry.npmjs.org/totalist/-/totalist-3.0.1.tgz 4428ms (cache revalidated)
197 http fetch GET 200 https://registry.npmjs.org/unicode-match-property-ecmascript/-/unicode-match-property-ecmascript-2.0.0.tgz 4430ms (cache revalidated)
198 http fetch GET 200 https://registry.npmjs.org/tinyspy/-/tinyspy-2.2.1.tgz 4427ms (cache revalidated)
199 http fetch GET 200 https://registry.npmjs.org/tldts/-/tldts-6.1.86.tgz 4435ms (cache revalidated)
200 http fetch GET 200 https://registry.npmjs.org/tldts-core/-/tldts-core-6.1.86.tgz 4436ms (cache revalidated)
201 http fetch GET 200 https://registry.npmjs.org/toidentifier/-/toidentifier-1.0.1.tgz 4436ms (cache revalidated)
202 http fetch GET 200 https://registry.npmjs.org/tinypool/-/tinypool-0.8.4.tgz 4436ms (cache revalidated)
203 http fetch GET 200 https://registry.npmjs.org/thread-loader/-/thread-loader-3.0.4.tgz 4637ms (cache revalidated)
204 http fetch GET 200 https://registry.npmjs.org/tinybench/-/tinybench-2.9.0.tgz 4687ms (cache revalidated)
205 http fetch GET 200 https://registry.npmjs.org/test-exclude/-/test-exclude-6.0.0.tgz 4686ms (cache revalidated)
206 http fetch GET 200 https://registry.npmjs.org/stylehacks/-/stylehacks-5.1.1.tgz 4686ms (cache revalidated)
207 http fetch GET 200 https://registry.npmjs.org/terser/-/terser-5.44.1.tgz 4691ms (cache revalidated)
208 http fetch GET 200 https://registry.npmjs.org/thenify-all/-/thenify-all-1.6.0.tgz 4692ms (cache revalidated)
209 http fetch GET 200 https://registry.npmjs.org/terser-webpack-plugin/-/terser-webpack-plugin-5.3.16.tgz 4694ms (cache revalidated)
210 http fetch GET 200 https://registry.npmjs.org/tagged-tag/-/tagged-tag-1.0.0.tgz 4693ms (cache revalidated)
211 http fetch GET 200 https://registry.npmjs.org/table/-/table-6.9.0.tgz 4695ms (cache revalidated)
212 http fetch GET 200 https://registry.npmjs.org/tapable/-/tapable-2.3.0.tgz 4696ms (cache revalidated)
213 http fetch GET 200 https://registry.npmjs.org/thunky/-/thunky-1.1.0.tgz 4702ms (cache revalidated)
214 http fetch GET 200 https://registry.npmjs.org/thenify/-/thenify-3.3.1.tgz 4702ms (cache revalidated)
215 http fetch GET 200 https://registry.npmjs.org/superjson/-/superjson-2.2.6.tgz 4702ms (cache revalidated)
216 http fetch GET 200 https://registry.npmjs.org/symbol-tree/-/symbol-tree-3.2.4.tgz 4703ms (cache revalidated)
217 http fetch GET 200 https://registry.npmjs.org/svgo/-/svgo-2.8.0.tgz 4706ms (cache revalidated)
218 http fetch GET 200 https://registry.npmjs.org/svg-tags/-/svg-tags-1.0.0.tgz 4740ms (cache revalidated)
219 http fetch GET 200 https://registry.npmjs.org/strip-json-comments/-/strip-json-comments-3.1.1.tgz 4769ms (cache revalidated)
220 http fetch GET 200 https://registry.npmjs.org/wrap-ansi/-/wrap-ansi-7.0.0.tgz 4784ms (cache revalidated)
221 http fetch GET 200 https://registry.npmjs.org/supports-color/-/supports-color-7.2.0.tgz 4774ms (cache revalidated)
222 http fetch GET 200 https://registry.npmjs.org/strip-indent/-/strip-indent-2.0.0.tgz 4778ms (cache revalidated)
223 http fetch GET 200 https://registry.npmjs.org/strip-ansi/-/strip-ansi-6.0.1.tgz 4780ms (cache revalidated)
224 http fetch GET 200 https://registry.npmjs.org/text-table/-/text-table-0.2.0.tgz 4782ms (cache revalidated)
225 http fetch GET 200 https://registry.npmjs.org/std-env/-/std-env-3.10.0.tgz 4783ms (cache revalidated)
226 http fetch GET 200 https://registry.npmjs.org/strip-literal/-/strip-literal-2.1.1.tgz 4787ms (cache revalidated)
227 http fetch GET 200 https://registry.npmjs.org/string-width/-/string-width-4.2.3.tgz 4788ms (cache revalidated)
228 http fetch GET 200 https://registry.npmjs.org/string_decoder/-/string_decoder-1.3.0.tgz 4793ms (cache revalidated)
229 http fetch GET 200 https://registry.npmjs.org/strip-ansi/-/strip-ansi-6.0.1.tgz 4801ms (cache revalidated)
230 http fetch GET 200 https://registry.npmjs.org/strip-eof/-/strip-eof-1.0.0.tgz 4806ms (cache revalidated)
231 http fetch GET 200 https://registry.npmjs.org/stackframe/-/stackframe-1.3.4.tgz 4811ms (cache revalidated)
232 http fetch GET 200 https://registry.npmjs.org/statuses/-/statuses-2.0.2.tgz 4816ms (cache revalidated)
233 http fetch GET 200 https://registry.npmjs.org/stop-iteration-iterator/-/stop-iteration-iterator-1.1.0.tgz 4840ms (cache revalidated)
234 http fetch GET 200 https://registry.npmjs.org/strip-final-newline/-/strip-final-newline-2.0.0.tgz 4869ms (cache revalidated)
235 http fetch GET 200 https://registry.npmjs.org/spdx-license-ids/-/spdx-license-ids-3.0.22.tgz 4867ms (cache revalidated)
236 http fetch GET 200 https://registry.npmjs.org/stackback/-/stackback-0.0.2.tgz 4874ms (cache revalidated)
237 http fetch GET 200 https://registry.npmjs.org/ssri/-/ssri-8.0.1.tgz 4875ms (cache revalidated)
238 http fetch GET 200 https://registry.npmjs.org/stable/-/stable-0.1.8.tgz 4879ms (cache revalidated)
239 warn deprecated stable@0.1.8: Modern JS already guarantees Array#sort() is a stable sort, so this library is deprecated. See the compatibility table on MDN: https://developer.mozilla.org/en-US/docs/Web/JavaScript/Reference/Global_Objects/Array/sort#browser_compatibility
240 http fetch GET 200 https://registry.npmjs.org/string-width/-/string-width-4.2.3.tgz 4886ms (cache revalidated)
241 http fetch GET 200 https://registry.npmjs.org/stack-utils/-/stack-utils-2.0.6.tgz 4885ms (cache revalidated)
242 http fetch GET 200 https://registry.npmjs.org/spdx-exceptions/-/spdx-exceptions-2.5.0.tgz 4885ms (cache revalidated)
243 http fetch GET 200 https://registry.npmjs.org/spdx-expression-parse/-/spdx-expression-parse-3.0.1.tgz 4890ms (cache revalidated)
244 http fetch GET 200 https://registry.npmjs.org/spdy-transport/-/spdy-transport-3.0.0.tgz 4895ms (cache revalidated)
245 http fetch GET 200 https://registry.npmjs.org/speakingurl/-/speakingurl-14.0.1.tgz 4899ms (cache revalidated)
246 http fetch GET 200 https://registry.npmjs.org/supports-preserve-symlinks-flag/-/supports-preserve-symlinks-flag-1.0.0.tgz 4916ms (cache revalidated)
247 http fetch GET 200 https://registry.npmjs.org/spdy/-/spdy-4.0.2.tgz 4915ms (cache revalidated)
248 http fetch GET 200 https://registry.npmjs.org/slice-ansi/-/slice-ansi-4.0.0.tgz 4917ms (cache revalidated)
249 http fetch GET 200 https://registry.npmjs.org/spdx-correct/-/spdx-correct-3.2.0.tgz 4933ms (cache revalidated)
250 http fetch GET 200 https://registry.npmjs.org/strict-event-emitter/-/strict-event-emitter-0.5.1.tgz 4966ms (cache revalidated)
251 http fetch GET 200 https://registry.npmjs.org/sockjs/-/sockjs-0.3.24.tgz 4970ms (cache revalidated)
252 http fetch GET 200 https://registry.npmjs.org/sirv/-/sirv-2.0.4.tgz 4975ms (cache revalidated)
253 http fetch GET 200 https://registry.npmjs.org/source-map-js/-/source-map-js-1.2.1.tgz 4979ms (cache revalidated)
254 http fetch GET 200 https://registry.npmjs.org/sprintf-js/-/sprintf-js-1.0.3.tgz 5002ms (cache revalidated)
255 http fetch GET 200 https://registry.npmjs.org/source-map/-/source-map-0.6.1.tgz 5012ms (cache revalidated)
256 http fetch GET 200 https://registry.npmjs.org/shallow-clone/-/shallow-clone-3.0.1.tgz 5026ms (cache revalidated)
257 http fetch GET 200 https://registry.npmjs.org/side-channel-list/-/side-channel-list-1.0.0.tgz 5175ms (cache revalidated)
258 http fetch GET 200 https://registry.npmjs.org/source-map-support/-/source-map-support-0.5.21.tgz 5177ms (cache revalidated)
259 http fetch GET 200 https://registry.npmjs.org/side-channel/-/side-channel-1.1.0.tgz 5176ms (cache revalidated)
260 http fetch GET 200 https://registry.npmjs.org/siginfo/-/siginfo-2.0.0.tgz 5176ms (cache revalidated)
261 http fetch GET 200 https://registry.npmjs.org/serve-static/-/serve-static-1.16.2.tgz 5176ms (cache revalidated)
262 http fetch GET 200 https://registry.npmjs.org/slash/-/slash-3.0.0.tgz 5177ms (cache revalidated)
263 http fetch GET 200 https://registry.npmjs.org/signal-exit/-/signal-exit-3.0.7.tgz 5177ms (cache revalidated)
264 http fetch GET 200 https://registry.npmjs.org/shell-quote/-/shell-quote-1.8.3.tgz 5208ms (cache revalidated)
265 http fetch GET 200 https://registry.npmjs.org/shebang-command/-/shebang-command-1.2.0.tgz 5208ms (cache revalidated)
266 http fetch GET 200 https://registry.npmjs.org/setprototypeof/-/setprototypeof-1.2.0.tgz 5208ms (cache revalidated)
267 http fetch GET 200 https://registry.npmjs.org/side-channel-weakmap/-/side-channel-weakmap-1.0.2.tgz 5210ms (cache revalidated)
268 http fetch GET 200 https://registry.npmjs.org/set-function-name/-/set-function-name-2.0.2.tgz 5209ms (cache revalidated)
269 http fetch GET 200 https://registry.npmjs.org/semver/-/semver-6.3.1.tgz 5209ms (cache revalidated)
270 http fetch GET 200 https://registry.npmjs.org/serialize-javascript/-/serialize-javascript-6.0.2.tgz 5210ms (cache revalidated)
271 http fetch GET 200 https://registry.npmjs.org/side-channel-map/-/side-channel-map-1.0.1.tgz 5210ms (cache revalidated)
272 http fetch GET 200 https://registry.npmjs.org/serve-index/-/serve-index-1.9.1.tgz 5472ms (cache revalidated)
273 http fetch GET 200 https://registry.npmjs.org/saxes/-/saxes-6.0.0.tgz 5472ms (cache revalidated)
274 http fetch GET 200 https://registry.npmjs.org/set-function-length/-/set-function-length-1.2.2.tgz 5472ms (cache revalidated)
275 http fetch GET 200 https://registry.npmjs.org/safer-buffer/-/safer-buffer-2.1.2.tgz 5491ms (cache revalidated)
276 http fetch GET 200 https://registry.npmjs.org/select-hose/-/select-hose-2.0.0.tgz 5527ms (cache revalidated)
277 http fetch GET 200 https://registry.npmjs.org/rimraf/-/rimraf-3.0.2.tgz 5527ms (cache revalidated)
278 http fetch GET 200 https://registry.npmjs.org/shebang-regex/-/shebang-regex-1.0.0.tgz 5529ms (cache revalidated)
279 http fetch GET 200 https://registry.npmjs.org/rfdc/-/rfdc-1.4.1.tgz 5527ms (cache revalidated)
280 http fetch GET 200 https://registry.npmjs.org/selfsigned/-/selfsigned-2.4.1.tgz 5528ms (cache revalidated)
281 http fetch GET 200 https://registry.npmjs.org/rollup/-/rollup-4.57.1.tgz 5532ms (cache revalidated)
282 http fetch GET 200 https://registry.npmjs.org/send/-/send-0.19.1.tgz 5534ms (cache revalidated)
283 http fetch GET 200 https://registry.npmjs.org/safe-regex-test/-/safe-regex-test-1.1.0.tgz 5540ms (cache revalidated)
284 http fetch GET 200 https://registry.npmjs.org/safe-buffer/-/safe-buffer-5.2.1.tgz 5539ms (cache revalidated)
285 http fetch GET 200 https://registry.npmjs.org/run-parallel/-/run-parallel-1.2.0.tgz 5540ms (cache revalidated)
286 http fetch GET 200 https://registry.npmjs.org/schema-utils/-/schema-utils-2.7.1.tgz 5541ms (cache revalidated)
287 warn deprecated rimraf@3.0.2: Rimraf versions prior to v4 are no longer supported
288 http fetch GET 200 https://registry.npmjs.org/resolve-from/-/resolve-from-4.0.0.tgz 6101ms (cache revalidated)
289 http fetch GET 200 https://registry.npmjs.org/rrweb-cssom/-/rrweb-cssom-0.6.0.tgz 6102ms (cache revalidated)
290 http fetch GET 200 https://registry.npmjs.org/require-from-string/-/require-from-string-2.0.2.tgz 6101ms (cache revalidated)
291 http fetch GET 200 https://registry.npmjs.org/resolve/-/resolve-1.22.11.tgz 6102ms (cache revalidated)
292 http fetch GET 200 https://registry.npmjs.org/reusify/-/reusify-1.1.0.tgz 6103ms (cache revalidated)
293 http fetch GET 200 https://registry.npmjs.org/regexpu-core/-/regexpu-core-6.4.0.tgz 6102ms (cache revalidated)
294 http fetch GET 200 https://registry.npmjs.org/restore-cursor/-/restore-cursor-3.1.0.tgz 6103ms (cache revalidated)
295 http fetch GET 200 https://registry.npmjs.org/requires-port/-/requires-port-1.0.0.tgz 6103ms (cache revalidated)
296 http fetch GET 200 https://registry.npmjs.org/require-directory/-/require-directory-2.1.1.tgz 6203ms (cache revalidated)
297 http fetch GET 200 https://registry.npmjs.org/rettime/-/rettime-0.10.1.tgz 6205ms (cache revalidated)
298 http fetch GET 200 https://registry.npmjs.org/retry/-/retry-0.13.1.tgz 6205ms (cache revalidated)
299 http fetch GET 200 https://registry.npmjs.org/regjsparser/-/regjsparser-0.13.0.tgz 6205ms (cache revalidated)
300 http fetch GET 200 https://registry.npmjs.org/readdirp/-/readdirp-3.6.0.tgz 6204ms (cache revalidated)
301 http fetch GET 200 https://registry.npmjs.org/regjsgen/-/regjsgen-0.8.0.tgz 6205ms (cache revalidated)
302 http fetch GET 200 https://registry.npmjs.org/regexpp/-/regexpp-3.2.0.tgz 6205ms (cache revalidated)
303 http fetch GET 200 https://registry.npmjs.org/renderkid/-/renderkid-3.0.0.tgz 6538ms (cache revalidated)
304 http fetch GET 200 https://registry.npmjs.org/range-parser/-/range-parser-1.2.1.tgz 6533ms (cache revalidated)
305 http fetch GET 200 https://registry.npmjs.org/regenerate/-/regenerate-1.4.2.tgz 6537ms (cache revalidated)
306 http fetch GET 200 https://registry.npmjs.org/readable-stream/-/readable-stream-3.6.2.tgz 6538ms (cache revalidated)
307 http fetch GET 200 https://registry.npmjs.org/raw-body/-/raw-body-2.5.3.tgz 6535ms (cache revalidated)
308 http fetch GET 200 https://registry.npmjs.org/read-pkg/-/read-pkg-5.2.0.tgz 6535ms (cache revalidated)
309 http fetch GET 200 https://registry.npmjs.org/pusher-js/-/pusher-js-8.4.0.tgz 6550ms (cache revalidated)
310 http fetch GET 200 https://registry.npmjs.org/react-is/-/react-is-18.3.1.tgz 6551ms (cache revalidated)
311 http fetch GET 200 https://registry.npmjs.org/randombytes/-/randombytes-2.1.0.tgz 6551ms (cache revalidated)
312 http fetch GET 200 https://registry.npmjs.org/regexp.prototype.flags/-/regexp.prototype.flags-1.5.4.tgz 6555ms (cache revalidated)
313 http fetch GET 200 https://registry.npmjs.org/queue-microtask/-/queue-microtask-1.2.3.tgz 6693ms (cache revalidated)
314 http fetch GET 200 https://registry.npmjs.org/qs/-/qs-6.14.1.tgz 6694ms (cache revalidated)
315 http fetch GET 200 https://registry.npmjs.org/punycode/-/punycode-2.3.1.tgz 6694ms (cache revalidated)
316 http fetch GET 200 https://registry.npmjs.org/regenerate-unicode-properties/-/regenerate-unicode-properties-10.2.2.tgz 6703ms (cache revalidated)
317 http fetch GET 200 https://registry.npmjs.org/read-pkg-up/-/read-pkg-up-7.0.1.tgz 6706ms (cache revalidated)
318 http fetch GET 200 https://registry.npmjs.org/proxy-from-env/-/proxy-from-env-1.1.0.tgz 6761ms (cache revalidated)
319 http fetch GET 200 https://registry.npmjs.org/querystringify/-/querystringify-2.2.0.tgz 6763ms (cache revalidated)
320 http fetch GET 200 https://registry.npmjs.org/progress/-/progress-2.0.3.tgz 6762ms (cache revalidated)
321 http fetch GET 200 https://registry.npmjs.org/proxy-addr/-/proxy-addr-2.0.7.tgz 6763ms (cache revalidated)
322 http fetch GET 200 https://registry.npmjs.org/relateurl/-/relateurl-0.2.7.tgz 6769ms (cache revalidated)
323 http fetch GET 200 https://registry.npmjs.org/proto-list/-/proto-list-1.2.4.tgz 6764ms (cache revalidated)
324 http fetch GET 200 https://registry.npmjs.org/pump/-/pump-3.0.3.tgz 6765ms (cache revalidated)
325 http fetch GET 200 https://registry.npmjs.org/pretty-error/-/pretty-error-4.0.0.tgz 6764ms (cache revalidated)
326 http fetch GET 200 https://registry.npmjs.org/progress-webpack-plugin/-/progress-webpack-plugin-1.0.16.tgz 6765ms (cache revalidated)
327 http fetch GET 200 https://registry.npmjs.org/psl/-/psl-1.15.0.tgz 6767ms (cache revalidated)
328 http fetch GET 200 https://registry.npmjs.org/postcss-svgo/-/postcss-svgo-5.1.0.tgz 6818ms (cache revalidated)
329 http fetch GET 200 https://registry.npmjs.org/prettier-linter-helpers/-/prettier-linter-helpers-1.0.0.tgz 6826ms (cache revalidated)
330 http fetch GET 200 https://registry.npmjs.org/pretty-format/-/pretty-format-30.2.0.tgz 6831ms (cache revalidated)
331 http fetch GET 200 https://registry.npmjs.org/pseudomap/-/pseudomap-1.0.2.tgz 6843ms (cache revalidated)
332 http fetch GET 200 https://registry.npmjs.org/postcss-value-parser/-/postcss-value-parser-4.2.0.tgz 6855ms (cache revalidated)
333 http fetch GET 200 https://registry.npmjs.org/postcss-reduce-transforms/-/postcss-reduce-transforms-5.1.0.tgz 6868ms (cache revalidated)
334 http fetch GET 200 https://registry.npmjs.org/postcss-normalize-whitespace/-/postcss-normalize-whitespace-5.1.1.tgz 6911ms (cache revalidated)
335 http fetch GET 200 https://registry.npmjs.org/prettier/-/prettier-2.8.8.tgz 6941ms (cache revalidated)
336 http fetch GET 200 https://registry.npmjs.org/postcss-reduce-initial/-/postcss-reduce-initial-5.1.2.tgz 6946ms (cache revalidated)
337 http fetch GET 200 https://registry.npmjs.org/postcss-normalize-url/-/postcss-normalize-url-5.1.0.tgz 6946ms (cache revalidated)
338 http fetch GET 200 https://registry.npmjs.org/postcss-ordered-values/-/postcss-ordered-values-5.1.3.tgz 6946ms (cache revalidated)
339 http fetch GET 200 https://registry.npmjs.org/postcss-normalize-unicode/-/postcss-normalize-unicode-5.1.1.tgz 6946ms (cache revalidated)
340 http fetch GET 200 https://registry.npmjs.org/postcss-normalize-timing-functions/-/postcss-normalize-timing-functions-5.1.0.tgz 7109ms (cache revalidated)
341 http fetch GET 200 https://registry.npmjs.org/postcss-selector-parser/-/postcss-selector-parser-6.1.2.tgz 7111ms (cache revalidated)
342 http fetch GET 200 https://registry.npmjs.org/prelude-ls/-/prelude-ls-1.2.1.tgz 7111ms (cache revalidated)
343 http fetch GET 200 https://registry.npmjs.org/postcss-normalize-charset/-/postcss-normalize-charset-5.1.0.tgz 7109ms (cache revalidated)
344 http fetch GET 200 https://registry.npmjs.org/postcss-normalize-display-values/-/postcss-normalize-display-values-5.1.0.tgz 7111ms (cache revalidated)
345 http fetch GET 200 https://registry.npmjs.org/postcss-modules-scope/-/postcss-modules-scope-3.2.1.tgz 7110ms (cache revalidated)
346 http fetch GET 200 https://registry.npmjs.org/postcss-unique-selectors/-/postcss-unique-selectors-5.1.1.tgz 7112ms (cache revalidated)
347 http fetch GET 200 https://registry.npmjs.org/postcss-modules-local-by-default/-/postcss-modules-local-by-default-4.2.0.tgz 7110ms (cache revalidated)
348 http fetch GET 200 https://registry.npmjs.org/postcss-normalize-string/-/postcss-normalize-string-5.1.0.tgz 7112ms (cache revalidated)
349 http fetch GET 200 https://registry.npmjs.org/postcss-normalize-positions/-/postcss-normalize-positions-5.1.1.tgz 7111ms (cache revalidated)
350 http fetch GET 200 https://registry.npmjs.org/postcss-modules-values/-/postcss-modules-values-4.0.0.tgz 7111ms (cache revalidated)
351 http fetch GET 200 https://registry.npmjs.org/postcss-minify-params/-/postcss-minify-params-5.1.4.tgz 7111ms (cache revalidated)
352 http fetch GET 200 https://registry.npmjs.org/postcss-normalize-repeat-style/-/postcss-normalize-repeat-style-5.1.1.tgz 7134ms (cache revalidated)
353 http fetch GET 200 https://registry.npmjs.org/postcss-discard-empty/-/postcss-discard-empty-5.1.1.tgz 7133ms (cache revalidated)
354 http fetch GET 200 https://registry.npmjs.org/process-nextick-args/-/process-nextick-args-2.0.1.tgz 7136ms (cache revalidated)
355 http fetch GET 200 https://registry.npmjs.org/postcss-modules-extract-imports/-/postcss-modules-extract-imports-3.1.0.tgz 7221ms (cache revalidated)
356 http fetch GET 200 https://registry.npmjs.org/postcss-merge-longhand/-/postcss-merge-longhand-5.1.7.tgz 7227ms (cache revalidated)
357 http fetch GET 200 https://registry.npmjs.org/postcss-discard-overridden/-/postcss-discard-overridden-5.1.0.tgz 7273ms (cache revalidated)
358 http fetch GET 200 https://registry.npmjs.org/postcss-minify-selectors/-/postcss-minify-selectors-5.2.1.tgz 7281ms (cache revalidated)
359 http fetch GET 200 https://registry.npmjs.org/postcss-loader/-/postcss-loader-6.2.1.tgz 7280ms (cache revalidated)
360 http fetch GET 200 https://registry.npmjs.org/postcss-minify-gradients/-/postcss-minify-gradients-5.1.1.tgz 7281ms (cache revalidated)
361 http fetch GET 200 https://registry.npmjs.org/postcss-calc/-/postcss-calc-8.2.4.tgz 7287ms (cache revalidated)
362 http fetch GET 200 https://registry.npmjs.org/postcss-minify-font-values/-/postcss-minify-font-values-5.1.0.tgz 7287ms (cache revalidated)
363 http fetch GET 200 https://registry.npmjs.org/postcss-discard-duplicates/-/postcss-discard-duplicates-5.1.0.tgz 7296ms (cache revalidated)
364 http fetch GET 200 https://registry.npmjs.org/postcss-discard-comments/-/postcss-discard-comments-5.1.2.tgz 7315ms (cache revalidated)
365 http fetch GET 200 https://registry.npmjs.org/postcss-merge-rules/-/postcss-merge-rules-5.1.4.tgz 7316ms (cache revalidated)
366 http fetch GET 200 https://registry.npmjs.org/postcss-convert-values/-/postcss-convert-values-5.1.3.tgz 7316ms (cache revalidated)
367 http fetch GET 200 https://registry.npmjs.org/possible-typed-array-names/-/possible-typed-array-names-1.1.0.tgz 7315ms (cache revalidated)
368 http fetch GET 200 https://registry.npmjs.org/pinia/-/pinia-3.0.4.tgz 7316ms (cache revalidated)
369 http fetch GET 200 https://registry.npmjs.org/pkg-types/-/pkg-types-1.3.1.tgz 7322ms (cache revalidated)
370 http fetch GET 200 https://registry.npmjs.org/postcss/-/postcss-8.5.6.tgz 7340ms (cache revalidated)
371 http fetch GET 200 https://registry.npmjs.org/pkg-dir/-/pkg-dir-4.2.0.tgz 7340ms (cache revalidated)
372 http fetch GET 200 https://registry.npmjs.org/postcss-colormin/-/postcss-colormin-5.3.1.tgz 7397ms (cache revalidated)
373 http fetch GET 200 https://registry.npmjs.org/picocolors/-/picocolors-1.1.1.tgz 7422ms (cache revalidated)
374 http fetch GET 200 https://registry.npmjs.org/portfinder/-/portfinder-1.0.38.tgz 7527ms (cache revalidated)
375 http fetch GET 200 https://registry.npmjs.org/path-parse/-/path-parse-1.0.7.tgz 7535ms (cache revalidated)
376 http fetch GET 200 https://registry.npmjs.org/path-exists/-/path-exists-4.0.0.tgz 7534ms (cache revalidated)
377 http fetch GET 200 https://registry.npmjs.org/pdf-lib/-/pdf-lib-1.17.1.tgz 7585ms (cache revalidated)
378 http fetch GET 200 https://registry.npmjs.org/parse5/-/parse5-5.1.1.tgz 7594ms (cache revalidated)
379 http fetch GET 200 https://registry.npmjs.org/perfect-debounce/-/perfect-debounce-1.0.0.tgz 7597ms (cache revalidated)
380 http fetch GET 200 https://registry.npmjs.org/path-key/-/path-key-2.0.1.tgz 7596ms (cache revalidated)
381 http fetch GET 200 https://registry.npmjs.org/pathe/-/pathe-1.1.2.tgz 7596ms (cache revalidated)
382 http fetch GET 200 https://registry.npmjs.org/path-type/-/path-type-4.0.0.tgz 7597ms (cache revalidated)
383 http fetch GET 200 https://registry.npmjs.org/parseurl/-/parseurl-1.3.3.tgz 7596ms (cache revalidated)
384 http fetch GET 200 https://registry.npmjs.org/parse-json/-/parse-json-5.2.0.tgz 7596ms (cache revalidated)
385 http fetch GET 200 https://registry.npmjs.org/pathval/-/pathval-1.1.1.tgz 7597ms (cache revalidated)
386 http fetch GET 200 https://registry.npmjs.org/path-to-regexp/-/path-to-regexp-0.1.12.tgz 7598ms (cache revalidated)
387 http fetch GET 200 https://registry.npmjs.org/path-scurry/-/path-scurry-1.11.1.tgz 7599ms (cache revalidated)
388 http fetch GET 200 https://registry.npmjs.org/picomatch/-/picomatch-2.3.1.tgz 7600ms (cache revalidated)
389 http fetch GET 200 https://registry.npmjs.org/param-case/-/param-case-3.0.4.tgz 7654ms (cache revalidated)
390 http fetch GET 200 https://registry.npmjs.org/parse5-htmlparser2-tree-adapter/-/parse5-htmlparser2-tree-adapter-6.0.1.tgz 7701ms (cache revalidated)
391 http fetch GET 200 https://registry.npmjs.org/path-is-absolute/-/path-is-absolute-1.0.1.tgz 7702ms (cache revalidated)
392 http fetch GET 200 https://registry.npmjs.org/pako/-/pako-1.0.11.tgz 7702ms (cache revalidated)
393 http fetch GET 200 https://registry.npmjs.org/p-limit/-/p-limit-2.3.0.tgz 7716ms (cache revalidated)
394 http fetch GET 200 https://registry.npmjs.org/optionator/-/optionator-0.9.4.tgz 7717ms (cache revalidated)
395 http fetch GET 200 https://registry.npmjs.org/parent-module/-/parent-module-1.0.1.tgz 7721ms (cache revalidated)
396 http fetch GET 200 https://registry.npmjs.org/p-finally/-/p-finally-1.0.0.tgz 7731ms (cache revalidated)
397 http fetch GET 200 https://registry.npmjs.org/pascal-case/-/pascal-case-3.1.2.tgz 7732ms (cache revalidated)
398 http fetch GET 200 https://registry.npmjs.org/p-try/-/p-try-2.2.0.tgz 7749ms (cache revalidated)
399 http fetch GET 200 https://registry.npmjs.org/package-json-from-dist/-/package-json-from-dist-1.0.1.tgz 7751ms (cache revalidated)
400 http fetch GET 200 https://registry.npmjs.org/open/-/open-8.4.2.tgz 7750ms (cache revalidated)
401 http fetch GET 200 https://registry.npmjs.org/onetime/-/onetime-5.1.2.tgz 7754ms (cache revalidated)
402 http fetch GET 200 https://registry.npmjs.org/once/-/once-1.4.0.tgz 7753ms (cache revalidated)
403 http fetch GET 200 https://registry.npmjs.org/p-retry/-/p-retry-4.6.2.tgz 7754ms (cache revalidated)
404 http fetch GET 200 https://registry.npmjs.org/outvariant/-/outvariant-1.4.3.tgz 7775ms (cache revalidated)
405 http fetch GET 200 https://registry.npmjs.org/opener/-/opener-1.5.2.tgz 7799ms (cache revalidated)
406 http fetch GET 200 https://registry.npmjs.org/p-locate/-/p-locate-4.1.0.tgz 7822ms (cache revalidated)
407 http fetch GET 200 https://registry.npmjs.org/ora/-/ora-5.4.1.tgz 7821ms (cache revalidated)
408 http fetch GET 200 https://registry.npmjs.org/object-is/-/object-is-1.1.6.tgz 7824ms (cache revalidated)
409 http fetch GET 200 https://registry.npmjs.org/on-headers/-/on-headers-1.1.0.tgz 7824ms (cache revalidated)
410 http fetch GET 200 https://registry.npmjs.org/object-keys/-/object-keys-1.1.1.tgz 7839ms (cache revalidated)
411 http fetch GET 200 https://registry.npmjs.org/on-finished/-/on-finished-2.4.1.tgz 7839ms (cache revalidated)
412 http fetch GET 200 https://registry.npmjs.org/npm-run-path/-/npm-run-path-2.0.2.tgz 7839ms (cache revalidated)
413 http fetch GET 200 https://registry.npmjs.org/object.assign/-/object.assign-4.1.7.tgz 7841ms (cache revalidated)
414 http fetch GET 200 https://registry.npmjs.org/object-assign/-/object-assign-4.1.1.tgz 7846ms (cache revalidated)
415 http fetch GET 200 https://registry.npmjs.org/obuf/-/obuf-1.1.2.tgz 7846ms (cache revalidated)
416 http fetch GET 200 https://registry.npmjs.org/object-inspect/-/object-inspect-1.13.4.tgz 7876ms (cache revalidated)
417 http fetch GET 200 https://registry.npmjs.org/normalize-package-data/-/normalize-package-data-2.5.0.tgz 7875ms (cache revalidated)
418 http fetch GET 200 https://registry.npmjs.org/nth-check/-/nth-check-2.1.1.tgz 7893ms (cache revalidated)
419 http fetch GET 200 https://registry.npmjs.org/normalize-url/-/normalize-url-6.1.0.tgz 7893ms (cache revalidated)
420 http fetch GET 200 https://registry.npmjs.org/nwsapi/-/nwsapi-2.2.23.tgz 7911ms (cache revalidated)
421 http fetch GET 200 https://registry.npmjs.org/node-releases/-/node-releases-2.0.27.tgz 7933ms (cache revalidated)
422 http fetch GET 200 https://registry.npmjs.org/node-forge/-/node-forge-1.3.3.tgz 7937ms (cache revalidated)
423 http fetch GET 200 https://registry.npmjs.org/no-case/-/no-case-3.0.4.tgz 7938ms (cache revalidated)
424 http fetch GET 200 https://registry.npmjs.org/normalize-path/-/normalize-path-3.0.0.tgz 7940ms (cache revalidated)
425 http fetch GET 200 https://registry.npmjs.org/neo-async/-/neo-async-2.6.2.tgz 7945ms (cache revalidated)
426 http fetch GET 200 https://registry.npmjs.org/multicast-dns/-/multicast-dns-7.2.5.tgz 7945ms (cache revalidated)
427 http fetch GET 200 https://registry.npmjs.org/node-fetch/-/node-fetch-2.7.0.tgz 7947ms (cache revalidated)
428 http fetch GET 200 https://registry.npmjs.org/natural-compare/-/natural-compare-1.4.0.tgz 7955ms (cache revalidated)
429 http fetch GET 200 https://registry.npmjs.org/nice-try/-/nice-try-1.0.5.tgz 7957ms (cache revalidated)
430 http fetch GET 200 https://registry.npmjs.org/nopt/-/nopt-7.2.1.tgz 7957ms (cache revalidated)
431 http fetch GET 200 https://registry.npmjs.org/msw/-/msw-2.12.9.tgz 7989ms (cache revalidated)
432 http fetch GET 200 https://registry.npmjs.org/mrmime/-/mrmime-2.0.1.tgz 7994ms (cache revalidated)
433 http fetch GET 200 https://registry.npmjs.org/mz/-/mz-2.7.0.tgz 7996ms (cache revalidated)
434 http fetch GET 200 https://registry.npmjs.org/mitt/-/mitt-3.0.1.tgz 8009ms (cache revalidated)
435 http fetch GET 200 https://registry.npmjs.org/mute-stream/-/mute-stream-2.0.0.tgz 8022ms (cache revalidated)
436 http fetch GET 200 https://registry.npmjs.org/negotiator/-/negotiator-0.6.4.tgz 8044ms (cache revalidated)
437 http fetch GET 200 https://registry.npmjs.org/minipass/-/minipass-3.3.6.tgz 8043ms (cache revalidated)
438 http fetch GET 200 https://registry.npmjs.org/nanoid/-/nanoid-3.3.11.tgz 8050ms (cache revalidated)
439 http fetch GET 200 https://registry.npmjs.org/module-alias/-/module-alias-2.2.3.tgz 8049ms (cache revalidated)
440 http fetch GET 200 https://registry.npmjs.org/minimist/-/minimist-1.2.8.tgz 8050ms (cache revalidated)
441 http fetch GET 200 https://registry.npmjs.org/mlly/-/mlly-1.8.0.tgz 8056ms (cache revalidated)
442 http fetch GET 200 https://registry.npmjs.org/ms/-/ms-2.1.3.tgz 8056ms (cache revalidated)
443 http fetch GET 200 https://registry.npmjs.org/mime-db/-/mime-db-1.52.0.tgz 8056ms (cache revalidated)
444 http fetch GET 200 https://registry.npmjs.org/mime-types/-/mime-types-2.1.35.tgz 8111ms (cache revalidated)
445 http fetch GET 200 https://registry.npmjs.org/methods/-/methods-1.1.2.tgz 8118ms (cache revalidated)
446 http fetch GET 200 https://registry.npmjs.org/mimic-fn/-/mimic-fn-2.1.0.tgz 8120ms (cache revalidated)
447 http fetch GET 200 https://registry.npmjs.org/mini-css-extract-plugin/-/mini-css-extract-plugin-2.9.4.tgz 8122ms (cache revalidated)
448 http fetch GET 200 https://registry.npmjs.org/merge2/-/merge2-1.4.1.tgz 8133ms (cache revalidated)
449 http fetch GET 200 https://registry.npmjs.org/minimalistic-assert/-/minimalistic-assert-1.0.1.tgz 8139ms (cache revalidated)
450 http fetch GET 200 https://registry.npmjs.org/mime/-/mime-1.6.0.tgz 8150ms (cache revalidated)
451 http fetch GET 200 https://registry.npmjs.org/merge-descriptors/-/merge-descriptors-1.0.3.tgz 8151ms (cache revalidated)
452 http fetch GET 200 https://registry.npmjs.org/merge-stream/-/merge-stream-2.0.0.tgz 8156ms (cache revalidated)
453 http fetch GET 200 https://registry.npmjs.org/micromatch/-/micromatch-4.0.8.tgz 8166ms (cache revalidated)
454 http fetch GET 200 https://registry.npmjs.org/minimatch/-/minimatch-3.1.2.tgz 8167ms (cache revalidated)
455 http fetch GET 200 https://registry.npmjs.org/mdn-data/-/mdn-data-2.0.14.tgz 8171ms (cache revalidated)
456 http fetch GET 200 https://registry.npmjs.org/math-intrinsics/-/math-intrinsics-1.1.0.tgz 8172ms (cache revalidated)
457 http fetch GET 200 https://registry.npmjs.org/media-typer/-/media-typer-0.3.0.tgz 8177ms (cache revalidated)
458 http fetch GET 200 https://registry.npmjs.org/merge-source-map/-/merge-source-map-1.1.0.tgz 8178ms (cache revalidated)
459 http fetch GET 200 https://registry.npmjs.org/lru-cache/-/lru-cache-5.1.1.tgz 8217ms (cache revalidated)
460 http fetch GET 200 https://registry.npmjs.org/make-dir/-/make-dir-3.1.0.tgz 8224ms (cache revalidated)
461 http fetch GET 200 https://registry.npmjs.org/magic-string/-/magic-string-0.30.21.tgz 8232ms (cache revalidated)
462 http fetch GET 200 https://registry.npmjs.org/loupe/-/loupe-2.3.7.tgz 8246ms (cache revalidated)
463 http fetch GET 200 https://registry.npmjs.org/log-symbols/-/log-symbols-4.1.0.tgz 8246ms (cache revalidated)
464 http fetch GET 200 https://registry.npmjs.org/lz-string/-/lz-string-1.5.0.tgz 8248ms (cache revalidated)
465 http fetch GET 200 https://registry.npmjs.org/log-update/-/log-update-2.3.0.tgz 8254ms (cache revalidated)
466 http fetch GET 200 https://registry.npmjs.org/magicast/-/magicast-0.3.5.tgz 8257ms (cache revalidated)
467 http fetch GET 200 https://registry.npmjs.org/memfs/-/memfs-3.5.3.tgz 8260ms (cache revalidated)
468 http fetch GET 200 https://registry.npmjs.org/lodash.merge/-/lodash.merge-4.6.2.tgz 8273ms (cache revalidated)
469 http fetch GET 200 https://registry.npmjs.org/lodash.truncate/-/lodash.truncate-4.4.2.tgz 8274ms (cache revalidated)
470 http fetch GET 200 https://registry.npmjs.org/lodash.mapvalues/-/lodash.mapvalues-4.6.0.tgz 8274ms (cache revalidated)
471 http fetch GET 200 https://registry.npmjs.org/lodash.uniq/-/lodash.uniq-4.5.0.tgz 8289ms (cache revalidated)
472 http fetch GET 200 https://registry.npmjs.org/local-pkg/-/local-pkg-0.5.1.tgz 8304ms (cache revalidated)
473 http fetch GET 200 https://registry.npmjs.org/lodash.memoize/-/lodash.memoize-4.1.2.tgz 8306ms (cache revalidated)
474 http fetch GET 200 https://registry.npmjs.org/lines-and-columns/-/lines-and-columns-1.2.4.tgz 8376ms (cache revalidated)
475 http fetch GET 200 https://registry.npmjs.org/loader-runner/-/loader-runner-4.3.1.tgz 8377ms (cache revalidated)
476 http fetch GET 200 https://registry.npmjs.org/lodash/-/lodash-4.17.23.tgz 8384ms (cache revalidated)
477 http fetch GET 200 https://registry.npmjs.org/lodash.defaultsdeep/-/lodash.defaultsdeep-4.6.1.tgz 8392ms (cache revalidated)
478 http fetch GET 200 https://registry.npmjs.org/lodash.kebabcase/-/lodash.kebabcase-4.1.1.tgz 8393ms (cache revalidated)
479 http fetch GET 200 https://registry.npmjs.org/levn/-/levn-0.4.1.tgz 8393ms (cache revalidated)
480 http fetch GET 200 https://registry.npmjs.org/locate-path/-/locate-path-5.0.0.tgz 8394ms (cache revalidated)
481 http fetch GET 200 https://registry.npmjs.org/klona/-/klona-2.0.6.tgz 8394ms (cache revalidated)
482 http fetch GET 200 https://registry.npmjs.org/lodash.debounce/-/lodash.debounce-4.0.8.tgz 8395ms (cache revalidated)
483 http fetch GET 200 https://registry.npmjs.org/launch-editor/-/launch-editor-2.12.0.tgz 8398ms (cache revalidated)
484 http fetch GET 200 https://registry.npmjs.org/lower-case/-/lower-case-2.0.2.tgz 8401ms (cache revalidated)
485 http fetch GET 200 https://registry.npmjs.org/loader-utils/-/loader-utils-1.4.2.tgz 8400ms (cache revalidated)
486 http fetch GET 200 https://registry.npmjs.org/jsonfile/-/jsonfile-6.2.0.tgz 8406ms (cache revalidated)
487 http fetch GET 200 https://registry.npmjs.org/kind-of/-/kind-of-6.0.3.tgz 8407ms (cache revalidated)
488 http fetch GET 200 https://registry.npmjs.org/json5/-/json5-2.2.3.tgz 8417ms (cache revalidated)
489 http fetch GET 200 https://registry.npmjs.org/lilconfig/-/lilconfig-2.1.0.tgz 8488ms (cache revalidated)
490 http fetch GET 200 https://registry.npmjs.org/json-parse-even-better-errors/-/json-parse-even-better-errors-2.3.1.tgz 8490ms (cache revalidated)
491 http fetch GET 200 https://registry.npmjs.org/launch-editor-middleware/-/launch-editor-middleware-2.12.0.tgz 8517ms (cache revalidated)
492 http fetch GET 200 https://registry.npmjs.org/json-parse-better-errors/-/json-parse-better-errors-1.0.2.tgz 8515ms (cache revalidated)
493 http fetch GET 200 https://registry.npmjs.org/json-stable-stringify-without-jsonify/-/json-stable-stringify-without-jsonify-1.0.1.tgz 8541ms (cache revalidated)
494 http fetch GET 200 https://registry.npmjs.org/jsesc/-/jsesc-3.1.0.tgz 8538ms (cache revalidated)
495 http fetch GET 200 https://registry.npmjs.org/keyv/-/keyv-4.5.4.tgz 8542ms (cache revalidated)
496 http fetch GET 200 https://registry.npmjs.org/json-schema-traverse/-/json-schema-traverse-0.4.1.tgz 8542ms (cache revalidated)
497 http fetch GET 200 https://registry.npmjs.org/js-cookie/-/js-cookie-3.0.5.tgz 8539ms (cache revalidated)
498 http fetch GET 200 https://registry.npmjs.org/jest-worker/-/jest-worker-27.5.1.tgz 8539ms (cache revalidated)
499 http fetch GET 200 https://registry.npmjs.org/jest-mock/-/jest-mock-30.2.0.tgz 8539ms (cache revalidated)
500 http fetch GET 200 https://registry.npmjs.org/json-buffer/-/json-buffer-3.0.1.tgz 8541ms (cache revalidated)
501 http fetch GET 200 https://registry.npmjs.org/jsdom/-/jsdom-22.1.0.tgz 8548ms (cache revalidated)
502 http fetch GET 200 https://registry.npmjs.org/js-beautify/-/js-beautify-1.15.4.tgz 8549ms (cache revalidated)
503 http fetch GET 200 https://registry.npmjs.org/js-yaml/-/js-yaml-3.14.2.tgz 8558ms (cache revalidated)
504 http fetch GET 200 https://registry.npmjs.org/jest-util/-/jest-util-30.2.0.tgz 8648ms (cache revalidated)
505 http fetch GET 200 https://registry.npmjs.org/jest-regex-util/-/jest-regex-util-30.0.1.tgz 8666ms (cache revalidated)
506 http fetch GET 200 https://registry.npmjs.org/joi/-/joi-17.13.3.tgz 8829ms (cache revalidated)
507 http fetch GET 200 https://registry.npmjs.org/js-tokens/-/js-tokens-4.0.0.tgz 8830ms (cache revalidated)
508 http fetch GET 200 https://registry.npmjs.org/javascript-stringify/-/javascript-stringify-2.1.0.tgz 8829ms (cache revalidated)
509 http fetch GET 200 https://registry.npmjs.org/jest-message-util/-/jest-message-util-30.2.0.tgz 8831ms (cache revalidated)
510 http fetch GET 200 https://registry.npmjs.org/jest-environment-jsdom/-/jest-environment-jsdom-30.2.0.tgz 8831ms (cache revalidated)
511 http fetch GET 200 https://registry.npmjs.org/is-what/-/is-what-5.5.0.tgz 8831ms (cache revalidated)
512 http fetch GET 200 https://registry.npmjs.org/isobject/-/isobject-3.0.1.tgz 8834ms (cache revalidated)
513 http fetch GET 200 https://registry.npmjs.org/jackspeak/-/jackspeak-3.4.3.tgz 8835ms (cache revalidated)
514 http fetch GET 200 https://registry.npmjs.org/isarray/-/isarray-1.0.0.tgz 8835ms (cache revalidated)
515 http fetch GET 200 https://registry.npmjs.org/istanbul-lib-source-maps/-/istanbul-lib-source-maps-5.0.6.tgz 8855ms (cache revalidated)
516 http fetch GET 200 https://registry.npmjs.org/isexe/-/isexe-2.0.0.tgz 8854ms (cache revalidated)
517 http fetch GET 200 https://registry.npmjs.org/is-wsl/-/is-wsl-2.2.0.tgz 8854ms (cache revalidated)
518 http fetch GET 200 https://registry.npmjs.org/istanbul-lib-coverage/-/istanbul-lib-coverage-3.2.2.tgz 8856ms (cache revalidated)
519 http fetch GET 200 https://registry.npmjs.org/js-message/-/js-message-1.0.7.tgz 8857ms (cache revalidated)
520 http fetch GET 200 https://registry.npmjs.org/istanbul-reports/-/istanbul-reports-3.2.0.tgz 8857ms (cache revalidated)
521 http fetch GET 200 https://registry.npmjs.org/istanbul-lib-report/-/istanbul-lib-report-3.0.1.tgz 9036ms (cache revalidated)
522 http fetch GET 200 https://registry.npmjs.org/is-weakset/-/is-weakset-2.0.4.tgz 9035ms (cache revalidated)
523 http fetch GET 200 https://registry.npmjs.org/is-weakmap/-/is-weakmap-2.0.2.tgz 9036ms (cache revalidated)
524 http fetch GET 200 https://registry.npmjs.org/is-symbol/-/is-symbol-1.1.1.tgz 9036ms (cache revalidated)
525 http fetch GET 200 https://registry.npmjs.org/is-unicode-supported/-/is-unicode-supported-0.1.0.tgz 9036ms (cache revalidated)
526 http fetch GET 200 https://registry.npmjs.org/is-number/-/is-number-7.0.0.tgz 9034ms (cache revalidated)
527 http fetch GET 200 https://registry.npmjs.org/is-regex/-/is-regex-1.2.1.tgz 9036ms (cache revalidated)
528 http fetch GET 200 https://registry.npmjs.org/is-potential-custom-element-name/-/is-potential-custom-element-name-1.0.1.tgz 9036ms (cache revalidated)
529 http fetch GET 200 https://registry.npmjs.org/is-number-object/-/is-number-object-1.1.1.tgz 9037ms (cache revalidated)
530 http fetch GET 200 https://registry.npmjs.org/is-plain-object/-/is-plain-object-2.0.4.tgz 9037ms (cache revalidated)
531 http fetch GET 200 https://registry.npmjs.org/is-set/-/is-set-2.0.3.tgz 9037ms (cache revalidated)
532 http fetch GET 200 https://registry.npmjs.org/is-plain-obj/-/is-plain-obj-3.0.0.tgz 9037ms (cache revalidated)
533 http fetch GET 200 https://registry.npmjs.org/is-stream/-/is-stream-1.1.0.tgz 9037ms (cache revalidated)
534 http fetch GET 200 https://registry.npmjs.org/is-string/-/is-string-1.1.1.tgz 9039ms (cache revalidated)
535 http fetch GET 200 https://registry.npmjs.org/is-glob/-/is-glob-4.0.3.tgz 9037ms (cache revalidated)
536 http fetch GET 200 https://registry.npmjs.org/is-shared-array-buffer/-/is-shared-array-buffer-1.0.4.tgz 9218ms (cache revalidated)
537 http fetch GET 200 https://registry.npmjs.org/is-array-buffer/-/is-array-buffer-3.0.5.tgz 9214ms (cache revalidated)
538 http fetch GET 200 https://registry.npmjs.org/is-interactive/-/is-interactive-1.0.0.tgz 9217ms (cache revalidated)
539 http fetch GET 200 https://registry.npmjs.org/is-bigint/-/is-bigint-1.1.0.tgz 9215ms (cache revalidated)
540 http fetch GET 200 https://registry.npmjs.org/is-date-object/-/is-date-object-1.1.0.tgz 9216ms (cache revalidated)
541 http fetch GET 200 https://registry.npmjs.org/is-fullwidth-code-point/-/is-fullwidth-code-point-3.0.0.tgz 9218ms (cache revalidated)
542 http fetch GET 200 https://registry.npmjs.org/is-map/-/is-map-2.0.3.tgz 9218ms (cache revalidated)
543 http fetch GET 200 https://registry.npmjs.org/is-extglob/-/is-extglob-2.1.1.tgz 9217ms (cache revalidated)
544 http fetch GET 200 https://registry.npmjs.org/is-file-esm/-/is-file-esm-1.0.0.tgz 9218ms (cache revalidated)
545 http fetch GET 200 https://registry.npmjs.org/is-node-process/-/is-node-process-1.2.0.tgz 9219ms (cache revalidated)
546 http fetch GET 200 https://registry.npmjs.org/is-binary-path/-/is-binary-path-2.1.0.tgz 9217ms (cache revalidated)
547 http fetch GET 200 https://registry.npmjs.org/is-boolean-object/-/is-boolean-object-1.2.2.tgz 9218ms (cache revalidated)
548 http fetch GET 200 https://registry.npmjs.org/is-callable/-/is-callable-1.2.7.tgz 9219ms (cache revalidated)
549 http fetch GET 200 https://registry.npmjs.org/is-core-module/-/is-core-module-2.16.1.tgz 9219ms (cache revalidated)
550 http fetch GET 200 https://registry.npmjs.org/is-docker/-/is-docker-2.2.1.tgz 9227ms (cache revalidated)
551 http fetch GET 200 https://registry.npmjs.org/ipaddr.js/-/ipaddr.js-2.3.0.tgz 9387ms (cache revalidated)
552 http fetch GET 200 https://registry.npmjs.org/inherits/-/inherits-2.0.4.tgz 9394ms (cache revalidated)
553 http fetch GET 200 https://registry.npmjs.org/inflight/-/inflight-1.0.6.tgz 9395ms (cache revalidated)
554 http fetch GET 200 https://registry.npmjs.org/icss-utils/-/icss-utils-5.1.0.tgz 9398ms (cache revalidated)
555 warn deprecated inflight@1.0.6: This module is not supported, and leaks memory. Do not use it. Check out lru-cache if you want a good and tested way to coalesce async requests by a key value, which is much more comprehensive and powerful.
556 http fetch GET 200 https://registry.npmjs.org/is-arrayish/-/is-arrayish-0.2.1.tgz 9408ms (cache revalidated)
557 http fetch GET 200 https://registry.npmjs.org/is-buffer/-/is-buffer-2.0.5.tgz 9409ms (cache revalidated)
558 http fetch GET 200 https://registry.npmjs.org/is-arguments/-/is-arguments-1.2.0.tgz 9408ms (cache revalidated)
559 http fetch GET 200 https://registry.npmjs.org/is-ci/-/is-ci-1.2.1.tgz 9410ms (cache revalidated)
560 http fetch GET 200 https://registry.npmjs.org/internal-slot/-/internal-slot-1.1.0.tgz 9409ms (cache revalidated)
561 http fetch GET 200 https://registry.npmjs.org/ini/-/ini-1.3.8.tgz 9409ms (cache revalidated)
562 http fetch GET 200 https://registry.npmjs.org/ieee754/-/ieee754-1.2.1.tgz 9416ms (cache revalidated)
563 http fetch GET 200 https://registry.npmjs.org/imurmurhash/-/imurmurhash-0.1.4.tgz 9416ms (cache revalidated)
564 http fetch GET 200 https://registry.npmjs.org/http-proxy/-/http-proxy-1.18.1.tgz 9416ms (cache revalidated)
565 http fetch GET 200 https://registry.npmjs.org/ignore/-/ignore-5.3.2.tgz 9418ms (cache revalidated)
566 http fetch GET 200 https://registry.npmjs.org/import-fresh/-/import-fresh-3.3.1.tgz 9419ms (cache revalidated)
567 http fetch GET 200 https://registry.npmjs.org/human-signals/-/human-signals-2.1.0.tgz 9485ms (cache revalidated)
568 http fetch GET 200 https://registry.npmjs.org/html-escaper/-/html-escaper-2.0.2.tgz 9514ms (cache revalidated)
569 http fetch GET 200 https://registry.npmjs.org/html-minifier-terser/-/html-minifier-terser-6.1.0.tgz 9515ms (cache revalidated)
570 http fetch GET 200 https://registry.npmjs.org/http-parser-js/-/http-parser-js-0.5.10.tgz 9518ms (cache revalidated)
571 http fetch GET 200 https://registry.npmjs.org/iconv-lite/-/iconv-lite-0.4.24.tgz 9522ms (cache revalidated)
572 http fetch GET 200 https://registry.npmjs.org/https-proxy-agent/-/https-proxy-agent-5.0.1.tgz 9527ms (cache revalidated)
573 http fetch GET 200 https://registry.npmjs.org/http-proxy-middleware/-/http-proxy-middleware-2.0.9.tgz 9528ms (cache revalidated)
574 http fetch GET 200 https://registry.npmjs.org/http-errors/-/http-errors-2.0.1.tgz 9528ms (cache revalidated)
575 http fetch GET 200 https://registry.npmjs.org/http-proxy-agent/-/http-proxy-agent-5.0.0.tgz 9528ms (cache revalidated)
576 http fetch GET 200 https://registry.npmjs.org/html-entities/-/html-entities-2.6.0.tgz 9533ms (cache revalidated)
577 http fetch GET 200 https://registry.npmjs.org/html-tags/-/html-tags-2.0.0.tgz 9533ms (cache revalidated)
578 http fetch GET 200 https://registry.npmjs.org/html-encoding-sniffer/-/html-encoding-sniffer-3.0.0.tgz 9534ms (cache revalidated)
579 http fetch GET 200 https://registry.npmjs.org/html-webpack-plugin/-/html-webpack-plugin-5.6.5.tgz 9535ms (cache revalidated)
580 http fetch GET 200 https://registry.npmjs.org/htmlparser2/-/htmlparser2-6.1.0.tgz 9536ms (cache revalidated)
581 http fetch GET 200 https://registry.npmjs.org/hosted-git-info/-/hosted-git-info-2.8.9.tgz 9661ms (cache revalidated)
582 http fetch GET 200 https://registry.npmjs.org/he/-/he-1.2.0.tgz 9661ms (cache revalidated)
583 http fetch GET 200 https://registry.npmjs.org/hasown/-/hasown-2.0.2.tgz 9661ms (cache revalidated)
584 http fetch GET 200 https://registry.npmjs.org/hpack.js/-/hpack.js-2.1.6.tgz 9665ms (cache revalidated)
585 http fetch GET 200 https://registry.npmjs.org/http-deceiver/-/http-deceiver-1.2.7.tgz 9666ms (cache revalidated)
586 http fetch GET 200 https://registry.npmjs.org/hookable/-/hookable-5.5.3.tgz 9665ms (cache revalidated)
587 http fetch GET 200 https://registry.npmjs.org/headers-polyfill/-/headers-polyfill-4.0.3.tgz 9666ms (cache revalidated)
588 http fetch GET 200 https://registry.npmjs.org/hash-sum/-/hash-sum-2.0.0.tgz 9666ms (cache revalidated)
589 http fetch GET 200 https://registry.npmjs.org/has-tostringtag/-/has-tostringtag-1.0.2.tgz 9667ms (cache revalidated)
590 http fetch GET 200 https://registry.npmjs.org/has-symbols/-/has-symbols-1.1.0.tgz 9730ms (cache revalidated)
591 http fetch GET 200 https://registry.npmjs.org/has-property-descriptors/-/has-property-descriptors-1.0.2.tgz 9731ms (cache revalidated)
592 http fetch GET 200 https://registry.npmjs.org/has-flag/-/has-flag-4.0.0.tgz 9731ms (cache revalidated)
593 http fetch GET 200 https://registry.npmjs.org/has-bigints/-/has-bigints-1.1.0.tgz 9732ms (cache revalidated)
594 http fetch GET 200 https://registry.npmjs.org/gzip-size/-/gzip-size-6.0.0.tgz 9732ms (cache revalidated)
595 http fetch GET 200 https://registry.npmjs.org/highlight.js/-/highlight.js-10.7.3.tgz 9740ms (cache revalidated)
596 http fetch GET 200 https://registry.npmjs.org/gopd/-/gopd-1.2.0.tgz 9855ms (cache revalidated)
597 http fetch GET 200 https://registry.npmjs.org/glob/-/glob-7.2.3.tgz 9855ms (cache revalidated)
598 http fetch GET 200 https://registry.npmjs.org/get-proto/-/get-proto-1.0.1.tgz 9855ms (cache revalidated)
599 http fetch GET 200 https://registry.npmjs.org/graphql/-/graphql-16.12.0.tgz 9865ms (cache revalidated)
600 http fetch GET 200 https://registry.npmjs.org/graceful-fs/-/graceful-fs-4.2.11.tgz 9866ms (cache revalidated)
601 http fetch GET 200 https://registry.npmjs.org/get-caller-file/-/get-caller-file-2.0.5.tgz 9865ms (cache revalidated)
602 http fetch GET 200 https://registry.npmjs.org/get-intrinsic/-/get-intrinsic-1.3.0.tgz 9865ms (cache revalidated)
603 http fetch GET 200 https://registry.npmjs.org/get-stream/-/get-stream-4.1.0.tgz 9866ms (cache revalidated)
604 http fetch GET 200 https://registry.npmjs.org/gensync/-/gensync-1.0.0-beta.2.tgz 9866ms (cache revalidated)
605 http fetch GET 200 https://registry.npmjs.org/get-func-name/-/get-func-name-2.0.2.tgz 9866ms (cache revalidated)
606 http fetch GET 200 https://registry.npmjs.org/fs.realpath/-/fs.realpath-1.0.0.tgz 9865ms (cache revalidated)
607 http fetch GET 200 https://registry.npmjs.org/globals/-/globals-13.24.0.tgz 9867ms (cache revalidated)
608 http fetch GET 200 https://registry.npmjs.org/glob-parent/-/glob-parent-6.0.2.tgz 9867ms (cache revalidated)
609 http fetch GET 200 https://registry.npmjs.org/functional-red-black-tree/-/functional-red-black-tree-1.0.1.tgz 9866ms (cache revalidated)
610 http fetch GET 200 https://registry.npmjs.org/functions-have-names/-/functions-have-names-1.2.3.tgz 9867ms (cache revalidated)
611 warn deprecated glob@7.2.3: Glob versions prior to v9 are no longer supported
612 http fetch GET 200 https://registry.npmjs.org/handle-thing/-/handle-thing-2.0.1.tgz 10077ms (cache revalidated)
613 http fetch GET 200 https://registry.npmjs.org/function-bind/-/function-bind-1.1.2.tgz 10076ms (cache revalidated)
614 http fetch GET 200 https://registry.npmjs.org/fraction.js/-/fraction.js-5.3.4.tgz 10076ms (cache revalidated)
615 http fetch GET 200 https://registry.npmjs.org/fs-monkey/-/fs-monkey-1.1.0.tgz 10078ms (cache revalidated)
616 http fetch GET 200 https://registry.npmjs.org/glob-to-regexp/-/glob-to-regexp-0.4.1.tgz 10079ms (cache revalidated)
617 http fetch GET 200 https://registry.npmjs.org/fresh/-/fresh-0.5.2.tgz 10078ms (cache revalidated)
618 http fetch GET 200 https://registry.npmjs.org/globby/-/globby-11.1.0.tgz 10081ms (cache revalidated)
619 http fetch GET 200 https://registry.npmjs.org/for-each/-/for-each-0.3.5.tgz 10078ms (cache revalidated)
620 http fetch GET 200 https://registry.npmjs.org/form-data/-/form-data-4.0.5.tgz 10079ms (cache revalidated)
621 http fetch GET 200 https://registry.npmjs.org/flat-cache/-/flat-cache-3.2.0.tgz 10079ms (cache revalidated)
622 http fetch GET 200 https://registry.npmjs.org/foreground-child/-/foreground-child-3.3.1.tgz 10079ms (cache revalidated)
623 http fetch GET 200 https://registry.npmjs.org/forwarded/-/forwarded-0.2.0.tgz 10080ms (cache revalidated)
624 http fetch GET 200 https://registry.npmjs.org/find-cache-dir/-/find-cache-dir-3.3.2.tgz 10079ms (cache revalidated)
625 http fetch GET 200 https://registry.npmjs.org/fs-extra/-/fs-extra-9.1.0.tgz 10082ms (cache revalidated)
626 http fetch GET 200 https://registry.npmjs.org/flatted/-/flatted-3.3.3.tgz 10081ms (cache revalidated)
627 http fetch GET 200 https://registry.npmjs.org/fast-json-stable-stringify/-/fast-json-stable-stringify-2.1.0.tgz 10256ms (cache revalidated)
628 http fetch GET 200 https://registry.npmjs.org/figures/-/figures-2.0.0.tgz 10257ms (cache revalidated)
629 http fetch GET 200 https://registry.npmjs.org/flat/-/flat-5.0.2.tgz 10258ms (cache revalidated)
630 http fetch GET 200 https://registry.npmjs.org/fastq/-/fastq-1.19.1.tgz 10257ms (cache revalidated)
631 http fetch GET 200 https://registry.npmjs.org/fast-glob/-/fast-glob-3.3.3.tgz 10257ms (cache revalidated)
632 http fetch GET 200 https://registry.npmjs.org/find-up/-/find-up-4.1.0.tgz 10258ms (cache revalidated)
633 http fetch GET 200 https://registry.npmjs.org/file-entry-cache/-/file-entry-cache-6.0.1.tgz 10259ms (cache revalidated)
634 http fetch GET 200 https://registry.npmjs.org/finalhandler/-/finalhandler-1.3.2.tgz 10259ms (cache revalidated)
635 http fetch GET 200 https://registry.npmjs.org/fast-deep-equal/-/fast-deep-equal-3.1.3.tgz 10259ms (cache revalidated)
636 http fetch GET 200 https://registry.npmjs.org/faye-websocket/-/faye-websocket-0.11.4.tgz 10260ms (cache revalidated)
637 http fetch GET 200 https://registry.npmjs.org/follow-redirects/-/follow-redirects-1.15.11.tgz 10262ms (cache revalidated)
638 http fetch GET 200 https://registry.npmjs.org/express/-/express-4.22.1.tgz 10260ms (cache revalidated)
639 http fetch GET 200 https://registry.npmjs.org/fast-levenshtein/-/fast-levenshtein-2.0.6.tgz 10262ms (cache revalidated)
640 http fetch GET 200 https://registry.npmjs.org/eventemitter3/-/eventemitter3-4.0.7.tgz 10261ms (cache revalidated)
641 http fetch GET 200 https://registry.npmjs.org/fflate/-/fflate-0.8.2.tgz 10264ms (cache revalidated)
642 http fetch GET 200 https://registry.npmjs.org/etag/-/etag-1.8.1.tgz 10457ms (cache revalidated)
643 http fetch GET 200 https://registry.npmjs.org/esutils/-/esutils-2.0.3.tgz 10458ms (cache revalidated)
644 http fetch GET 200 https://registry.npmjs.org/fast-uri/-/fast-uri-3.1.0.tgz 10459ms (cache revalidated)
645 http fetch GET 200 https://registry.npmjs.org/fill-range/-/fill-range-7.1.1.tgz 10461ms (cache revalidated)
646 http fetch GET 200 https://registry.npmjs.org/esprima/-/esprima-4.0.1.tgz 10459ms (cache revalidated)
647 http fetch GET 200 https://registry.npmjs.org/events/-/events-3.3.0.tgz 10461ms (cache revalidated)
648 http fetch GET 200 https://registry.npmjs.org/event-pubsub/-/event-pubsub-4.3.0.tgz 10461ms (cache revalidated)
649 http fetch GET 200 https://registry.npmjs.org/estree-walker/-/estree-walker-2.0.2.tgz 10461ms (cache revalidated)
650 http fetch GET 200 https://registry.npmjs.org/execa/-/execa-1.0.0.tgz 10462ms (cache revalidated)
651 http fetch GET 200 https://registry.npmjs.org/esrecurse/-/esrecurse-4.3.0.tgz 10461ms (cache revalidated)
652 http fetch GET 200 https://registry.npmjs.org/fast-diff/-/fast-diff-1.3.0.tgz 10463ms (cache revalidated)
653 http fetch GET 200 https://registry.npmjs.org/estraverse/-/estraverse-4.3.0.tgz 10462ms (cache revalidated)
654 http fetch GET 200 https://registry.npmjs.org/eslint-plugin-prettier/-/eslint-plugin-prettier-3.4.1.tgz 10461ms (cache revalidated)
655 http fetch GET 200 https://registry.npmjs.org/esquery/-/esquery-1.6.0.tgz 10464ms (cache revalidated)
656 http fetch GET 200 https://registry.npmjs.org/eslint-webpack-plugin/-/eslint-webpack-plugin-3.2.0.tgz 10465ms (cache revalidated)
657 http fetch GET 200 https://registry.npmjs.org/espree/-/espree-7.3.1.tgz 10674ms (cache revalidated)
658 http fetch GET 200 https://registry.npmjs.org/es-get-iterator/-/es-get-iterator-1.1.3.tgz 10675ms (cache revalidated)
659 http fetch GET 200 https://registry.npmjs.org/eslint-scope/-/eslint-scope-5.1.1.tgz 10677ms (cache revalidated)
660 http fetch GET 200 https://registry.npmjs.org/escape-html/-/escape-html-1.0.3.tgz 10677ms (cache revalidated)
661 http fetch GET 200 https://registry.npmjs.org/eslint-visitor-keys/-/eslint-visitor-keys-2.1.0.tgz 10679ms (cache revalidated)
662 http fetch GET 200 https://registry.npmjs.org/eslint-config-prettier/-/eslint-config-prettier-10.1.8.tgz 10678ms (cache revalidated)
663 http fetch GET 200 https://registry.npmjs.org/eslint-utils/-/eslint-utils-3.0.0.tgz 10680ms (cache revalidated)
664 http fetch GET 200 https://registry.npmjs.org/escape-string-regexp/-/escape-string-regexp-1.0.5.tgz 10679ms (cache revalidated)
665 http fetch GET 200 https://registry.npmjs.org/esbuild/-/esbuild-0.21.5.tgz 10680ms (cache revalidated)
666 http fetch GET 200 https://registry.npmjs.org/eslint/-/eslint-7.32.0.tgz 10689ms (cache revalidated)
667 http fetch GET 200 https://registry.npmjs.org/eslint-plugin-vue/-/eslint-plugin-vue-8.7.1.tgz 10695ms (cache revalidated)
668 http fetch GET 200 https://registry.npmjs.org/escalade/-/escalade-3.2.0.tgz 10695ms (cache revalidated)
669 http fetch GET 200 https://registry.npmjs.org/es-module-lexer/-/es-module-lexer-2.0.0.tgz 10695ms (cache revalidated)
670 http fetch GET 200 https://registry.npmjs.org/es-set-tostringtag/-/es-set-tostringtag-2.1.0.tgz 10696ms (cache revalidated)
671 http fetch GET 200 https://registry.npmjs.org/es-define-property/-/es-define-property-1.0.1.tgz 10695ms (cache revalidated)
672 http fetch GET 200 https://registry.npmjs.org/es-object-atoms/-/es-object-atoms-1.1.1.tgz 10787ms (cache revalidated)
673 http fetch GET 200 https://registry.npmjs.org/entities/-/entities-4.5.0.tgz 10787ms (cache revalidated)
674 http fetch GET 200 https://registry.npmjs.org/es-errors/-/es-errors-1.3.0.tgz 10788ms (cache revalidated)
675 http fetch GET 200 https://registry.npmjs.org/error-stack-parser/-/error-stack-parser-2.1.4.tgz 10788ms (cache revalidated)
676 http fetch GET 200 https://registry.npmjs.org/error-ex/-/error-ex-1.3.4.tgz 10788ms (cache revalidated)
677 http fetch GET 200 https://registry.npmjs.org/editorconfig/-/editorconfig-1.0.4.tgz 10788ms (cache revalidated)
678 http fetch GET 200 https://registry.npmjs.org/ee-first/-/ee-first-1.1.1.tgz 10789ms (cache revalidated)
679 http fetch GET 200 https://registry.npmjs.org/enquirer/-/enquirer-2.4.1.tgz 10791ms (cache revalidated)
680 http fetch GET 200 https://registry.npmjs.org/electron-to-chromium/-/electron-to-chromium-1.5.267.tgz 10789ms (cache revalidated)
681 http fetch GET 200 https://registry.npmjs.org/end-of-stream/-/end-of-stream-1.4.5.tgz 10794ms (cache revalidated)
682 http fetch GET 200 https://registry.npmjs.org/emoji-regex/-/emoji-regex-8.0.0.tgz 10794ms (cache revalidated)
683 http fetch GET 200 https://registry.npmjs.org/easy-stack/-/easy-stack-1.0.1.tgz 10801ms (cache revalidated)
684 http fetch GET 200 https://registry.npmjs.org/emojis-list/-/emojis-list-3.0.0.tgz 10803ms (cache revalidated)
685 http fetch GET 200 https://registry.npmjs.org/dunder-proto/-/dunder-proto-1.0.1.tgz 10799ms (cache revalidated)
686 http fetch GET 200 https://registry.npmjs.org/enhanced-resolve/-/enhanced-resolve-5.19.0.tgz 10808ms (cache revalidated)
687 http fetch GET 200 https://registry.npmjs.org/eastasianwidth/-/eastasianwidth-0.2.0.tgz 10975ms (cache revalidated)
688 http fetch GET 200 https://registry.npmjs.org/encodeurl/-/encodeurl-2.0.0.tgz 10978ms (cache revalidated)
689 http fetch GET 200 https://registry.npmjs.org/domelementtype/-/domelementtype-2.3.0.tgz 10974ms (cache revalidated)
690 http fetch GET 200 https://registry.npmjs.org/duplexer/-/duplexer-0.1.2.tgz 10975ms (cache revalidated)
691 http fetch GET 200 https://registry.npmjs.org/dot-case/-/dot-case-3.0.4.tgz 10976ms (cache revalidated)
692 http fetch GET 200 https://registry.npmjs.org/domhandler/-/domhandler-4.3.1.tgz 10975ms (cache revalidated)
693 http fetch GET 200 https://registry.npmjs.org/dotenv/-/dotenv-10.0.0.tgz 10976ms (cache revalidated)
694 http fetch GET 200 https://registry.npmjs.org/domexception/-/domexception-4.0.0.tgz 10977ms (cache revalidated)
695 http fetch GET 200 https://registry.npmjs.org/dom-accessibility-api/-/dom-accessibility-api-0.5.16.tgz 10977ms (cache revalidated)
696 http fetch GET 200 https://registry.npmjs.org/domutils/-/domutils-2.8.0.tgz 10978ms (cache revalidated)
697 http fetch GET 200 https://registry.npmjs.org/dom-serializer/-/dom-serializer-1.4.1.tgz 10978ms (cache revalidated)
698 http fetch GET 200 https://registry.npmjs.org/dompurify/-/dompurify-3.3.1.tgz 10981ms (cache revalidated)
699 warn deprecated domexception@4.0.0: Use your platform's native DOMException instead
700 http fetch GET 200 https://registry.npmjs.org/destroy/-/destroy-1.2.0.tgz 11021ms (cache revalidated)
701 http fetch GET 200 https://registry.npmjs.org/diff-sequences/-/diff-sequences-29.6.3.tgz 11022ms (cache revalidated)
702 http fetch GET 200 https://registry.npmjs.org/dns-packet/-/dns-packet-5.6.1.tgz 11023ms (cache revalidated)
703 http fetch GET 200 https://registry.npmjs.org/depd/-/depd-2.0.0.tgz 11119ms (cache revalidated)
704 warn deprecated eslint@7.32.0: This version is no longer supported. Please see https://eslint.org/version-support for other options.
705 http fetch GET 200 https://registry.npmjs.org/detect-node/-/detect-node-2.1.0.tgz 11276ms (cache revalidated)
706 http fetch GET 200 https://registry.npmjs.org/dir-glob/-/dir-glob-3.0.1.tgz 11277ms (cache revalidated)
707 http fetch GET 200 https://registry.npmjs.org/doctrine/-/doctrine-3.0.0.tgz 11278ms (cache revalidated)
708 http fetch GET 200 https://registry.npmjs.org/define-properties/-/define-properties-1.2.1.tgz 11277ms (cache revalidated)
709 http fetch GET 200 https://registry.npmjs.org/default-gateway/-/default-gateway-6.0.3.tgz 11277ms (cache revalidated)
710 http fetch GET 200 https://registry.npmjs.org/deepmerge/-/deepmerge-1.5.2.tgz 11305ms (cache revalidated)
711 http fetch GET 200 https://registry.npmjs.org/dom-converter/-/dom-converter-0.2.0.tgz 11306ms (cache revalidated)
712 http fetch GET 200 https://registry.npmjs.org/dotenv-expand/-/dotenv-expand-5.1.0.tgz 11307ms (cache revalidated)
713 http fetch GET 200 https://registry.npmjs.org/delayed-stream/-/delayed-stream-1.0.0.tgz 11306ms (cache revalidated)
714 http fetch GET 200 https://registry.npmjs.org/define-lazy-prop/-/define-lazy-prop-2.0.0.tgz 11320ms (cache revalidated)
715 http fetch GET 200 https://registry.npmjs.org/define-data-property/-/define-data-property-1.1.4.tgz 11321ms (cache revalidated)
716 http fetch GET 200 https://registry.npmjs.org/deep-eql/-/deep-eql-4.1.4.tgz 11327ms (cache revalidated)
717 http fetch GET 200 https://registry.npmjs.org/defaults/-/defaults-1.0.4.tgz 11328ms (cache revalidated)
718 http fetch GET 200 https://registry.npmjs.org/deep-is/-/deep-is-0.1.4.tgz 11327ms (cache revalidated)
719 http fetch GET 200 https://registry.npmjs.org/decimal.js/-/decimal.js-10.6.0.tgz 11328ms (cache revalidated)
720 http fetch GET 200 https://registry.npmjs.org/csstype/-/csstype-3.2.3.tgz 11376ms (cache revalidated)
721 http fetch GET 200 https://registry.npmjs.org/cssstyle/-/cssstyle-3.0.0.tgz 11377ms (cache revalidated)
722 http fetch GET 200 https://registry.npmjs.org/deep-equal/-/deep-equal-2.2.3.tgz 11383ms (cache revalidated)
723 http fetch GET 200 https://registry.npmjs.org/debounce/-/debounce-1.2.1.tgz 11385ms (cache revalidated)
724 http fetch GET 200 https://registry.npmjs.org/debug/-/debug-4.4.3.tgz 11400ms (cache revalidated)
725 http fetch GET 200 https://registry.npmjs.org/cssnano/-/cssnano-5.1.15.tgz 11428ms (cache revalidated)
726 http fetch GET 200 https://registry.npmjs.org/cssnano-utils/-/cssnano-utils-3.1.0.tgz 11429ms (cache revalidated)
727 http fetch GET 200 https://registry.npmjs.org/css-what/-/css-what-6.2.2.tgz 11429ms (cache revalidated)
728 http fetch GET 200 https://registry.npmjs.org/cssesc/-/cssesc-3.0.0.tgz 11430ms (cache revalidated)
729 http fetch GET 200 https://registry.npmjs.org/cssnano-preset-default/-/cssnano-preset-default-5.2.14.tgz 11437ms (cache revalidated)
730 http fetch GET 200 https://registry.npmjs.org/csso/-/csso-4.2.0.tgz 11438ms (cache revalidated)
731 http fetch GET 200 https://registry.npmjs.org/css-tree/-/css-tree-1.1.3.tgz 11444ms (cache revalidated)
732 http fetch GET 200 https://registry.npmjs.org/css-select/-/css-select-4.3.0.tgz 11444ms (cache revalidated)
733 http fetch GET 200 https://registry.npmjs.org/css-minimizer-webpack-plugin/-/css-minimizer-webpack-plugin-3.4.1.tgz 11448ms (cache revalidated)
734 http fetch GET 200 https://registry.npmjs.org/data-urls/-/data-urls-4.0.0.tgz 11463ms (cache revalidated)
735 http fetch GET 200 https://registry.npmjs.org/cosmiconfig/-/cosmiconfig-7.1.0.tgz 11519ms (cache revalidated)
736 http fetch GET 200 https://registry.npmjs.org/cross-spawn/-/cross-spawn-6.0.6.tgz 11519ms (cache revalidated)
737 http fetch GET 200 https://registry.npmjs.org/css-declaration-sorter/-/css-declaration-sorter-6.4.1.tgz 11520ms (cache revalidated)
738 http fetch GET 200 https://registry.npmjs.org/copy-webpack-plugin/-/copy-webpack-plugin-9.1.0.tgz 11520ms (cache revalidated)
739 http fetch GET 200 https://registry.npmjs.org/cookie-signature/-/cookie-signature-1.0.7.tgz 11577ms (cache revalidated)
740 http fetch GET 200 https://registry.npmjs.org/core-js-compat/-/core-js-compat-3.48.0.tgz 11578ms (cache revalidated)
741 http fetch GET 200 https://registry.npmjs.org/content-disposition/-/content-disposition-0.5.4.tgz 11577ms (cache revalidated)
742 http fetch GET 200 https://registry.npmjs.org/copy-anything/-/copy-anything-4.0.5.tgz 11579ms (cache revalidated)
743 http fetch GET 200 https://registry.npmjs.org/core-js/-/core-js-3.48.0.tgz 11600ms (cache revalidated)
744 http fetch GET 200 https://registry.npmjs.org/cookie/-/cookie-0.7.2.tgz 11601ms (cache revalidated)
745 http fetch GET 200 https://registry.npmjs.org/config-chain/-/config-chain-1.1.13.tgz 11604ms (cache revalidated)
746 http fetch GET 200 https://registry.npmjs.org/core-util-is/-/core-util-is-1.0.3.tgz 11607ms (cache revalidated)
747 http fetch GET 200 https://registry.npmjs.org/consolidate/-/consolidate-0.15.1.tgz 11605ms (cache revalidated)
748 warn deprecated consolidate@0.15.1: Please upgrade to consolidate v1.0.0+ as it has been modernized with several long-awaited fixes implemented. Maintenance is supported by Forward Email at https://forwardemail.net ; follow/watch https://github.com/ladjs/consolidate for updates and release changelog
749 http fetch GET 200 https://registry.npmjs.org/convert-source-map/-/convert-source-map-2.0.0.tgz 11631ms (cache revalidated)
750 http fetch GET 200 https://registry.npmjs.org/compressible/-/compressible-2.0.18.tgz 11630ms (cache revalidated)
751 http fetch GET 200 https://registry.npmjs.org/connect-history-api-fallback/-/connect-history-api-fallback-2.0.0.tgz 11631ms (cache revalidated)
752 http fetch GET 200 https://registry.npmjs.org/content-type/-/content-type-1.0.5.tgz 11632ms (cache revalidated)
753 http fetch GET 200 https://registry.npmjs.org/css-loader/-/css-loader-6.11.0.tgz 11647ms (cache revalidated)
754 http fetch GET 200 https://registry.npmjs.org/confbox/-/confbox-0.1.8.tgz 11648ms (cache revalidated)
755 http fetch GET 200 https://registry.npmjs.org/color-name/-/color-name-1.1.4.tgz 11732ms (cache revalidated)
756 http fetch GET 200 https://registry.npmjs.org/commander/-/commander-8.3.0.tgz 11736ms (cache revalidated)
757 http fetch GET 200 https://registry.npmjs.org/clipboardy/-/clipboardy-2.3.0.tgz 11745ms (cache revalidated)
758 http fetch GET 200 https://registry.npmjs.org/combined-stream/-/combined-stream-1.0.8.tgz 11753ms (cache revalidated)
759 http fetch GET 200 https://registry.npmjs.org/colord/-/colord-2.9.3.tgz 11753ms (cache revalidated)
760 http fetch GET 200 https://registry.npmjs.org/concat-map/-/concat-map-0.0.1.tgz 11781ms (cache revalidated)
761 http fetch GET 200 https://registry.npmjs.org/commondir/-/commondir-1.0.1.tgz 11780ms (cache revalidated)
762 http fetch GET 200 https://registry.npmjs.org/cli-spinners/-/cli-spinners-2.9.2.tgz 11780ms (cache revalidated)
763 http fetch GET 200 https://registry.npmjs.org/color-convert/-/color-convert-2.0.1.tgz 11988ms (cache revalidated)
764 http fetch GET 200 https://registry.npmjs.org/cli-cursor/-/cli-cursor-3.1.0.tgz 11988ms (cache revalidated)
765 http fetch GET 200 https://registry.npmjs.org/compression/-/compression-1.8.1.tgz 11990ms (cache revalidated)
766 http fetch GET 200 https://registry.npmjs.org/cliui/-/cliui-7.0.4.tgz 11989ms (cache revalidated)
767 http fetch GET 200 https://registry.npmjs.org/colorette/-/colorette-2.0.20.tgz 11990ms (cache revalidated)
768 http fetch GET 200 https://registry.npmjs.org/cli-width/-/cli-width-4.1.0.tgz 11989ms (cache revalidated)
769 http fetch GET 200 https://registry.npmjs.org/clean-css/-/clean-css-5.3.3.tgz 11990ms (cache revalidated)
770 http fetch GET 200 https://registry.npmjs.org/check-error/-/check-error-1.0.3.tgz 11991ms (cache revalidated)
771 http fetch GET 200 https://registry.npmjs.org/cli-highlight/-/cli-highlight-2.1.11.tgz 11991ms (cache revalidated)
772 http fetch GET 200 https://registry.npmjs.org/clone/-/clone-1.0.4.tgz 11992ms (cache revalidated)
773 http fetch GET 200 https://registry.npmjs.org/clone-deep/-/clone-deep-4.0.1.tgz 12150ms (cache revalidated)
774 http fetch GET 200 https://registry.npmjs.org/chalk/-/chalk-3.0.0.tgz 12151ms (cache revalidated)
775 http fetch GET 200 https://registry.npmjs.org/case-sensitive-paths-webpack-plugin/-/case-sensitive-paths-webpack-plugin-2.4.0.tgz 12150ms (cache revalidated)
776 http fetch GET 200 https://registry.npmjs.org/call-bind/-/call-bind-1.0.8.tgz 12151ms (cache revalidated)
777 http fetch GET 200 https://registry.npmjs.org/ci-info/-/ci-info-1.6.0.tgz 12152ms (cache revalidated)
778 http fetch GET 200 https://registry.npmjs.org/chai/-/chai-4.5.0.tgz 12153ms (cache revalidated)
779 http fetch GET 200 https://registry.npmjs.org/camelcase/-/camelcase-5.3.1.tgz 12303ms (cache revalidated)
780 http fetch GET 200 https://registry.npmjs.org/caniuse-lite/-/caniuse-lite-1.0.30001760.tgz 12311ms (cache revalidated)
781 http fetch GET 200 https://registry.npmjs.org/chrome-trace-event/-/chrome-trace-event-1.0.4.tgz 12313ms (cache revalidated)
782 http fetch GET 200 https://registry.npmjs.org/callsites/-/callsites-3.1.0.tgz 12312ms (cache revalidated)
783 http fetch GET 200 https://registry.npmjs.org/caniuse-api/-/caniuse-api-3.0.0.tgz 12312ms (cache revalidated)
784 http fetch GET 200 https://registry.npmjs.org/call-bound/-/call-bound-1.0.4.tgz 12313ms (cache revalidated)
785 http fetch GET 200 https://registry.npmjs.org/camel-case/-/camel-case-4.1.2.tgz 12313ms (cache revalidated)
786 http fetch GET 200 https://registry.npmjs.org/bytes/-/bytes-3.1.2.tgz 12312ms (cache revalidated)
787 http fetch GET 200 https://registry.npmjs.org/buffer-from/-/buffer-from-1.1.2.tgz 12312ms (cache revalidated)
788 http fetch GET 200 https://registry.npmjs.org/call-bind-apply-helpers/-/call-bind-apply-helpers-1.0.2.tgz 12313ms (cache revalidated)
789 http fetch GET 200 https://registry.npmjs.org/cac/-/cac-6.7.14.tgz 12313ms (cache revalidated)
790 http fetch GET 200 https://registry.npmjs.org/chokidar/-/chokidar-3.6.0.tgz 12316ms (cache revalidated)
791 http fetch GET 200 https://registry.npmjs.org/boolbase/-/boolbase-1.0.0.tgz 12314ms (cache revalidated)
792 http fetch GET 200 https://registry.npmjs.org/browserslist/-/browserslist-4.28.1.tgz 12315ms (cache revalidated)
793 http fetch GET 200 https://registry.npmjs.org/bluebird/-/bluebird-3.7.2.tgz 12315ms (cache revalidated)
794 http fetch GET 200 https://registry.npmjs.org/bonjour-service/-/bonjour-service-1.3.0.tgz 12418ms (cache revalidated)
795 http fetch GET 200 https://registry.npmjs.org/birpc/-/birpc-2.9.0.tgz 12426ms (cache revalidated)
796 http fetch GET 200 https://registry.npmjs.org/braces/-/braces-3.0.3.tgz 12427ms (cache revalidated)
797 http fetch GET 200 https://registry.npmjs.org/batch/-/batch-0.6.1.tgz 12432ms (cache revalidated)
798 http fetch GET 200 https://registry.npmjs.org/base64-js/-/base64-js-1.5.1.tgz 12433ms (cache revalidated)
799 http fetch GET 200 https://registry.npmjs.org/body-parser/-/body-parser-1.20.4.tgz 12434ms (cache revalidated)
800 http fetch GET 200 https://registry.npmjs.org/brace-expansion/-/brace-expansion-1.1.12.tgz 12633ms (cache revalidated)
801 http fetch GET 200 https://registry.npmjs.org/big.js/-/big.js-5.2.2.tgz 12632ms (cache revalidated)
802 http fetch GET 200 https://registry.npmjs.org/baseline-browser-mapping/-/baseline-browser-mapping-2.9.7.tgz 12633ms (cache revalidated)
803 http fetch GET 200 https://registry.npmjs.org/buffer/-/buffer-5.7.1.tgz 12636ms (cache revalidated)
804 http fetch GET 200 https://registry.npmjs.org/babel-plugin-dynamic-import-node/-/babel-plugin-dynamic-import-node-2.3.3.tgz 12634ms (cache revalidated)
805 http fetch GET 200 https://registry.npmjs.org/binary-extensions/-/binary-extensions-2.3.0.tgz 12635ms (cache revalidated)
806 http fetch GET 200 https://registry.npmjs.org/babel-plugin-polyfill-regenerator/-/babel-plugin-polyfill-regenerator-0.6.6.tgz 12663ms (cache revalidated)
807 http fetch GET 200 https://registry.npmjs.org/balanced-match/-/balanced-match-1.0.2.tgz 12663ms (cache revalidated)
808 http fetch GET 200 https://registry.npmjs.org/babel-plugin-polyfill-corejs3/-/babel-plugin-polyfill-corejs3-0.13.0.tgz 12664ms (cache revalidated)
809 http fetch GET 200 https://registry.npmjs.org/autoprefixer/-/autoprefixer-10.4.23.tgz 12664ms (cache revalidated)
810 http fetch GET 200 https://registry.npmjs.org/at-least-node/-/at-least-node-1.0.0.tgz 12664ms (cache revalidated)
811 http fetch GET 200 https://registry.npmjs.org/available-typed-arrays/-/available-typed-arrays-1.0.7.tgz 12665ms (cache revalidated)
812 http fetch GET 200 https://registry.npmjs.org/bl/-/bl-4.1.0.tgz 12666ms (cache revalidated)
813 http fetch GET 200 https://registry.npmjs.org/async/-/async-3.2.6.tgz 12667ms (cache revalidated)
814 http fetch GET 200 https://registry.npmjs.org/babel-plugin-polyfill-corejs2/-/babel-plugin-polyfill-corejs2-0.4.15.tgz 12668ms (cache revalidated)
815 http fetch GET 200 https://registry.npmjs.org/babel-loader/-/babel-loader-8.4.1.tgz 12751ms (cache revalidated)
816 http fetch GET 200 https://registry.npmjs.org/array-union/-/array-union-2.1.0.tgz 12760ms (cache revalidated)
817 http fetch GET 200 https://registry.npmjs.org/assertion-error/-/assertion-error-1.1.0.tgz 12760ms (cache revalidated)
818 http fetch GET 200 https://registry.npmjs.org/argparse/-/argparse-1.0.10.tgz 12761ms (cache revalidated)
819 http fetch GET 200 https://registry.npmjs.org/axios/-/axios-1.13.2.tgz 12768ms (cache revalidated)
820 http fetch GET 200 https://registry.npmjs.org/astral-regex/-/astral-regex-2.0.0.tgz 12772ms (cache revalidated)
821 http fetch GET 200 https://registry.npmjs.org/axios-mock-adapter/-/axios-mock-adapter-1.22.0.tgz 12782ms (cache revalidated)
822 http fetch GET 200 https://registry.npmjs.org/array-buffer-byte-length/-/array-buffer-byte-length-1.0.2.tgz 12782ms (cache revalidated)
823 http fetch GET 200 https://registry.npmjs.org/array-flatten/-/array-flatten-1.1.1.tgz 12962ms (cache revalidated)
824 http fetch GET 200 https://registry.npmjs.org/asynckit/-/asynckit-0.4.0.tgz 12964ms (cache revalidated)
825 http fetch GET 200 https://registry.npmjs.org/ansi-escapes/-/ansi-escapes-3.2.0.tgz 12962ms (cache revalidated)
826 http fetch GET 200 https://registry.npmjs.org/ansi-regex/-/ansi-regex-5.0.1.tgz 12962ms (cache revalidated)
827 http fetch GET 200 https://registry.npmjs.org/arch/-/arch-2.2.0.tgz 12964ms (cache revalidated)
828 http fetch GET 200 https://registry.npmjs.org/ajv/-/ajv-6.12.6.tgz 12965ms (cache revalidated)
829 http fetch GET 200 https://registry.npmjs.org/agent-base/-/agent-base-6.0.2.tgz 12965ms (cache revalidated)
830 http fetch GET 200 https://registry.npmjs.org/ansi-styles/-/ansi-styles-4.3.0.tgz 12966ms (cache revalidated)
831 http fetch GET 200 https://registry.npmjs.org/any-promise/-/any-promise-1.3.0.tgz 12967ms (cache revalidated)
832 http fetch GET 200 https://registry.npmjs.org/ajv-keywords/-/ajv-keywords-3.5.2.tgz 12966ms (cache revalidated)
833 http fetch GET 200 https://registry.npmjs.org/aria-query/-/aria-query-5.1.3.tgz 12968ms (cache revalidated)
834 http fetch GET 200 https://registry.npmjs.org/anymatch/-/anymatch-3.1.3.tgz 12969ms (cache revalidated)
835 http fetch GET 200 https://registry.npmjs.org/ansi-colors/-/ansi-colors-4.1.3.tgz 12968ms (cache revalidated)
836 http fetch GET 200 https://registry.npmjs.org/ajv-formats/-/ajv-formats-2.1.1.tgz 12968ms (cache revalidated)
837 http fetch GET 200 https://registry.npmjs.org/ansi-html-community/-/ansi-html-community-0.0.8.tgz 12968ms (cache revalidated)
838 http fetch GET 200 https://registry.npmjs.org/abbrev/-/abbrev-2.0.0.tgz 13121ms (cache revalidated)
839 http fetch GET 200 https://registry.npmjs.org/address/-/address-1.2.2.tgz 13122ms (cache revalidated)
840 http fetch GET 200 https://registry.npmjs.org/accepts/-/accepts-1.3.8.tgz 13122ms (cache revalidated)
841 http fetch GET 200 https://registry.npmjs.org/acorn-walk/-/acorn-walk-8.3.4.tgz 13123ms (cache revalidated)
842 http fetch GET 200 https://registry.npmjs.org/@webassemblyjs/wasm-gen/-/wasm-gen-1.14.1.tgz 13122ms (cache revalidated)
843 http fetch GET 200 https://registry.npmjs.org/@webassemblyjs/wast-printer/-/wast-printer-1.14.1.tgz 13123ms (cache revalidated)
844 http fetch GET 200 https://registry.npmjs.org/acorn-jsx/-/acorn-jsx-5.3.2.tgz 13124ms (cache revalidated)
845 http fetch GET 200 https://registry.npmjs.org/abab/-/abab-2.0.6.tgz 13122ms (cache revalidated)
846 http fetch GET 200 https://registry.npmjs.org/acorn-import-phases/-/acorn-import-phases-1.0.4.tgz 13124ms (cache revalidated)
847 http fetch GET 200 https://registry.npmjs.org/@xtuc/ieee754/-/ieee754-1.2.0.tgz 13130ms (cache revalidated)
848 http fetch GET 200 https://registry.npmjs.org/@xtuc/long/-/long-4.2.2.tgz 13130ms (cache revalidated)
849 http fetch GET 200 https://registry.npmjs.org/@webassemblyjs/wasm-parser/-/wasm-parser-1.14.1.tgz 13130ms (cache revalidated)
850 http fetch GET 200 https://registry.npmjs.org/@webassemblyjs/helper-wasm-section/-/helper-wasm-section-1.14.1.tgz 13130ms (cache revalidated)
851 warn deprecated abab@2.0.6: Use your platform's native atob() and btoa() methods instead
852 http fetch GET 200 https://registry.npmjs.org/@webassemblyjs/leb128/-/leb128-1.13.2.tgz 13169ms (cache revalidated)
853 http fetch GET 200 https://registry.npmjs.org/@webassemblyjs/wasm-opt/-/wasm-opt-1.14.1.tgz 13170ms (cache revalidated)
854 http fetch GET 200 https://registry.npmjs.org/@webassemblyjs/utf8/-/utf8-1.13.2.tgz 13467ms (cache revalidated)
855 http fetch GET 200 https://registry.npmjs.org/@webassemblyjs/ast/-/ast-1.14.1.tgz 13467ms (cache revalidated)
856 http fetch GET 200 https://registry.npmjs.org/@webassemblyjs/wasm-edit/-/wasm-edit-1.14.1.tgz 13470ms (cache revalidated)
857 http fetch GET 200 https://registry.npmjs.org/@vue/web-component-wrapper/-/web-component-wrapper-1.3.0.tgz 13469ms (cache revalidated)
858 http fetch GET 200 https://registry.npmjs.org/acorn/-/acorn-8.15.0.tgz 13472ms (cache revalidated)
859 http fetch GET 200 https://registry.npmjs.org/@webassemblyjs/helper-wasm-bytecode/-/helper-wasm-bytecode-1.13.2.tgz 13471ms (cache revalidated)
860 http fetch GET 200 https://registry.npmjs.org/@webassemblyjs/helper-numbers/-/helper-numbers-1.13.2.tgz 13472ms (cache revalidated)
861 http fetch GET 200 https://registry.npmjs.org/@webassemblyjs/helper-api-error/-/helper-api-error-1.13.2.tgz 13471ms (cache revalidated)
862 http fetch GET 200 https://registry.npmjs.org/@webassemblyjs/helper-buffer/-/helper-buffer-1.14.1.tgz 13472ms (cache revalidated)
863 http fetch GET 200 https://registry.npmjs.org/@vue/reactivity/-/reactivity-3.5.25.tgz 13472ms (cache revalidated)
864 http fetch GET 200 https://registry.npmjs.org/vue-loader/-/vue-loader-15.11.1.tgz 13473ms (cache revalidated)
865 http fetch GET 200 https://registry.npmjs.org/@webassemblyjs/floating-point-hex-parser/-/floating-point-hex-parser-1.13.2.tgz 13473ms (cache revalidated)
866 http fetch GET 200 https://registry.npmjs.org/@webassemblyjs/ieee754/-/ieee754-1.13.2.tgz 13475ms (cache revalidated)
867 http fetch GET 200 https://registry.npmjs.org/@vue/eslint-config-prettier/-/eslint-config-prettier-7.1.0.tgz 13473ms (cache revalidated)
868 http fetch GET 200 https://registry.npmjs.org/@vue/runtime-dom/-/runtime-dom-3.5.25.tgz 13525ms (cache revalidated)
869 http fetch GET 200 https://registry.npmjs.org/@vue/shared/-/shared-3.5.25.tgz 13619ms (cache revalidated)
870 http fetch GET 200 https://registry.npmjs.org/@vue/server-renderer/-/server-renderer-3.5.25.tgz 13620ms (cache revalidated)
871 http fetch GET 200 https://registry.npmjs.org/@vue/cli-shared-utils/-/cli-shared-utils-5.0.9.tgz 13615ms (cache revalidated)
872 http fetch GET 200 https://registry.npmjs.org/@vue/cli-plugin-vuex/-/cli-plugin-vuex-5.0.9.tgz 13615ms (cache revalidated)
873 http fetch GET 200 https://registry.npmjs.org/@vue/compiler-core/-/compiler-core-3.5.25.tgz 13618ms (cache revalidated)
874 http fetch GET 200 https://registry.npmjs.org/@vue/devtools-kit/-/devtools-kit-7.7.9.tgz 13623ms (cache revalidated)
875 http fetch GET 200 https://registry.npmjs.org/@vue/test-utils/-/test-utils-2.4.6.tgz 13627ms (cache revalidated)
876 http fetch GET 200 https://registry.npmjs.org/@vue/runtime-core/-/runtime-core-3.5.25.tgz 13628ms (cache revalidated)
877 http fetch GET 200 https://registry.npmjs.org/@vue/component-compiler-utils/-/component-compiler-utils-3.3.0.tgz 13636ms (cache revalidated)
878 http fetch GET 200 https://registry.npmjs.org/@vue/cli-plugin-router/-/cli-plugin-router-5.0.9.tgz 13633ms (cache revalidated)
879 http fetch GET 200 https://registry.npmjs.org/@vue/compiler-dom/-/compiler-dom-3.5.25.tgz 13637ms (cache revalidated)
880 http fetch GET 200 https://registry.npmjs.org/@vue/devtools-shared/-/devtools-shared-7.7.9.tgz 13639ms (cache revalidated)
881 http fetch GET 200 https://registry.npmjs.org/@vue/cli-plugin-eslint/-/cli-plugin-eslint-5.0.9.tgz 13673ms (cache revalidated)
882 http fetch GET 200 https://registry.npmjs.org/@vue/babel-sugar-v-on/-/babel-sugar-v-on-1.4.0.tgz 13962ms (cache revalidated)
883 http fetch GET 200 https://registry.npmjs.org/@vue/babel-sugar-inject-h/-/babel-sugar-inject-h-1.4.0.tgz 13962ms (cache revalidated)
884 http fetch GET 200 https://registry.npmjs.org/@vue/compiler-ssr/-/compiler-ssr-3.5.25.tgz 13967ms (cache revalidated)
885 http fetch GET 200 https://registry.npmjs.org/@vue/cli-plugin-babel/-/cli-plugin-babel-5.0.9.tgz 13965ms (cache revalidated)
886 http fetch GET 200 https://registry.npmjs.org/@vue/cli-overlay/-/cli-overlay-5.0.9.tgz 13965ms (cache revalidated)
887 http fetch GET 200 https://registry.npmjs.org/@vue/babel-sugar-composition-api-inject-h/-/babel-sugar-composition-api-inject-h-1.4.0.tgz 13964ms (cache revalidated)
888 http fetch GET 200 https://registry.npmjs.org/@vue/compiler-sfc/-/compiler-sfc-3.5.25.tgz 13973ms (cache revalidated)
889 http fetch GET 200 https://registry.npmjs.org/@vue/babel-plugin-resolve-type/-/babel-plugin-resolve-type-1.5.0.tgz 13969ms (cache revalidated)
890 http fetch GET 200 https://registry.npmjs.org/@vue/babel-sugar-composition-api-render-instance/-/babel-sugar-composition-api-render-instance-1.4.0.tgz 13978ms (cache revalidated)
891 http fetch GET 200 https://registry.npmjs.org/@vue/babel-preset-jsx/-/babel-preset-jsx-1.4.0.tgz 13978ms (cache revalidated)
892 http fetch GET 200 https://registry.npmjs.org/@vue/babel-plugin-jsx/-/babel-plugin-jsx-1.5.0.tgz 13978ms (cache revalidated)
893 http fetch GET 200 https://registry.npmjs.org/@vue/devtools-api/-/devtools-api-6.6.4.tgz 13985ms (cache revalidated)
894 http fetch GET 200 https://registry.npmjs.org/@vue/babel-sugar-v-model/-/babel-sugar-v-model-1.4.0.tgz 13980ms (cache revalidated)
895 http fetch GET 200 https://registry.npmjs.org/@vue/babel-sugar-functional-vue/-/babel-sugar-functional-vue-1.4.0.tgz 13980ms (cache revalidated)
896 http fetch GET 200 https://registry.npmjs.org/@vue/cli-service/-/cli-service-5.0.9.tgz 13982ms (cache revalidated)
897 http fetch GET 200 https://registry.npmjs.org/@vue/babel-preset-app/-/babel-preset-app-5.0.9.tgz 14474ms (cache revalidated)
898 http fetch GET 200 https://registry.npmjs.org/@vitest/utils/-/utils-1.6.1.tgz 14474ms (cache revalidated)
899 http fetch GET 200 https://registry.npmjs.org/@vitest/spy/-/spy-1.6.1.tgz 14474ms (cache revalidated)
900 http fetch GET 200 https://registry.npmjs.org/@types/trusted-types/-/trusted-types-2.0.7.tgz 14473ms (cache revalidated)
901 http fetch GET 200 https://registry.npmjs.org/@vitejs/plugin-vue/-/plugin-vue-4.6.2.tgz 14474ms (cache revalidated)
902 http fetch GET 200 https://registry.npmjs.org/@types/statuses/-/statuses-2.0.6.tgz 14473ms (cache revalidated)
903 http fetch GET 200 https://registry.npmjs.org/@vue/babel-plugin-transform-vue-jsx/-/babel-plugin-transform-vue-jsx-1.4.0.tgz 14475ms (cache revalidated)
904 http fetch GET 200 https://registry.npmjs.org/@vitest/snapshot/-/snapshot-1.6.1.tgz 14476ms (cache revalidated)
905 http fetch GET 200 https://registry.npmjs.org/@vitest/expect/-/expect-1.6.1.tgz 14475ms (cache revalidated)
906 http fetch GET 200 https://registry.npmjs.org/@types/serve-index/-/serve-index-1.9.4.tgz 14482ms (cache revalidated)
907 http fetch GET 200 https://registry.npmjs.org/@vitest/runner/-/runner-1.6.1.tgz 14484ms (cache revalidated)
908 http fetch GET 200 https://registry.npmjs.org/@types/tough-cookie/-/tough-cookie-4.0.5.tgz 14483ms (cache revalidated)
909 http fetch GET 200 https://registry.npmjs.org/@vitest/ui/-/ui-1.6.1.tgz 14487ms (cache revalidated)
910 http fetch GET 200 https://registry.npmjs.org/@vue/babel-helper-vue-jsx-merge-props/-/babel-helper-vue-jsx-merge-props-1.4.0.tgz 14487ms (cache revalidated)
911 http fetch GET 200 https://registry.npmjs.org/@types/normalize-package-data/-/normalize-package-data-2.4.4.tgz 14577ms (cache revalidated)
912 http fetch GET 200 https://registry.npmjs.org/@vitest/coverage-v8/-/coverage-v8-1.6.1.tgz 14580ms (cache revalidated)
913 http fetch GET 200 https://registry.npmjs.org/@types/yargs/-/yargs-17.0.35.tgz 14812ms (cache revalidated)
914 http fetch GET 200 https://registry.npmjs.org/@types/sockjs/-/sockjs-0.3.36.tgz 14811ms (cache revalidated)
915 http fetch GET 200 https://registry.npmjs.org/@types/ws/-/ws-8.18.1.tgz 14813ms (cache revalidated)
916 http fetch GET 200 https://registry.npmjs.org/@types/serve-static/-/serve-static-1.15.10.tgz 14812ms (cache revalidated)
917 http fetch GET 200 https://registry.npmjs.org/@types/send/-/send-1.2.1.tgz 14812ms (cache revalidated)
918 http fetch GET 200 https://registry.npmjs.org/@types/yargs-parser/-/yargs-parser-21.0.3.tgz 14813ms (cache revalidated)
919 http fetch GET 200 https://registry.npmjs.org/@types/node/-/node-25.0.2.tgz 14816ms (cache revalidated)
920 http fetch GET 200 https://registry.npmjs.org/@vue/babel-helper-vue-transform-on/-/babel-helper-vue-transform-on-1.5.0.tgz 15012ms (cache revalidated)
921 http fetch GET 200 https://registry.npmjs.org/@types/qs/-/qs-6.14.0.tgz 15009ms (cache revalidated)
922 http fetch GET 200 https://registry.npmjs.org/@types/retry/-/retry-0.12.0.tgz 15010ms (cache revalidated)
923 http fetch GET 200 https://registry.npmjs.org/@types/json-schema/-/json-schema-7.0.15.tgz 15010ms (cache revalidated)
924 http fetch GET 200 https://registry.npmjs.org/@types/stack-utils/-/stack-utils-2.0.3.tgz 15011ms (cache revalidated)
925 http fetch GET 200 https://registry.npmjs.org/@types/range-parser/-/range-parser-1.2.7.tgz 15010ms (cache revalidated)
926 http fetch GET 200 https://registry.npmjs.org/@types/istanbul-lib-report/-/istanbul-lib-report-3.0.3.tgz 15009ms (cache revalidated)
927 http fetch GET 200 https://registry.npmjs.org/@types/node-forge/-/node-forge-1.3.14.tgz 15011ms (cache revalidated)
928 http fetch GET 200 https://registry.npmjs.org/@types/minimist/-/minimist-1.2.5.tgz 15011ms (cache revalidated)
929 http fetch GET 200 https://registry.npmjs.org/@types/parse-json/-/parse-json-4.0.2.tgz 15012ms (cache revalidated)
930 http fetch GET 200 https://registry.npmjs.org/@types/http-proxy/-/http-proxy-1.17.17.tgz 15236ms (cache revalidated)
931 http fetch GET 200 https://registry.npmjs.org/@types/mime/-/mime-1.3.5.tgz 15238ms (cache revalidated)
932 http fetch GET 200 https://registry.npmjs.org/@types/jsdom/-/jsdom-21.1.7.tgz 15237ms (cache revalidated)
933 http fetch GET 200 https://registry.npmjs.org/@types/http-errors/-/http-errors-2.0.5.tgz 15237ms (cache revalidated)
934 http fetch GET 200 https://registry.npmjs.org/@types/istanbul-reports/-/istanbul-reports-3.0.4.tgz 15239ms (cache revalidated)
935 http fetch GET 200 https://registry.npmjs.org/@types/html-minifier-terser/-/html-minifier-terser-6.1.0.tgz 15787ms (cache revalidated)
936 http fetch GET 200 https://registry.npmjs.org/@types/bonjour/-/bonjour-3.5.13.tgz 15786ms (cache revalidated)
937 http fetch GET 200 https://registry.npmjs.org/@types/express/-/express-4.17.25.tgz 15788ms (cache revalidated)
938 http fetch GET 200 https://registry.npmjs.org/@types/connect-history-api-fallback/-/connect-history-api-fallback-1.5.4.tgz 15787ms (cache revalidated)
939 http fetch GET 200 https://registry.npmjs.org/@types/express-serve-static-core/-/express-serve-static-core-5.1.0.tgz 15788ms (cache revalidated)
940 http fetch GET 200 https://registry.npmjs.org/@types/eslint/-/eslint-8.56.12.tgz 15788ms (cache revalidated)
941 http fetch GET 200 https://registry.npmjs.org/@types/eslint-scope/-/eslint-scope-3.7.7.tgz 15789ms (cache revalidated)
942 http fetch GET 200 https://registry.npmjs.org/@testing-library/dom/-/dom-9.3.4.tgz 15794ms (cache revalidated)
943 http fetch GET 200 https://registry.npmjs.org/@types/connect/-/connect-3.4.38.tgz 15794ms (cache revalidated)
944 http fetch GET 200 https://registry.npmjs.org/@types/istanbul-lib-coverage/-/istanbul-lib-coverage-2.0.6.tgz 15795ms (cache revalidated)
945 http fetch GET 200 https://registry.npmjs.org/@types/aria-query/-/aria-query-5.0.4.tgz 16147ms (cache revalidated)
946 http fetch GET 200 https://registry.npmjs.org/@tootallnate/once/-/once-2.0.0.tgz 16148ms (cache revalidated)
947 http fetch GET 200 https://registry.npmjs.org/@sideway/formula/-/formula-3.0.1.tgz 16147ms (cache revalidated)
948 http fetch GET 200 https://registry.npmjs.org/@soda/get-current-script/-/get-current-script-1.0.2.tgz 16148ms (cache revalidated)
949 http fetch GET 200 https://registry.npmjs.org/@types/estree/-/estree-1.0.8.tgz 16150ms (cache revalidated)
950 http fetch GET 200 https://registry.npmjs.org/@sinonjs/fake-timers/-/fake-timers-13.0.5.tgz 16342ms (cache revalidated)
951 http fetch GET 200 https://registry.npmjs.org/@sinclair/typebox/-/typebox-0.34.48.tgz 16351ms (cache revalidated)
952 http fetch GET 200 https://registry.npmjs.org/@testing-library/vue/-/vue-8.1.0.tgz 16540ms (cache revalidated)
953 http fetch GET 200 https://registry.npmjs.org/@polka/url/-/url-1.0.0-next.29.tgz 16539ms (cache revalidated)
954 http fetch GET 200 https://registry.npmjs.org/@soda/friendly-errors-webpack-plugin/-/friendly-errors-webpack-plugin-1.8.1.tgz 16541ms (cache revalidated)
955 http fetch GET 200 https://registry.npmjs.org/@pdf-lib/upng/-/upng-1.0.1.tgz 16542ms (cache revalidated)
956 http fetch GET 200 https://registry.npmjs.org/@pkgjs/parseargs/-/parseargs-0.11.0.tgz 16542ms (cache revalidated)
957 http fetch GET 200 https://registry.npmjs.org/@trysound/sax/-/sax-0.2.0.tgz 16544ms (cache revalidated)
958 http fetch GET 200 https://registry.npmjs.org/@sinonjs/commons/-/commons-3.0.1.tgz 16544ms (cache revalidated)
959 http fetch GET 200 https://registry.npmjs.org/@types/body-parser/-/body-parser-1.19.6.tgz 16545ms (cache revalidated)
960 http fetch GET 200 https://registry.npmjs.org/@sideway/pinpoint/-/pinpoint-2.0.0.tgz 16545ms (cache revalidated)
961 http fetch GET 200 https://registry.npmjs.org/@open-draft/until/-/until-2.1.0.tgz 16544ms (cache revalidated)
962 http fetch GET 200 https://registry.npmjs.org/@open-draft/logger/-/logger-0.3.0.tgz 16544ms (cache revalidated)
963 http fetch GET 200 https://registry.npmjs.org/@pdf-lib/standard-fonts/-/standard-fonts-1.0.0.tgz 16546ms (cache revalidated)
964 http fetch GET 200 https://registry.npmjs.org/@node-ipc/js-queue/-/js-queue-2.0.3.tgz 16547ms (cache revalidated)
965 http fetch GET 200 https://registry.npmjs.org/@sideway/address/-/address-4.1.5.tgz 16780ms (cache revalidated)
966 http fetch GET 200 https://registry.npmjs.org/@open-draft/deferred-promise/-/deferred-promise-2.2.0.tgz 16778ms (cache revalidated)
967 http fetch GET 200 https://registry.npmjs.org/@nodelib/fs.stat/-/fs.stat-2.0.5.tgz 16819ms (cache revalidated)
968 http fetch GET 200 https://registry.npmjs.org/@nodelib/fs.walk/-/fs.walk-1.2.8.tgz 16820ms (cache revalidated)
969 http fetch GET 200 https://registry.npmjs.org/@one-ini/wasm/-/wasm-0.1.1.tgz 16821ms (cache revalidated)
970 http fetch GET 200 https://registry.npmjs.org/@jridgewell/trace-mapping/-/trace-mapping-0.3.31.tgz 16821ms (cache revalidated)
971 http fetch GET 200 https://registry.npmjs.org/@mswjs/interceptors/-/interceptors-0.41.2.tgz 16825ms (cache revalidated)
972 http fetch GET 200 https://registry.npmjs.org/@rollup/rollup-win32-x64-msvc/-/rollup-win32-x64-msvc-4.57.1.tgz 16833ms (cache revalidated)
973 http fetch GET 200 https://registry.npmjs.org/@nodelib/fs.scandir/-/fs.scandir-2.1.5.tgz 16832ms (cache revalidated)
974 http fetch GET 200 https://registry.npmjs.org/@leichtgewicht/ip-codec/-/ip-codec-2.0.5.tgz 16971ms (cache revalidated)
975 http fetch GET 200 https://registry.npmjs.org/@jridgewell/remapping/-/remapping-2.3.5.tgz 16971ms (cache revalidated)
976 http fetch GET 200 https://registry.npmjs.org/@jridgewell/source-map/-/source-map-0.3.11.tgz 16973ms (cache revalidated)
977 http fetch GET 200 https://registry.npmjs.org/@jridgewell/resolve-uri/-/resolve-uri-3.1.2.tgz 16973ms (cache revalidated)
978 http fetch GET 200 https://registry.npmjs.org/@pdf-lib/fontkit/-/fontkit-1.1.1.tgz 16986ms (cache revalidated)
979 http fetch GET 200 https://registry.npmjs.org/@rollup/rollup-win32-x64-gnu/-/rollup-win32-x64-gnu-4.57.1.tgz 16993ms (cache revalidated)
980 http fetch GET 200 https://registry.npmjs.org/@istanbuljs/schema/-/schema-0.1.3.tgz 17175ms (cache revalidated)
981 http fetch GET 200 https://registry.npmjs.org/@isaacs/cliui/-/cliui-8.0.2.tgz 17175ms (cache revalidated)
982 http fetch GET 200 https://registry.npmjs.org/@jest/pattern/-/pattern-30.0.1.tgz 17175ms (cache revalidated)
983 http fetch GET 200 https://registry.npmjs.org/@jest/types/-/types-30.2.0.tgz 17177ms (cache revalidated)
984 http fetch GET 200 https://registry.npmjs.org/@intlify/shared/-/shared-9.14.5.tgz 17175ms (cache revalidated)
985 http fetch GET 200 https://registry.npmjs.org/@jridgewell/gen-mapping/-/gen-mapping-0.3.13.tgz 17177ms (cache revalidated)
986 http fetch GET 200 https://registry.npmjs.org/@jest/fake-timers/-/fake-timers-30.2.0.tgz 17177ms (cache revalidated)
987 http fetch GET 200 https://registry.npmjs.org/@jridgewell/sourcemap-codec/-/sourcemap-codec-1.5.5.tgz 17179ms (cache revalidated)
988 http fetch GET 200 https://registry.npmjs.org/@jest/schemas/-/schemas-30.0.5.tgz 17178ms (cache revalidated)
989 http fetch GET 200 https://registry.npmjs.org/@jest/environment/-/environment-30.2.0.tgz 17389ms (cache revalidated)
990 http fetch GET 200 https://registry.npmjs.org/@inquirer/core/-/core-10.3.2.tgz 17390ms (cache revalidated)
991 http fetch GET 200 https://registry.npmjs.org/@intlify/message-compiler/-/message-compiler-9.14.5.tgz 17390ms (cache revalidated)
992 http fetch GET 200 https://registry.npmjs.org/@inquirer/confirm/-/confirm-5.1.21.tgz 17390ms (cache revalidated)
993 http fetch GET 200 https://registry.npmjs.org/@inquirer/type/-/type-3.0.10.tgz 17391ms (cache revalidated)
994 http fetch GET 200 https://registry.npmjs.org/@intlify/core-base/-/core-base-9.14.5.tgz 17392ms (cache revalidated)
995 http fetch GET 200 https://registry.npmjs.org/@inquirer/ansi/-/ansi-1.0.2.tgz 17574ms (cache revalidated)
996 http fetch GET 200 https://registry.npmjs.org/@jest/environment-jsdom-abstract/-/environment-jsdom-abstract-30.2.0.tgz 17576ms (cache revalidated)
997 http fetch GET 200 https://registry.npmjs.org/@csstools/css-color-parser/-/css-color-parser-3.1.0.tgz 17574ms (cache revalidated)
998 http fetch GET 200 https://registry.npmjs.org/@hapi/hoek/-/hoek-9.3.0.tgz 17783ms (cache revalidated)
999 http fetch GET 200 https://registry.npmjs.org/@inquirer/figures/-/figures-1.0.15.tgz 17784ms (cache revalidated)
1000 http fetch GET 200 https://registry.npmjs.org/@humanwhocodes/object-schema/-/object-schema-1.2.1.tgz 17783ms (cache revalidated)
1001 http fetch GET 200 https://registry.npmjs.org/@csstools/css-tokenizer/-/css-tokenizer-3.0.4.tgz 17783ms (cache revalidated)
1002 http fetch GET 200 https://registry.npmjs.org/@humanwhocodes/config-array/-/config-array-0.5.0.tgz 17784ms (cache revalidated)
1003 http fetch GET 200 https://registry.npmjs.org/@hapi/topo/-/topo-5.1.0.tgz 17784ms (cache revalidated)
1004 http fetch GET 200 https://registry.npmjs.org/@eslint/eslintrc/-/eslintrc-0.4.3.tgz 17785ms (cache revalidated)
1005 warn deprecated @humanwhocodes/config-array@0.5.0: Use @eslint/config-array instead
1006 warn deprecated @humanwhocodes/object-schema@1.2.1: Use @eslint/object-schema instead
1007 http fetch GET 200 https://registry.npmjs.org/@csstools/css-parser-algorithms/-/css-parser-algorithms-3.0.5.tgz 17986ms (cache revalidated)
1008 http fetch GET 200 https://registry.npmjs.org/@babel/traverse/-/traverse-7.29.0.tgz 17987ms (cache revalidated)
1009 http fetch GET 200 https://registry.npmjs.org/@csstools/css-calc/-/css-calc-2.1.4.tgz 17989ms (cache revalidated)
1010 http fetch GET 200 https://registry.npmjs.org/@esbuild/win32-x64/-/win32-x64-0.21.5.tgz 18021ms (cache revalidated)
1011 http fetch GET 200 https://registry.npmjs.org/@csstools/color-helpers/-/color-helpers-5.1.0.tgz 18024ms (cache revalidated)
1012 http fetch GET 200 https://registry.npmjs.org/@babel/template/-/template-7.28.6.tgz 18125ms (cache revalidated)
1013 http fetch GET 200 https://registry.npmjs.org/@bcoe/v8-coverage/-/v8-coverage-0.2.3.tgz 18126ms (cache revalidated)
1014 http fetch GET 200 https://registry.npmjs.org/@babel/plugin-transform-unicode-sets-regex/-/plugin-transform-unicode-sets-regex-7.28.6.tgz 18176ms (cache revalidated)
1015 http fetch GET 200 https://registry.npmjs.org/@babel/plugin-transform-unicode-regex/-/plugin-transform-unicode-regex-7.27.1.tgz 18255ms (cache revalidated)
1016 http fetch GET 200 https://registry.npmjs.org/@babel/preset-modules/-/preset-modules-0.1.6-no-external-plugins.tgz 18303ms (cache revalidated)
1017 http fetch GET 200 https://registry.npmjs.org/@babel/runtime/-/runtime-7.28.6.tgz 18306ms (cache revalidated)
1018 http fetch GET 200 https://registry.npmjs.org/@babel/plugin-transform-template-literals/-/plugin-transform-template-literals-7.27.1.tgz 18305ms (cache revalidated)
1019 http fetch GET 200 https://registry.npmjs.org/@babel/plugin-transform-runtime/-/plugin-transform-runtime-7.29.0.tgz 18305ms (cache revalidated)
1020 http fetch GET 200 https://registry.npmjs.org/@discoveryjs/json-ext/-/json-ext-0.5.7.tgz 18309ms (cache revalidated)
1021 http fetch GET 200 https://registry.npmjs.org/@babel/plugin-transform-unicode-property-regex/-/plugin-transform-unicode-property-regex-7.28.6.tgz 18306ms (cache revalidated)
1022 http fetch GET 200 https://registry.npmjs.org/@babel/preset-env/-/preset-env-7.29.0.tgz 18308ms (cache revalidated)
1023 http fetch GET 200 https://registry.npmjs.org/@babel/types/-/types-7.29.0.tgz 18314ms (cache revalidated)
1024 http fetch GET 200 https://registry.npmjs.org/@babel/plugin-transform-shorthand-properties/-/plugin-transform-shorthand-properties-7.27.1.tgz 18354ms (cache revalidated)
1025 http fetch GET 200 https://registry.npmjs.org/@babel/plugin-transform-regenerator/-/plugin-transform-regenerator-7.29.0.tgz 18354ms (cache revalidated)
1026 http fetch GET 200 https://registry.npmjs.org/@babel/plugin-transform-regexp-modifiers/-/plugin-transform-regexp-modifiers-7.28.6.tgz 18354ms (cache revalidated)
1027 http fetch GET 200 https://registry.npmjs.org/@babel/plugin-transform-reserved-words/-/plugin-transform-reserved-words-7.27.1.tgz 18355ms (cache revalidated)
1028 http fetch GET 200 https://registry.npmjs.org/@babel/plugin-transform-parameters/-/plugin-transform-parameters-7.27.7.tgz 18354ms (cache revalidated)
1029 http fetch GET 200 https://registry.npmjs.org/@babel/plugin-transform-unicode-escapes/-/plugin-transform-unicode-escapes-7.27.1.tgz 18355ms (cache revalidated)
1030 http fetch GET 200 https://registry.npmjs.org/@babel/plugin-transform-private-property-in-object/-/plugin-transform-private-property-in-object-7.28.6.tgz 18381ms (cache revalidated)
1031 http fetch GET 200 https://registry.npmjs.org/@babel/plugin-transform-spread/-/plugin-transform-spread-7.28.6.tgz 18612ms (cache revalidated)
1032 http fetch GET 200 https://registry.npmjs.org/@babel/plugin-transform-sticky-regex/-/plugin-transform-sticky-regex-7.27.1.tgz 18614ms (cache revalidated)
1033 http fetch GET 200 https://registry.npmjs.org/@babel/plugin-transform-numeric-separator/-/plugin-transform-numeric-separator-7.28.6.tgz 18612ms (cache revalidated)
1034 http fetch GET 200 https://registry.npmjs.org/@babel/plugin-transform-optional-chaining/-/plugin-transform-optional-chaining-7.28.6.tgz 18648ms (cache revalidated)
1035 http fetch GET 200 https://registry.npmjs.org/@babel/plugin-transform-typeof-symbol/-/plugin-transform-typeof-symbol-7.27.1.tgz 18650ms (cache revalidated)
1036 http fetch GET 200 https://registry.npmjs.org/@babel/plugin-transform-object-super/-/plugin-transform-object-super-7.27.1.tgz 18648ms (cache revalidated)
1037 http fetch GET 200 https://registry.npmjs.org/@babel/plugin-transform-private-methods/-/plugin-transform-private-methods-7.28.6.tgz 18708ms (cache revalidated)
1038 http fetch GET 200 https://registry.npmjs.org/@babel/plugin-transform-property-literals/-/plugin-transform-property-literals-7.27.1.tgz 18708ms (cache revalidated)
1039 http fetch GET 200 https://registry.npmjs.org/@babel/plugin-transform-optional-catch-binding/-/plugin-transform-optional-catch-binding-7.28.6.tgz 18708ms (cache revalidated)
1040 http fetch GET 200 https://registry.npmjs.org/@babel/plugin-transform-named-capturing-groups-regex/-/plugin-transform-named-capturing-groups-regex-7.29.0.tgz 18727ms (cache revalidated)
1041 http fetch GET 200 https://registry.npmjs.org/@babel/plugin-transform-nullish-coalescing-operator/-/plugin-transform-nullish-coalescing-operator-7.28.6.tgz 18728ms (cache revalidated)
1042 http fetch GET 200 https://registry.npmjs.org/@babel/plugin-transform-member-expression-literals/-/plugin-transform-member-expression-literals-7.27.1.tgz 18727ms (cache revalidated)
1043 http fetch GET 200 https://registry.npmjs.org/@babel/plugin-transform-modules-commonjs/-/plugin-transform-modules-commonjs-7.28.6.tgz 18727ms (cache revalidated)
1044 http fetch GET 200 https://registry.npmjs.org/@babel/plugin-transform-modules-umd/-/plugin-transform-modules-umd-7.27.1.tgz 18729ms (cache revalidated)
1045 http fetch GET 200 https://registry.npmjs.org/@babel/plugin-transform-json-strings/-/plugin-transform-json-strings-7.28.6.tgz 18728ms (cache revalidated)
1046 http fetch GET 200 https://registry.npmjs.org/@babel/plugin-transform-logical-assignment-operators/-/plugin-transform-logical-assignment-operators-7.28.6.tgz 18731ms (cache revalidated)
1047 http fetch GET 200 https://registry.npmjs.org/@babel/plugin-transform-object-rest-spread/-/plugin-transform-object-rest-spread-7.28.6.tgz 19010ms (cache revalidated)
1048 http fetch GET 200 https://registry.npmjs.org/@babel/plugin-transform-literals/-/plugin-transform-literals-7.27.1.tgz 19010ms (cache revalidated)
1049 http fetch GET 200 https://registry.npmjs.org/@babel/plugin-transform-dotall-regex/-/plugin-transform-dotall-regex-7.28.6.tgz 19009ms (cache revalidated)
1050 http fetch GET 200 https://registry.npmjs.org/@babel/plugin-transform-new-target/-/plugin-transform-new-target-7.27.1.tgz 19010ms (cache revalidated)
1051 http fetch GET 200 https://registry.npmjs.org/@babel/plugin-transform-modules-systemjs/-/plugin-transform-modules-systemjs-7.29.0.tgz 19010ms (cache revalidated)
1052 http fetch GET 200 https://registry.npmjs.org/@babel/plugin-transform-for-of/-/plugin-transform-for-of-7.27.1.tgz 19010ms (cache revalidated)
1053 http fetch GET 200 https://registry.npmjs.org/@babel/plugin-transform-modules-amd/-/plugin-transform-modules-amd-7.27.1.tgz 19011ms (cache revalidated)
1054 http fetch GET 200 https://registry.npmjs.org/@babel/plugin-transform-exponentiation-operator/-/plugin-transform-exponentiation-operator-7.28.6.tgz 19010ms (cache revalidated)
1055 http fetch GET 200 https://registry.npmjs.org/@babel/plugin-transform-function-name/-/plugin-transform-function-name-7.27.1.tgz 19012ms (cache revalidated)
1056 http fetch GET 200 https://registry.npmjs.org/@babel/plugin-transform-explicit-resource-management/-/plugin-transform-explicit-resource-management-7.28.6.tgz 19039ms (cache revalidated)
1057 http fetch GET 200 https://registry.npmjs.org/@babel/plugin-transform-dynamic-import/-/plugin-transform-dynamic-import-7.27.1.tgz 19039ms (cache revalidated)
1058 http fetch GET 200 https://registry.npmjs.org/@babel/plugin-transform-computed-properties/-/plugin-transform-computed-properties-7.28.6.tgz 19039ms (cache revalidated)
1059 http fetch GET 200 https://registry.npmjs.org/@babel/plugin-transform-class-properties/-/plugin-transform-class-properties-7.28.6.tgz 19039ms (cache revalidated)
1060 http fetch GET 200 https://registry.npmjs.org/@babel/plugin-transform-export-namespace-from/-/plugin-transform-export-namespace-from-7.27.1.tgz 19040ms (cache revalidated)
1061 http fetch GET 200 https://registry.npmjs.org/@babel/plugin-transform-classes/-/plugin-transform-classes-7.28.6.tgz 19040ms (cache revalidated)
1062 http fetch GET 200 https://registry.npmjs.org/@babel/plugin-syntax-dynamic-import/-/plugin-syntax-dynamic-import-7.8.3.tgz 19318ms (cache revalidated)
1063 http fetch GET 200 https://registry.npmjs.org/@babel/plugin-transform-class-static-block/-/plugin-transform-class-static-block-7.28.6.tgz 19321ms (cache revalidated)
1064 http fetch GET 200 https://registry.npmjs.org/@babel/plugin-transform-destructuring/-/plugin-transform-destructuring-7.28.5.tgz 19321ms (cache revalidated)
1065 http fetch GET 200 https://registry.npmjs.org/@babel/plugin-transform-block-scoped-functions/-/plugin-transform-block-scoped-functions-7.27.1.tgz 19322ms (cache revalidated)
1066 http fetch GET 200 https://registry.npmjs.org/@babel/plugin-transform-duplicate-keys/-/plugin-transform-duplicate-keys-7.27.1.tgz 19326ms (cache revalidated)
1067 http fetch GET 200 https://registry.npmjs.org/@babel/plugin-transform-duplicate-named-capturing-groups-regex/-/plugin-transform-duplicate-named-capturing-groups-regex-7.29.0.tgz 19326ms (cache revalidated)
1068 http fetch GET 200 https://registry.npmjs.org/@babel/plugin-syntax-unicode-sets-regex/-/plugin-syntax-unicode-sets-regex-7.18.6.tgz 19346ms (cache revalidated)
1069 http fetch GET 200 https://registry.npmjs.org/@babel/plugin-transform-block-scoping/-/plugin-transform-block-scoping-7.28.6.tgz 19350ms (cache revalidated)
1070 http fetch GET 200 https://registry.npmjs.org/@babel/plugin-transform-async-generator-functions/-/plugin-transform-async-generator-functions-7.29.0.tgz 19348ms (cache revalidated)
1071 http fetch GET 200 https://registry.npmjs.org/@babel/plugin-syntax-jsx/-/plugin-syntax-jsx-7.28.6.tgz 19347ms (cache revalidated)
1072 http fetch GET 200 https://registry.npmjs.org/@babel/plugin-transform-arrow-functions/-/plugin-transform-arrow-functions-7.27.1.tgz 19347ms (cache revalidated)
1073 http fetch GET 200 https://registry.npmjs.org/@babel/plugin-bugfix-v8-spread-parameters-in-optional-chaining/-/plugin-bugfix-v8-spread-parameters-in-optional-chaining-7.27.1.tgz 19347ms (cache revalidated)
1074 http fetch GET 200 https://registry.npmjs.org/@babel/plugin-transform-async-to-generator/-/plugin-transform-async-to-generator-7.28.6.tgz 19350ms (cache revalidated)
1075 http fetch GET 200 https://registry.npmjs.org/@babel/plugin-proposal-private-property-in-object/-/plugin-proposal-private-property-in-object-7.21.0-placeholder-for-preset-env.2.tgz 19348ms (cache revalidated)
1076 http fetch GET 200 https://registry.npmjs.org/@babel/plugin-syntax-import-assertions/-/plugin-syntax-import-assertions-7.28.6.tgz 19349ms (cache revalidated)
1077 http fetch GET 200 https://registry.npmjs.org/@babel/plugin-proposal-decorators/-/plugin-proposal-decorators-7.29.0.tgz 19458ms (cache revalidated)
1078 http fetch GET 200 https://registry.npmjs.org/@babel/plugin-bugfix-safari-id-destructuring-collision-in-function-expression/-/plugin-bugfix-safari-id-destructuring-collision-in-function-expression-7.27.1.tgz 19581ms (cache revalidated)
1079 http fetch GET 200 https://registry.npmjs.org/@babel/plugin-syntax-import-attributes/-/plugin-syntax-import-attributes-7.28.6.tgz 19583ms (cache revalidated)
1080 http fetch GET 200 https://registry.npmjs.org/@babel/plugin-syntax-decorators/-/plugin-syntax-decorators-7.28.6.tgz 19583ms (cache revalidated)
1081 http fetch GET 200 https://registry.npmjs.org/@babel/helper-wrap-function/-/helper-wrap-function-7.28.6.tgz 19613ms (cache revalidated)
1082 http fetch GET 200 https://registry.npmjs.org/@babel/parser/-/parser-7.29.0.tgz 19618ms (cache revalidated)
1083 http fetch GET 200 https://registry.npmjs.org/@babel/plugin-proposal-class-properties/-/plugin-proposal-class-properties-7.18.6.tgz 19724ms (cache revalidated)
1084 http fetch GET 200 https://registry.npmjs.org/@babel/highlight/-/highlight-7.25.9.tgz 19724ms (cache revalidated)
1085 http fetch GET 200 https://registry.npmjs.org/@babel/helper-skip-transparent-expression-wrappers/-/helper-skip-transparent-expression-wrappers-7.27.1.tgz 19723ms (cache revalidated)
1086 http fetch GET 200 https://registry.npmjs.org/@babel/plugin-bugfix-firefox-class-in-computed-class-key/-/plugin-bugfix-firefox-class-in-computed-class-key-7.28.5.tgz 19725ms (cache revalidated)
1087 http fetch GET 200 https://registry.npmjs.org/@babel/plugin-bugfix-v8-static-class-fields-redefine-readonly/-/plugin-bugfix-v8-static-class-fields-redefine-readonly-7.28.6.tgz 19726ms (cache revalidated)
1088 http fetch GET 200 https://registry.npmjs.org/@babel/helper-remap-async-to-generator/-/helper-remap-async-to-generator-7.27.1.tgz 19742ms (cache revalidated)
1089 http fetch GET 200 https://registry.npmjs.org/@babel/helper-validator-identifier/-/helper-validator-identifier-7.28.5.tgz 19744ms (cache revalidated)
1090 http fetch GET 200 https://registry.npmjs.org/@babel/plugin-bugfix-safari-class-field-initializer-scope/-/plugin-bugfix-safari-class-field-initializer-scope-7.27.1.tgz 19744ms (cache revalidated)
1091 http fetch GET 200 https://registry.npmjs.org/@babel/helpers/-/helpers-7.28.4.tgz 19747ms (cache revalidated)
1092 warn deprecated @babel/plugin-proposal-class-properties@7.18.6: This proposal has been merged to the ECMAScript standard and thus this plugin is no longer maintained. Please use @babel/plugin-transform-class-properties instead.
1093 http fetch GET 200 https://registry.npmjs.org/@babel/helper-validator-option/-/helper-validator-option-7.27.1.tgz 19845ms (cache revalidated)
1094 http fetch GET 200 https://registry.npmjs.org/@babel/helper-module-imports/-/helper-module-imports-7.28.6.tgz 19845ms (cache revalidated)
1095 http fetch GET 200 https://registry.npmjs.org/@babel/helper-optimise-call-expression/-/helper-optimise-call-expression-7.27.1.tgz 19849ms (cache revalidated)
1096 http fetch GET 200 https://registry.npmjs.org/@babel/helper-string-parser/-/helper-string-parser-7.27.1.tgz 19850ms (cache revalidated)
1097 http fetch GET 200 https://registry.npmjs.org/@babel/helper-create-class-features-plugin/-/helper-create-class-features-plugin-7.28.6.tgz 19850ms (cache revalidated)
1098 http fetch GET 200 https://registry.npmjs.org/@babel/helper-member-expression-to-functions/-/helper-member-expression-to-functions-7.28.5.tgz 19932ms (cache revalidated)
1099 http fetch GET 200 https://registry.npmjs.org/@babel/helper-define-polyfill-provider/-/helper-define-polyfill-provider-0.6.6.tgz 19932ms (cache revalidated)
1100 http fetch GET 200 https://registry.npmjs.org/@babel/helper-plugin-utils/-/helper-plugin-utils-7.28.6.tgz 19934ms (cache revalidated)
1101 http fetch GET 200 https://registry.npmjs.org/@babel/helper-replace-supers/-/helper-replace-supers-7.28.6.tgz 19934ms (cache revalidated)
1102 http fetch GET 200 https://registry.npmjs.org/@babel/helper-module-transforms/-/helper-module-transforms-7.28.6.tgz 20137ms (cache revalidated)
1103 http fetch GET 200 https://registry.npmjs.org/@babel/compat-data/-/compat-data-7.29.0.tgz 20136ms (cache revalidated)
1104 http fetch GET 200 https://registry.npmjs.org/@babel/helper-annotate-as-pure/-/helper-annotate-as-pure-7.27.3.tgz 20137ms (cache revalidated)
1105 http fetch GET 200 https://registry.npmjs.org/@babel/helper-create-regexp-features-plugin/-/helper-create-regexp-features-plugin-7.28.5.tgz 20137ms (cache revalidated)
1106 http fetch GET 200 https://registry.npmjs.org/@babel/code-frame/-/code-frame-7.29.0.tgz 20137ms (cache revalidated)
1107 http fetch GET 200 https://registry.npmjs.org/@babel/helper-compilation-targets/-/helper-compilation-targets-7.28.6.tgz 20138ms (cache revalidated)
1108 http fetch GET 200 https://registry.npmjs.org/@achrinza/node-ipc/-/node-ipc-9.2.9.tgz 20138ms (cache revalidated)
1109 http fetch GET 200 https://registry.npmjs.org/@babel/helper-globals/-/helper-globals-7.28.0.tgz 20139ms (cache revalidated)
1110 http fetch GET 200 https://registry.npmjs.org/@babel/generator/-/generator-7.29.1.tgz 20140ms (cache revalidated)
1111 http fetch GET 200 https://registry.npmjs.org/@babel/core/-/core-7.28.5.tgz 20142ms (cache revalidated)
1112 http fetch GET 200 https://registry.npmjs.org/@asamuzakjp/css-color/-/css-color-3.2.0.tgz 20153ms (cache revalidated)
1113 http fetch GET 200 https://registry.npmjs.org/normalize-path/-/normalize-path-1.0.0.tgz 20153ms (cache revalidated)
1114 http fetch GET 200 https://registry.npmjs.org/@ampproject/remapping/-/remapping-2.3.0.tgz 20339ms (cache revalidated)
1115 http fetch GET 200 https://registry.npmjs.org/yallist/-/yallist-2.1.2.tgz 20339ms (cache revalidated)
1116 http fetch GET 200 https://registry.npmjs.org/lru-cache/-/lru-cache-4.1.5.tgz 20339ms (cache revalidated)
1117 http fetch GET 200 https://registry.npmjs.org/iconv-lite/-/iconv-lite-0.6.3.tgz 20409ms (cache revalidated)
1118 http fetch GET 200 https://registry.npmjs.org/execa/-/execa-0.8.0.tgz 20409ms (cache revalidated)
1119 http fetch GET 200 https://registry.npmjs.org/schema-utils/-/schema-utils-4.3.3.tgz 20410ms (cache revalidated)
1120 http fetch GET 200 https://registry.npmjs.org/cross-spawn/-/cross-spawn-5.1.0.tgz 20410ms (cache revalidated)
1121 http fetch GET 200 https://registry.npmjs.org/ajv-keywords/-/ajv-keywords-5.1.0.tgz 20528ms (cache revalidated)
1122 http fetch GET 200 https://registry.npmjs.org/json-schema-traverse/-/json-schema-traverse-1.0.0.tgz 20529ms (cache revalidated)
1123 http fetch GET 200 https://registry.npmjs.org/schema-utils/-/schema-utils-4.3.3.tgz 20530ms (cache revalidated)
1124 http fetch GET 200 https://registry.npmjs.org/ajv-keywords/-/ajv-keywords-5.1.0.tgz 20531ms (cache revalidated)
1125 http fetch GET 200 https://registry.npmjs.org/ajv-keywords/-/ajv-keywords-5.1.0.tgz 20532ms (cache revalidated)
1126 http fetch GET 200 https://registry.npmjs.org/json-schema-traverse/-/json-schema-traverse-1.0.0.tgz 20532ms (cache revalidated)
1127 http fetch GET 200 https://registry.npmjs.org/get-stream/-/get-stream-3.0.0.tgz 20534ms (cache revalidated)
1128 http fetch GET 200 https://registry.npmjs.org/ws/-/ws-8.18.3.tgz 20534ms (cache revalidated)
1129 http fetch GET 200 https://registry.npmjs.org/schema-utils/-/schema-utils-4.3.3.tgz 20534ms (cache revalidated)
1130 http fetch GET 200 https://registry.npmjs.org/watchpack/-/watchpack-2.5.1.tgz 20534ms (cache revalidated)
1131 http fetch GET 200 https://registry.npmjs.org/json-schema-traverse/-/json-schema-traverse-1.0.0.tgz 20590ms (cache revalidated)
1132 http fetch GET 200 https://registry.npmjs.org/commander/-/commander-7.2.0.tgz 20591ms (cache revalidated)
1133 http fetch GET 200 https://registry.npmjs.org/semver/-/semver-7.7.3.tgz 20590ms (cache revalidated)
1134 http fetch GET 200 https://registry.npmjs.org/ajv/-/ajv-8.17.1.tgz 20596ms (cache revalidated)
1135 http fetch GET 200 https://registry.npmjs.org/chalk/-/chalk-4.1.2.tgz 20597ms (cache revalidated)
1136 http fetch GET 200 https://registry.npmjs.org/hash-sum/-/hash-sum-1.0.2.tgz 20800ms (cache revalidated)
1137 http fetch GET 200 https://registry.npmjs.org/signal-exit/-/signal-exit-4.1.0.tgz 20836ms (cache revalidated)
1138 http fetch GET 200 https://registry.npmjs.org/eslint-visitor-keys/-/eslint-visitor-keys-3.4.3.tgz 20836ms (cache revalidated)
1139 http fetch GET 200 https://registry.npmjs.org/escape-string-regexp/-/escape-string-regexp-4.0.0.tgz 20837ms (cache revalidated)
1140 http fetch GET 200 https://registry.npmjs.org/path-key/-/path-key-4.0.0.tgz 20836ms (cache revalidated)
1141 http fetch GET 200 https://registry.npmjs.org/which/-/which-2.0.2.tgz 20837ms (cache revalidated)
1142 http fetch GET 200 https://registry.npmjs.org/espree/-/espree-9.6.1.tgz 20837ms (cache revalidated)
1143 http fetch GET 200 https://registry.npmjs.org/ajv/-/ajv-8.17.1.tgz 20842ms (cache revalidated)
1144 http fetch GET 200 https://registry.npmjs.org/eslint-scope/-/eslint-scope-7.2.2.tgz 20842ms (cache revalidated)
1145 http fetch GET 200 https://registry.npmjs.org/estraverse/-/estraverse-5.3.0.tgz 21002ms (cache revalidated)
1146 http fetch GET 200 https://registry.npmjs.org/shebang-regex/-/shebang-regex-3.0.0.tgz 21002ms (cache revalidated)
1147 http fetch GET 200 https://registry.npmjs.org/strip-final-newline/-/strip-final-newline-3.0.0.tgz 21003ms (cache revalidated)
1148 http fetch GET 200 https://registry.npmjs.org/path-key/-/path-key-3.1.1.tgz 21002ms (cache revalidated)
1149 http fetch GET 200 https://registry.npmjs.org/onetime/-/onetime-6.0.0.tgz 21003ms (cache revalidated)
1150 http fetch GET 200 https://registry.npmjs.org/loader-utils/-/loader-utils-2.0.4.tgz 21002ms (cache revalidated)
1151 http fetch GET 200 https://registry.npmjs.org/mimic-fn/-/mimic-fn-4.0.0.tgz 21003ms (cache revalidated)
1152 http fetch GET 200 https://registry.npmjs.org/is-stream/-/is-stream-3.0.0.tgz 21004ms (cache revalidated)
1153 http fetch GET 200 https://registry.npmjs.org/human-signals/-/human-signals-5.0.0.tgz 21104ms (cache revalidated)
1154 http fetch GET 200 https://registry.npmjs.org/npm-run-path/-/npm-run-path-5.3.0.tgz 21104ms (cache revalidated)
1155 http fetch GET 200 https://registry.npmjs.org/shebang-command/-/shebang-command-2.0.0.tgz 21145ms (cache revalidated)
1156 http fetch GET 200 https://registry.npmjs.org/commander/-/commander-2.20.3.tgz 21144ms (cache revalidated)
1157 http fetch GET 200 https://registry.npmjs.org/universalify/-/universalify-0.2.0.tgz 21145ms (cache revalidated)
1158 http fetch GET 200 https://registry.npmjs.org/schema-utils/-/schema-utils-3.3.0.tgz 21146ms (cache revalidated)
1159 http fetch GET 200 https://registry.npmjs.org/json-schema-traverse/-/json-schema-traverse-1.0.0.tgz 21145ms (cache revalidated)
1160 http fetch GET 200 https://registry.npmjs.org/execa/-/execa-8.0.1.tgz 21146ms (cache revalidated)
1161 http fetch GET 200 https://registry.npmjs.org/schema-utils/-/schema-utils-4.3.3.tgz 21269ms (cache revalidated)
1162 http fetch GET 200 https://registry.npmjs.org/json-schema-traverse/-/json-schema-traverse-1.0.0.tgz 21270ms (cache revalidated)
1163 http fetch GET 200 https://registry.npmjs.org/ajv/-/ajv-8.17.1.tgz 21273ms (cache revalidated)
1164 http fetch GET 200 https://registry.npmjs.org/ajv/-/ajv-8.17.1.tgz 21421ms (cache revalidated)
1165 http fetch GET 200 https://registry.npmjs.org/cross-spawn/-/cross-spawn-7.0.6.tgz 21422ms (cache revalidated)
1166 http fetch GET 200 https://registry.npmjs.org/get-stream/-/get-stream-8.0.1.tgz 21422ms (cache revalidated)
1167 http fetch GET 200 https://registry.npmjs.org/statuses/-/statuses-2.0.1.tgz 21421ms (cache revalidated)
1168 http fetch GET 200 https://registry.npmjs.org/commander/-/commander-7.2.0.tgz 21423ms (cache revalidated)
1169 http fetch GET 200 https://registry.npmjs.org/ajv-keywords/-/ajv-keywords-5.1.0.tgz 21550ms (cache revalidated)
1170 http fetch GET 200 https://registry.npmjs.org/send/-/send-0.19.0.tgz 21551ms (cache revalidated)
1171 http fetch GET 200 https://registry.npmjs.org/js-tokens/-/js-tokens-9.0.1.tgz 21551ms (cache revalidated)
1172 http fetch GET 200 https://registry.npmjs.org/http-errors/-/http-errors-2.0.0.tgz 21551ms (cache revalidated)
1173 http fetch GET 200 https://registry.npmjs.org/escape-string-regexp/-/escape-string-regexp-2.0.0.tgz 21552ms (cache revalidated)
1174 http fetch GET 200 https://registry.npmjs.org/ms/-/ms-2.0.0.tgz 21552ms (cache revalidated)
1175 http fetch GET 200 https://registry.npmjs.org/encodeurl/-/encodeurl-1.0.2.tgz 21552ms (cache revalidated)
1176 http fetch GET 200 https://registry.npmjs.org/statuses/-/statuses-1.5.0.tgz 21552ms (cache revalidated)
1177 http fetch GET 200 https://registry.npmjs.org/http-errors/-/http-errors-1.6.3.tgz 21553ms (cache revalidated)
1178 http fetch GET 200 https://registry.npmjs.org/setprototypeof/-/setprototypeof-1.1.0.tgz 21555ms (cache revalidated)
1179 http fetch GET 200 https://registry.npmjs.org/debug/-/debug-2.6.9.tgz 21555ms (cache revalidated)
1180 http fetch GET 200 https://registry.npmjs.org/debug/-/debug-2.6.9.tgz 21556ms (cache revalidated)
1181 http fetch GET 200 https://registry.npmjs.org/supports-color/-/supports-color-5.5.0.tgz 21555ms (cache revalidated)
1182 http fetch GET 200 https://registry.npmjs.org/inherits/-/inherits-2.0.3.tgz 21698ms (cache revalidated)
1183 http fetch GET 200 https://registry.npmjs.org/statuses/-/statuses-2.0.1.tgz 21698ms (cache revalidated)
1184 http fetch GET 200 https://registry.npmjs.org/http-errors/-/http-errors-2.0.0.tgz 21698ms (cache revalidated)
1185 http fetch GET 200 https://registry.npmjs.org/ms/-/ms-2.0.0.tgz 21699ms (cache revalidated)
1186 http fetch GET 200 https://registry.npmjs.org/semver/-/semver-7.7.3.tgz 21699ms (cache revalidated)
1187 http fetch GET 200 https://registry.npmjs.org/depd/-/depd-1.1.2.tgz 21700ms (cache revalidated)
1188 http fetch GET 200 https://registry.npmjs.org/ajv/-/ajv-8.17.1.tgz 21711ms (cache revalidated)
1189 http fetch GET 200 https://registry.npmjs.org/debug/-/debug-2.6.9.tgz 21707ms (cache revalidated)
1190 http fetch GET 200 https://registry.npmjs.org/ipaddr.js/-/ipaddr.js-1.9.1.tgz 21847ms (cache revalidated)
1191 http fetch GET 200 https://registry.npmjs.org/chalk/-/chalk-2.4.2.tgz 21846ms (cache revalidated)
1192 http fetch GET 200 https://registry.npmjs.org/color-convert/-/color-convert-1.9.3.tgz 21847ms (cache revalidated)
1193 http fetch GET 200 https://registry.npmjs.org/type-fest/-/type-fest-0.8.1.tgz 21848ms (cache revalidated)
1194 http fetch GET 200 https://registry.npmjs.org/ms/-/ms-2.0.0.tgz 21849ms (cache revalidated)
1195 http fetch GET 200 https://registry.npmjs.org/has-flag/-/has-flag-3.0.0.tgz 21848ms (cache revalidated)
1196 http fetch GET 200 https://registry.npmjs.org/color-name/-/color-name-1.1.3.tgz 21848ms (cache revalidated)
1197 http fetch GET 200 https://registry.npmjs.org/postcss-selector-parser/-/postcss-selector-parser-7.1.1.tgz 21849ms (cache revalidated)
1198 http fetch GET 200 https://registry.npmjs.org/ansi-styles/-/ansi-styles-3.2.1.tgz 22000ms (cache revalidated)
1199 http fetch GET 200 https://registry.npmjs.org/ansi-styles/-/ansi-styles-5.2.0.tgz 22001ms (cache revalidated)
1200 http fetch GET 200 https://registry.npmjs.org/yargs-parser/-/yargs-parser-21.1.1.tgz 22000ms (cache revalidated)
1201 http fetch GET 200 https://registry.npmjs.org/parse5/-/parse5-6.0.1.tgz 22001ms (cache revalidated)
1202 http fetch GET 200 https://registry.npmjs.org/pathe/-/pathe-2.0.3.tgz 22003ms (cache revalidated)
1203 http fetch GET 200 https://registry.npmjs.org/semver/-/semver-5.7.2.tgz 22178ms (cache revalidated)
1204 http fetch GET 200 https://registry.npmjs.org/yargs/-/yargs-17.7.2.tgz 22179ms (cache revalidated)
1205 http fetch GET 200 https://registry.npmjs.org/chalk/-/chalk-4.1.2.tgz 22179ms (cache revalidated)
1206 http fetch GET 200 https://registry.npmjs.org/@vue/devtools-api/-/devtools-api-7.7.9.tgz 22180ms (cache revalidated)
1207 http fetch GET 200 https://registry.npmjs.org/tslib/-/tslib-1.14.1.tgz 22180ms (cache revalidated)
1208 http fetch GET 200 https://registry.npmjs.org/tldts-core/-/tldts-core-7.0.22.tgz 22180ms (cache revalidated)
1209 http fetch GET 200 https://registry.npmjs.org/path-to-regexp/-/path-to-regexp-6.3.0.tgz 22180ms (cache revalidated)
1210 http fetch GET 200 https://registry.npmjs.org/type-fest/-/type-fest-5.4.3.tgz 22184ms (cache revalidated)
1211 http fetch GET 200 https://registry.npmjs.org/lru-cache/-/lru-cache-10.4.3.tgz 22186ms (cache revalidated)
1212 http fetch GET 200 https://registry.npmjs.org/pathe/-/pathe-2.0.3.tgz 22185ms (cache revalidated)
1213 http fetch GET 200 https://registry.npmjs.org/minipass/-/minipass-7.1.2.tgz 22187ms (cache revalidated)
1214 http fetch GET 200 https://registry.npmjs.org/schema-utils/-/schema-utils-4.3.3.tgz 22187ms (cache revalidated)
1215 http fetch GET 200 https://registry.npmjs.org/tough-cookie/-/tough-cookie-6.0.0.tgz 22190ms (cache revalidated)
1216 http fetch GET 200 https://registry.npmjs.org/ajv-keywords/-/ajv-keywords-5.1.0.tgz 22190ms (cache revalidated)
1217 http fetch GET 200 https://registry.npmjs.org/tldts/-/tldts-7.0.22.tgz 22198ms (cache revalidated)
1218 http fetch GET 200 https://registry.npmjs.org/json-schema-traverse/-/json-schema-traverse-1.0.0.tgz 22272ms (cache revalidated)
1219 http fetch GET 200 https://registry.npmjs.org/string-width/-/string-width-2.1.1.tgz 22279ms (cache revalidated)
1220 http fetch GET 200 https://registry.npmjs.org/onetime/-/onetime-2.0.1.tgz 22280ms (cache revalidated)
1221 http fetch GET 200 https://registry.npmjs.org/wrap-ansi/-/wrap-ansi-3.0.1.tgz 22281ms (cache revalidated)
1222 http fetch GET 200 https://registry.npmjs.org/mimic-fn/-/mimic-fn-1.2.0.tgz 22292ms (cache revalidated)
1223 http fetch GET 200 https://registry.npmjs.org/chalk/-/chalk-4.1.2.tgz 22292ms (cache revalidated)
1224 http fetch GET 200 https://registry.npmjs.org/ansi-regex/-/ansi-regex-3.0.1.tgz 22292ms (cache revalidated)
1225 http fetch GET 200 https://registry.npmjs.org/restore-cursor/-/restore-cursor-2.0.0.tgz 22300ms (cache revalidated)
1226 http fetch GET 200 https://registry.npmjs.org/ajv/-/ajv-8.17.1.tgz 22321ms (cache revalidated)
1227 http fetch GET 200 https://registry.npmjs.org/cliui/-/cliui-8.0.1.tgz 22463ms (cache revalidated)
1228 http fetch GET 200 https://registry.npmjs.org/strip-ansi/-/strip-ansi-4.0.0.tgz 22462ms (cache revalidated)
1229 http fetch GET 200 https://registry.npmjs.org/cli-cursor/-/cli-cursor-2.1.0.tgz 22469ms (cache revalidated)
1230 http fetch GET 200 https://registry.npmjs.org/cookie/-/cookie-1.1.1.tgz 22472ms (cache revalidated)
1231 http fetch GET 200 https://registry.npmjs.org/yallist/-/yallist-4.0.0.tgz 22472ms (cache revalidated)
1232 http fetch GET 200 https://registry.npmjs.org/is-fullwidth-code-point/-/is-fullwidth-code-point-2.0.0.tgz 22476ms (cache revalidated)
1233 http fetch GET 200 https://registry.npmjs.org/whatwg-url/-/whatwg-url-12.0.1.tgz 22526ms (cache revalidated)
1234 http fetch GET 200 https://registry.npmjs.org/json5/-/json5-1.0.2.tgz 22528ms (cache revalidated)
1235 http fetch GET 200 https://registry.npmjs.org/minipass/-/minipass-7.1.2.tgz 22553ms (cache revalidated)
1236 http fetch GET 200 https://registry.npmjs.org/picomatch/-/picomatch-4.0.3.tgz 22554ms (cache revalidated)
1237 http fetch GET 200 https://registry.npmjs.org/tr46/-/tr46-4.1.1.tgz 22556ms (cache revalidated)
1238 http fetch GET 200 https://registry.npmjs.org/webidl-conversions/-/webidl-conversions-7.0.0.tgz 22567ms (cache revalidated)
1239 http fetch GET 200 https://registry.npmjs.org/ws/-/ws-8.19.0.tgz 22568ms (cache revalidated)
1240 http fetch GET 200 https://registry.npmjs.org/minimatch/-/minimatch-9.0.5.tgz 22569ms (cache revalidated)
1241 http fetch GET 200 https://registry.npmjs.org/glob/-/glob-10.5.0.tgz 22570ms (cache revalidated)
1242 warn deprecated glob@10.5.0: Old versions of glob are not supported, and contain widely publicized security vulnerabilities, which have been fixed in the current version. Please update. Support for old versions may be purchased (at exorbitant rates) by contacting i@izs.me
1243 http fetch GET 200 https://registry.npmjs.org/brace-expansion/-/brace-expansion-2.0.2.tgz 23027ms (cache revalidated)
1244 http fetch GET 200 https://registry.npmjs.org/ci-info/-/ci-info-4.4.0.tgz 23028ms (cache revalidated)
1245 http fetch GET 200 https://registry.npmjs.org/supports-color/-/supports-color-8.1.1.tgz 23028ms (cache revalidated)
1246 http fetch GET 200 https://registry.npmjs.org/ws/-/ws-8.19.0.tgz 23028ms (cache revalidated)
1247 http fetch GET 200 https://registry.npmjs.org/webidl-conversions/-/webidl-conversions-7.0.0.tgz 23028ms (cache revalidated)
1248 http fetch GET 200 https://registry.npmjs.org/entities/-/entities-6.0.1.tgz 23030ms (cache revalidated)
1249 http fetch GET 200 https://registry.npmjs.org/whatwg-encoding/-/whatwg-encoding-3.1.1.tgz 23030ms (cache revalidated)
1250 http fetch GET 200 https://registry.npmjs.org/xml-name-validator/-/xml-name-validator-5.0.0.tgz 23031ms (cache revalidated)
1251 http fetch GET 200 https://registry.npmjs.org/chalk/-/chalk-4.1.2.tgz 23032ms (cache revalidated)
1252 http fetch GET 200 https://registry.npmjs.org/whatwg-url/-/whatwg-url-14.2.0.tgz 23031ms (cache revalidated)
1253 http fetch GET 200 https://registry.npmjs.org/tough-cookie/-/tough-cookie-5.1.2.tgz 23032ms (cache revalidated)
1254 http fetch GET 200 https://registry.npmjs.org/tr46/-/tr46-5.1.1.tgz 23033ms (cache revalidated)
1255 http fetch GET 200 https://registry.npmjs.org/parse5/-/parse5-7.3.0.tgz 23034ms (cache revalidated)
1256 http fetch GET 200 https://registry.npmjs.org/whatwg-mimetype/-/whatwg-mimetype-4.0.0.tgz 23035ms (cache revalidated)
1257 http fetch GET 200 https://registry.npmjs.org/chalk/-/chalk-4.1.2.tgz 23036ms (cache revalidated)
1258 warn deprecated whatwg-encoding@3.1.1: Use @exodus/bytes instead for a more spec-conformant and faster implementation
1259 http fetch GET 200 https://registry.npmjs.org/make-dir/-/make-dir-4.0.0.tgz 23328ms (cache revalidated)
1260 http fetch GET 200 https://registry.npmjs.org/https-proxy-agent/-/https-proxy-agent-7.0.6.tgz 23329ms (cache revalidated)
1261 http fetch GET 200 https://registry.npmjs.org/agent-base/-/agent-base-7.1.4.tgz 23329ms (cache revalidated)
1262 http fetch GET 200 https://registry.npmjs.org/http-proxy-agent/-/http-proxy-agent-7.0.2.tgz 23330ms (cache revalidated)
1263 http fetch GET 200 https://registry.npmjs.org/iconv-lite/-/iconv-lite-0.6.3.tgz 23332ms (cache revalidated)
1264 http fetch GET 200 https://registry.npmjs.org/html-encoding-sniffer/-/html-encoding-sniffer-4.0.0.tgz 23332ms (cache revalidated)
1265 http fetch GET 200 https://registry.npmjs.org/entities/-/entities-6.0.1.tgz 23333ms (cache revalidated)
1266 http fetch GET 200 https://registry.npmjs.org/jsdom/-/jsdom-26.1.0.tgz 23342ms (cache revalidated)
1267 http fetch GET 200 https://registry.npmjs.org/semver/-/semver-7.7.4.tgz 23343ms (cache revalidated)
1268 http fetch GET 200 https://registry.npmjs.org/entities/-/entities-2.2.0.tgz 23343ms (cache revalidated)
1269 http fetch GET 200 https://registry.npmjs.org/rrweb-cssom/-/rrweb-cssom-0.8.0.tgz 23350ms (cache revalidated)
1270 http fetch GET 200 https://registry.npmjs.org/type-fest/-/type-fest-0.20.2.tgz 23347ms (cache revalidated)
1271 http fetch GET 200 https://registry.npmjs.org/w3c-xmlserializer/-/w3c-xmlserializer-5.0.0.tgz 23351ms (cache revalidated)
1272 http fetch GET 200 https://registry.npmjs.org/parse5/-/parse5-7.3.0.tgz 23352ms (cache revalidated)
1273 http fetch GET 200 https://registry.npmjs.org/data-urls/-/data-urls-5.0.0.tgz 23357ms (cache revalidated)
1274 http fetch GET 200 https://registry.npmjs.org/cssstyle/-/cssstyle-4.6.0.tgz 23624ms (cache revalidated)
1275 http fetch GET 200 https://registry.npmjs.org/ms/-/ms-2.0.0.tgz 23623ms (cache revalidated)
1276 http fetch GET 200 https://registry.npmjs.org/signal-exit/-/signal-exit-4.1.0.tgz 23625ms (cache revalidated)
1277 http fetch GET 200 https://registry.npmjs.org/estraverse/-/estraverse-5.3.0.tgz 23764ms (cache revalidated)
1278 http fetch GET 200 https://registry.npmjs.org/safe-buffer/-/safe-buffer-5.1.2.tgz 23765ms (cache revalidated)
1279 http fetch GET 200 https://registry.npmjs.org/glob-parent/-/glob-parent-5.1.2.tgz 23765ms (cache revalidated)
1280 http fetch GET 200 https://registry.npmjs.org/which/-/which-2.0.2.tgz 23766ms (cache revalidated)
1281 http fetch GET 200 https://registry.npmjs.org/shebang-regex/-/shebang-regex-3.0.0.tgz 23767ms (cache revalidated)
1282 http fetch GET 200 https://registry.npmjs.org/debug/-/debug-2.6.9.tgz 23766ms (cache revalidated)
1283 http fetch GET 200 https://registry.npmjs.org/debug/-/debug-2.6.9.tgz 23767ms (cache revalidated)
1284 http fetch GET 200 https://registry.npmjs.org/shebang-regex/-/shebang-regex-3.0.0.tgz 23766ms (cache revalidated)
1285 http fetch GET 200 https://registry.npmjs.org/readable-stream/-/readable-stream-2.3.8.tgz 23768ms (cache revalidated)
1286 http fetch GET 200 https://registry.npmjs.org/ms/-/ms-2.0.0.tgz 23768ms (cache revalidated)
1287 http fetch GET 200 https://registry.npmjs.org/string_decoder/-/string_decoder-1.1.1.tgz 23768ms (cache revalidated)
1288 http fetch GET 200 https://registry.npmjs.org/supports-color/-/supports-color-8.1.1.tgz 23769ms (cache revalidated)
1289 http fetch GET 200 https://registry.npmjs.org/shebang-command/-/shebang-command-2.0.0.tgz 23795ms (cache revalidated)
1290 http fetch GET 200 https://registry.npmjs.org/json-schema-traverse/-/json-schema-traverse-1.0.0.tgz 23811ms (cache revalidated)
1291 http fetch GET 200 https://registry.npmjs.org/cross-spawn/-/cross-spawn-7.0.6.tgz 23845ms (cache revalidated)
1292 http fetch GET 200 https://registry.npmjs.org/shebang-command/-/shebang-command-2.0.0.tgz 23896ms (cache revalidated)
1293 http fetch GET 200 https://registry.npmjs.org/eslint-visitor-keys/-/eslint-visitor-keys-1.3.0.tgz 23896ms (cache revalidated)
1294 http fetch GET 200 https://registry.npmjs.org/estraverse/-/estraverse-5.3.0.tgz 23897ms (cache revalidated)
1295 http fetch GET 200 https://registry.npmjs.org/which/-/which-2.0.2.tgz 23913ms (cache revalidated)
1296 http fetch GET 200 https://registry.npmjs.org/path-key/-/path-key-3.1.1.tgz 23913ms (cache revalidated)
1297 http fetch GET 200 https://registry.npmjs.org/jest-worker/-/jest-worker-28.1.3.tgz 23914ms (cache revalidated)
1298 http fetch GET 200 https://registry.npmjs.org/semver/-/semver-7.7.3.tgz 23915ms (cache revalidated)
1299 http fetch GET 200 https://registry.npmjs.org/schema-utils/-/schema-utils-4.3.3.tgz 23924ms (cache revalidated)
1300 http fetch GET 200 https://registry.npmjs.org/acorn/-/acorn-7.4.1.tgz 23928ms (cache revalidated)
1301 http fetch GET 200 https://registry.npmjs.org/semver/-/semver-7.7.3.tgz 23937ms (cache revalidated)
1302 http fetch GET 200 https://registry.npmjs.org/ajv-keywords/-/ajv-keywords-5.1.0.tgz 23939ms (cache revalidated)
1303 http fetch GET 200 https://registry.npmjs.org/cross-spawn/-/cross-spawn-7.0.6.tgz 23938ms (cache revalidated)
1304 http fetch GET 200 https://registry.npmjs.org/path-key/-/path-key-3.1.1.tgz 23940ms (cache revalidated)
1305 http fetch GET 200 https://registry.npmjs.org/eslint-utils/-/eslint-utils-2.1.0.tgz 23940ms (cache revalidated)
1306 http fetch GET 200 https://registry.npmjs.org/ajv/-/ajv-8.17.1.tgz 23955ms (cache revalidated)
1307 http fetch GET 200 https://registry.npmjs.org/webidl-conversions/-/webidl-conversions-7.0.0.tgz 24165ms (cache revalidated)
1308 http fetch GET 200 https://registry.npmjs.org/ignore/-/ignore-4.0.6.tgz 24167ms (cache revalidated)
1309 http fetch GET 200 https://registry.npmjs.org/@babel/code-frame/-/code-frame-7.12.11.tgz 24394ms (cache revalidated)
1310 http fetch GET 200 https://registry.npmjs.org/chalk/-/chalk-4.1.2.tgz 24394ms (cache revalidated)
1311 http fetch GET 200 https://registry.npmjs.org/entities/-/entities-2.2.0.tgz 24393ms (cache revalidated)
1312 http fetch GET 200 https://registry.npmjs.org/escape-string-regexp/-/escape-string-regexp-4.0.0.tgz 24395ms (cache revalidated)
1313 http fetch GET 200 https://registry.npmjs.org/eslint-visitor-keys/-/eslint-visitor-keys-1.3.0.tgz 24396ms (cache revalidated)
1314 http fetch GET 200 https://registry.npmjs.org/brace-expansion/-/brace-expansion-2.0.2.tgz 24395ms (cache revalidated)
1315 http fetch GET 200 https://registry.npmjs.org/isarray/-/isarray-2.0.5.tgz 24395ms (cache revalidated)
1316 http fetch GET 200 https://registry.npmjs.org/minimatch/-/minimatch-9.0.1.tgz 24396ms (cache revalidated)
1317 http fetch GET 200 https://registry.npmjs.org/glob-parent/-/glob-parent-5.1.2.tgz 24398ms (cache revalidated)
1318 http fetch GET 200 https://registry.npmjs.org/commander/-/commander-10.0.1.tgz 24397ms (cache revalidated)
1319 http fetch GET 200 https://registry.npmjs.org/shebang-regex/-/shebang-regex-3.0.0.tgz 24397ms (cache revalidated)
1320 http fetch GET 200 https://registry.npmjs.org/get-stream/-/get-stream-6.0.1.tgz 24403ms (cache revalidated)
1321 http fetch GET 200 https://registry.npmjs.org/which/-/which-2.0.2.tgz 24404ms (cache revalidated)
1322 http fetch GET 200 https://registry.npmjs.org/semver/-/semver-7.7.4.tgz 24405ms (cache revalidated)
1323 http fetch GET 200 https://registry.npmjs.org/execa/-/execa-5.1.1.tgz 24731ms (cache revalidated)
1324 http fetch GET 200 https://registry.npmjs.org/shebang-command/-/shebang-command-2.0.0.tgz 24732ms (cache revalidated)
1325 http fetch GET 200 https://registry.npmjs.org/schema-utils/-/schema-utils-4.3.3.tgz 24732ms (cache revalidated)
1326 http fetch GET 200 https://registry.npmjs.org/is-stream/-/is-stream-2.0.1.tgz 24732ms (cache revalidated)
1327 http fetch GET 200 https://registry.npmjs.org/whatwg-url/-/whatwg-url-12.0.1.tgz 24731ms (cache revalidated)
1328 http fetch GET 200 https://registry.npmjs.org/isarray/-/isarray-2.0.5.tgz 24733ms (cache revalidated)
1329 http fetch GET 200 https://registry.npmjs.org/path-key/-/path-key-3.1.1.tgz 24733ms (cache revalidated)
1330 http fetch GET 200 https://registry.npmjs.org/json-schema-traverse/-/json-schema-traverse-1.0.0.tgz 24732ms (cache revalidated)
1331 http fetch GET 200 https://registry.npmjs.org/cross-spawn/-/cross-spawn-7.0.6.tgz 24733ms (cache revalidated)
1332 http fetch GET 200 https://registry.npmjs.org/semver/-/semver-5.7.2.tgz 24976ms (cache revalidated)
1333 http fetch GET 200 https://registry.npmjs.org/semver/-/semver-7.7.3.tgz 24977ms (cache revalidated)
1334 http fetch GET 200 https://registry.npmjs.org/chalk/-/chalk-4.1.2.tgz 24977ms (cache revalidated)
1335 http fetch GET 200 https://registry.npmjs.org/npm-run-path/-/npm-run-path-4.0.1.tgz 24979ms (cache revalidated)
1336 http fetch GET 200 https://registry.npmjs.org/debug/-/debug-2.6.9.tgz 24978ms (cache revalidated)
1337 http fetch GET 200 https://registry.npmjs.org/ajv-keywords/-/ajv-keywords-5.1.0.tgz 24980ms (cache revalidated)
1338 http fetch GET 200 https://registry.npmjs.org/ajv/-/ajv-8.17.1.tgz 24985ms (cache revalidated)
1339 http fetch GET 200 https://registry.npmjs.org/schema-utils/-/schema-utils-3.3.0.tgz 25051ms (cache revalidated)
1340 http fetch GET 200 https://registry.npmjs.org/glob-parent/-/glob-parent-5.1.2.tgz 25052ms (cache revalidated)
1341 http fetch GET 200 https://registry.npmjs.org/webidl-conversions/-/webidl-conversions-7.0.0.tgz 25052ms (cache revalidated)
1342 http fetch GET 200 https://registry.npmjs.org/debug/-/debug-2.6.9.tgz 25052ms (cache revalidated)
1343 http fetch GET 200 https://registry.npmjs.org/json-schema-traverse/-/json-schema-traverse-1.0.0.tgz 25241ms (cache revalidated)
1344 http fetch GET 200 https://registry.npmjs.org/type-detect/-/type-detect-4.1.0.tgz 25243ms (cache revalidated)
1345 http fetch GET 200 https://registry.npmjs.org/tr46/-/tr46-4.1.1.tgz 25244ms (cache revalidated)
1346 http fetch GET 200 https://registry.npmjs.org/ms/-/ms-2.0.0.tgz 25243ms (cache revalidated)
1347 http fetch GET 200 https://registry.npmjs.org/ajv/-/ajv-8.17.1.tgz 25247ms (cache revalidated)
1348 http fetch GET 200 https://registry.npmjs.org/ms/-/ms-2.0.0.tgz 25247ms (cache revalidated)
1349 http fetch GET 200 https://registry.npmjs.org/hash-sum/-/hash-sum-1.0.2.tgz 25248ms (cache revalidated)
1350 http fetch GET 200 https://registry.npmjs.org/eslint-plugin-prettier/-/eslint-plugin-prettier-4.2.5.tgz 25248ms (cache revalidated)
1351 http fetch GET 200 https://registry.npmjs.org/eslint-config-prettier/-/eslint-config-prettier-8.10.2.tgz 25248ms (cache revalidated)
1352 http fetch GET 200 https://registry.npmjs.org/yallist/-/yallist-2.1.2.tgz 25248ms (cache revalidated)
1353 http fetch GET 200 https://registry.npmjs.org/lru-cache/-/lru-cache-4.1.5.tgz 25248ms (cache revalidated)
1354 http fetch GET 200 https://registry.npmjs.org/postcss/-/postcss-7.0.39.tgz 25250ms (cache revalidated)
1355 http fetch GET 200 https://registry.npmjs.org/yallist/-/yallist-4.0.0.tgz 25250ms (cache revalidated)
1356 http fetch GET 200 https://registry.npmjs.org/negotiator/-/negotiator-0.6.3.tgz 25251ms (cache revalidated)
1357 http fetch GET 200 https://registry.npmjs.org/loader-utils/-/loader-utils-2.0.4.tgz 25251ms (cache revalidated)
1358 http fetch GET 200 https://registry.npmjs.org/ansi-styles/-/ansi-styles-5.2.0.tgz 25436ms (cache revalidated)
1359 http fetch GET 200 https://registry.npmjs.org/semver/-/semver-7.7.3.tgz 25543ms (cache revalidated)
1360 http fetch GET 200 https://registry.npmjs.org/hash-sum/-/hash-sum-1.0.2.tgz 25543ms (cache revalidated)
1361 http fetch GET 200 https://registry.npmjs.org/semver/-/semver-7.7.4.tgz 25544ms (cache revalidated)
1362 http fetch GET 200 https://registry.npmjs.org/lru-cache/-/lru-cache-6.0.0.tgz 25743ms (cache revalidated)
1363 http fetch GET 200 https://registry.npmjs.org/@sinclair/typebox/-/typebox-0.27.10.tgz 25744ms (cache revalidated)
1364 http fetch GET 200 https://registry.npmjs.org/pretty-format/-/pretty-format-29.7.0.tgz 25743ms (cache revalidated)
1365 http fetch GET 200 https://registry.npmjs.org/estree-walker/-/estree-walker-3.0.3.tgz 25743ms (cache revalidated)
1366 http fetch GET 200 https://registry.npmjs.org/chalk/-/chalk-4.1.2.tgz 25745ms (cache revalidated)
1367 http fetch GET 200 https://registry.npmjs.org/picocolors/-/picocolors-0.2.1.tgz 25745ms (cache revalidated)
1368 http fetch GET 200 https://registry.npmjs.org/ansi-styles/-/ansi-styles-5.2.0.tgz 25744ms (cache revalidated)
1369 http fetch GET 200 https://registry.npmjs.org/p-limit/-/p-limit-5.0.0.tgz 25745ms (cache revalidated)
1370 http fetch GET 200 https://registry.npmjs.org/chalk/-/chalk-4.1.2.tgz 25744ms (cache revalidated)
1371 http fetch GET 200 https://registry.npmjs.org/pretty-format/-/pretty-format-29.7.0.tgz 25746ms (cache revalidated)
1372 http fetch GET 200 https://registry.npmjs.org/@sinclair/typebox/-/typebox-0.27.10.tgz 25746ms (cache revalidated)
1373 http fetch GET 200 https://registry.npmjs.org/@types/express-serve-static-core/-/express-serve-static-core-4.19.7.tgz 25747ms (cache revalidated)
1374 http fetch GET 200 https://registry.npmjs.org/@jest/schemas/-/schemas-29.6.3.tgz 25747ms (cache revalidated)
1375 http fetch GET 200 https://registry.npmjs.org/@jest/schemas/-/schemas-29.6.3.tgz 25747ms (cache revalidated)
1376 http fetch GET 200 https://registry.npmjs.org/@types/send/-/send-0.17.6.tgz 26022ms (cache revalidated)
1377 http fetch GET 200 https://registry.npmjs.org/ansi-styles/-/ansi-styles-5.2.0.tgz 26115ms (cache revalidated)
1378 http fetch GET 200 https://registry.npmjs.org/wrap-ansi/-/wrap-ansi-8.1.0.tgz 26115ms (cache revalidated)
1379 http fetch GET 200 https://registry.npmjs.org/react-is/-/react-is-17.0.2.tgz 26116ms (cache revalidated)
1380 http fetch GET 200 https://registry.npmjs.org/ansi-styles/-/ansi-styles-6.2.3.tgz 26115ms (cache revalidated)
1381 http fetch GET 200 https://registry.npmjs.org/chalk/-/chalk-4.1.2.tgz 26116ms (cache revalidated)
1382 http fetch GET 200 https://registry.npmjs.org/color-name/-/color-name-1.1.3.tgz 26115ms (cache revalidated)
1383 http fetch GET 200 https://registry.npmjs.org/emoji-regex/-/emoji-regex-9.2.2.tgz 26116ms (cache revalidated)
1384 http fetch GET 200 https://registry.npmjs.org/parse5/-/parse5-7.3.0.tgz 26118ms (cache revalidated)
1385 http fetch GET 200 https://registry.npmjs.org/string-width/-/string-width-5.1.2.tgz 26118ms (cache revalidated)
1386 http fetch GET 200 https://registry.npmjs.org/pretty-format/-/pretty-format-27.5.1.tgz 26119ms (cache revalidated)
1387 http fetch GET 200 https://registry.npmjs.org/entities/-/entities-6.0.1.tgz 26120ms (cache revalidated)
1388 http fetch GET 200 https://registry.npmjs.org/supports-color/-/supports-color-5.5.0.tgz 26120ms (cache revalidated)
1389 http fetch GET 200 https://registry.npmjs.org/ansi-regex/-/ansi-regex-6.2.2.tgz 26121ms (cache revalidated)
1390 http fetch GET 200 https://registry.npmjs.org/strip-ansi/-/strip-ansi-7.1.2.tgz 26121ms (cache revalidated)
1391 http fetch GET 200 https://registry.npmjs.org/wrap-ansi/-/wrap-ansi-6.2.0.tgz 26411ms (cache revalidated)
1392 http fetch GET 200 https://registry.npmjs.org/has-flag/-/has-flag-3.0.0.tgz 26412ms (cache revalidated)
1393 http fetch GET 200 https://registry.npmjs.org/ignore/-/ignore-4.0.6.tgz 26475ms (cache revalidated)
1394 http fetch GET 200 https://registry.npmjs.org/babel-plugin-polyfill-corejs3/-/babel-plugin-polyfill-corejs3-0.14.0.tgz 26476ms (cache revalidated)
1395 http fetch GET 200 https://registry.npmjs.org/ansi-styles/-/ansi-styles-3.2.1.tgz 26476ms (cache revalidated)
1396 http fetch GET 200 https://registry.npmjs.org/signal-exit/-/signal-exit-4.1.0.tgz 26477ms (cache revalidated)
1397 http fetch GET 200 https://registry.npmjs.org/color-convert/-/color-convert-1.9.3.tgz 26477ms (cache revalidated)
1398 http fetch GET 200 https://registry.npmjs.org/chalk/-/chalk-2.4.2.tgz 26477ms (cache revalidated)
1399 http fetch GET 200 https://registry.npmjs.org/lru-cache/-/lru-cache-10.4.3.tgz 26479ms (cache revalidated)
1400 http fetch GET 200 https://registry.npmjs.org/postcss 24450ms (cache revalidated)
1401 silly packumentCache corgi:https://registry.npmjs.org/postcss set size:337129 disposed:false
1402 http fetch GET 200 https://registry.npmjs.org/postcss-selector-parser/-/postcss-selector-parser-7.1.1.tgz 26514ms (cache revalidated)
1403 http fetch GET 200 https://registry.npmjs.org/cross-spawn 24464ms (cache revalidated)
1404 silly packumentCache corgi:https://registry.npmjs.org/cross-spawn set size:44626 disposed:false
1405 http fetch GET 200 https://registry.npmjs.org/axios 24466ms (cache revalidated)
1406 silly packumentCache corgi:https://registry.npmjs.org/axios set size:269340 disposed:false
1407 http fetch GET 200 https://registry.npmjs.org/webpack-dev-server 24467ms (cache revalidated)
1408 silly packumentCache corgi:https://registry.npmjs.org/webpack-dev-server set size:458386 disposed:false
1409 http fetch GET 200 https://registry.npmjs.org/esbuild 24474ms (cache revalidated)
1410 silly packumentCache corgi:https://registry.npmjs.org/esbuild set size:879341 disposed:false
1411 silly packumentCache corgi:https://registry.npmjs.org/@vue%2fcomponent-compiler-utils cache-miss
1412 http fetch GET 200 https://registry.npmjs.org/@vue%2fcomponent-compiler-utils 267ms (cache revalidated)
1413 silly packumentCache corgi:https://registry.npmjs.org/@vue%2fcomponent-compiler-utils set size:56306 disposed:false
1414 silly packumentCache corgi:https://registry.npmjs.org/axios-mock-adapter cache-miss
1415 http fetch GET 200 https://registry.npmjs.org/axios-mock-adapter 376ms (cache revalidated)
1416 silly packumentCache corgi:https://registry.npmjs.org/axios-mock-adapter set size:40624 disposed:false
1417 silly packumentCache corgi:https://registry.npmjs.org/execa cache-miss
1418 http fetch GET 200 https://registry.npmjs.org/execa 789ms (cache revalidated)
1419 silly packumentCache corgi:https://registry.npmjs.org/execa set size:88813 disposed:false
1420 silly packumentCache corgi:https://registry.npmjs.org/vite cache-miss
1421 http fetch GET 200 https://registry.npmjs.org/vite 4529ms (cache miss)
1422 silly packumentCache corgi:https://registry.npmjs.org/vite set size:undefined disposed:false
1423 silly packumentCache corgi:https://registry.npmjs.org/@vue%2fcli-service cache-miss
1424 http fetch GET 200 https://registry.npmjs.org/@vue%2fcli-service 1607ms (cache miss)
1425 silly packumentCache corgi:https://registry.npmjs.org/@vue%2fcli-service set size:undefined disposed:false
1426 silly packumentCache corgi:https://registry.npmjs.org/vue-loader cache-miss
1427 http fetch GET 200 https://registry.npmjs.org/vue-loader 1634ms (cache miss)
1428 silly packumentCache corgi:https://registry.npmjs.org/vue-loader set size:undefined disposed:false
1429 silly packumentCache corgi:https://registry.npmjs.org/yorkie cache-miss
1430 http fetch GET 200 https://registry.npmjs.org/yorkie 133ms (cache miss)
1431 silly packumentCache corgi:https://registry.npmjs.org/yorkie set size:undefined disposed:false
1432 silly packumentCache corgi:https://registry.npmjs.org/@vitejs%2fplugin-vue cache-miss
1433 silly packumentCache corgi:https://registry.npmjs.org/vite-node cache-miss
1434 silly packumentCache corgi:https://registry.npmjs.org/vitest cache-miss
1435 http fetch GET 200 https://registry.npmjs.org/@vitejs%2fplugin-vue 1276ms (cache miss)
1436 silly packumentCache corgi:https://registry.npmjs.org/@vitejs%2fplugin-vue set size:undefined disposed:false
1437 http fetch GET 200 https://registry.npmjs.org/vite-node 2366ms (cache miss)
1438 silly packumentCache corgi:https://registry.npmjs.org/vite-node set size:undefined disposed:false
1439 http fetch GET 200 https://registry.npmjs.org/vitest 2502ms (cache miss)
1440 silly packumentCache corgi:https://registry.npmjs.org/vitest set size:undefined disposed:false
1441 silly packumentCache corgi:https://registry.npmjs.org/@vue%2fcli-plugin-babel cache-miss
1442 silly packumentCache corgi:https://registry.npmjs.org/@vue%2fcli-plugin-eslint cache-miss
1443 silly packumentCache corgi:https://registry.npmjs.org/@vue%2fcli-plugin-router cache-miss
1444 silly packumentCache corgi:https://registry.npmjs.org/@vue%2fcli-plugin-vuex cache-miss
1445 http fetch GET 200 https://registry.npmjs.org/@vue%2fcli-plugin-vuex 1502ms (cache miss)
1446 silly packumentCache corgi:https://registry.npmjs.org/@vue%2fcli-plugin-vuex set size:undefined disposed:false
1447 http fetch GET 200 https://registry.npmjs.org/@vue%2fcli-plugin-router 1505ms (cache miss)
1448 silly packumentCache corgi:https://registry.npmjs.org/@vue%2fcli-plugin-router set size:undefined disposed:false
1449 http fetch GET 200 https://registry.npmjs.org/@vue%2fcli-plugin-eslint 1941ms (cache miss)
1450 silly packumentCache corgi:https://registry.npmjs.org/@vue%2fcli-plugin-eslint set size:undefined disposed:false
1451 http fetch GET 200 https://registry.npmjs.org/@vue%2fcli-plugin-babel 1945ms (cache miss)
1452 silly packumentCache corgi:https://registry.npmjs.org/@vue%2fcli-plugin-babel set size:undefined disposed:false
1453 silly packumentCache corgi:https://registry.npmjs.org/@vitest%2fcoverage-v8 cache-miss
1454 silly packumentCache corgi:https://registry.npmjs.org/@vitest%2fui cache-miss
1455 http fetch GET 200 https://registry.npmjs.org/@vitest%2fcoverage-v8 700ms (cache miss)
1456 silly packumentCache corgi:https://registry.npmjs.org/@vitest%2fcoverage-v8 set size:undefined disposed:false
1457 http fetch GET 200 https://registry.npmjs.org/@vitest%2fui 1211ms (cache miss)
1458 silly packumentCache corgi:https://registry.npmjs.org/@vitest%2fui set size:undefined disposed:false
1459 silly ADD node_modules/yorkie
1460 silly ADD node_modules/yorkie/node_modules/yallist
1461 silly ADD node_modules/yorkie/node_modules/normalize-path
1462 silly ADD node_modules/yorkie/node_modules/lru-cache
1463 silly ADD node_modules/yorkie/node_modules/get-stream
1464 silly ADD node_modules/yorkie/node_modules/execa
1465 silly ADD node_modules/yorkie/node_modules/cross-spawn
1466 silly ADD node_modules/yoctocolors-cjs
1467 silly ADD node_modules/yocto-queue
1468 silly ADD node_modules/yargs-parser
1469 silly ADD node_modules/yargs
1470 silly ADD node_modules/yaml
1471 silly ADD node_modules/yallist
1472 silly ADD node_modules/y18n
1473 silly ADD node_modules/xmlchars
1474 silly ADD node_modules/xml-name-validator
1475 silly ADD node_modules/ws
1476 silly ADD node_modules/wrappy
1477 silly ADD node_modules/wrap-ansi-cjs
1478 silly ADD node_modules/wrap-ansi
1479 silly ADD node_modules/word-wrap
1480 silly ADD node_modules/wildcard
1481 silly ADD node_modules/why-is-node-running
1482 silly ADD node_modules/which-typed-array
1483 silly ADD node_modules/which-collection
1484 silly ADD node_modules/which-boxed-primitive
1485 silly ADD node_modules/which
1486 silly ADD node_modules/whatwg-url
1487 silly ADD node_modules/whatwg-mimetype
1488 silly ADD node_modules/whatwg-fetch
1489 silly ADD node_modules/whatwg-encoding
1490 silly ADD node_modules/whatwg-encoding/node_modules/iconv-lite
1491 silly ADD node_modules/websocket-extensions
1492 silly ADD node_modules/websocket-driver
1493 silly ADD node_modules/webpack-virtual-modules
1494 silly ADD node_modules/webpack-sources
1495 silly ADD node_modules/webpack-merge
1496 silly ADD node_modules/webpack-dev-server
1497 silly ADD node_modules/webpack-dev-server/node_modules/ws
1498 silly ADD node_modules/webpack-dev-server/node_modules/schema-utils
1499 silly ADD node_modules/webpack-dev-server/node_modules/json-schema-traverse
1500 silly ADD node_modules/webpack-dev-server/node_modules/ajv-keywords
1501 silly ADD node_modules/webpack-dev-server/node_modules/ajv
1502 silly ADD node_modules/webpack-dev-middleware
1503 silly ADD node_modules/webpack-dev-middleware/node_modules/schema-utils
1504 silly ADD node_modules/webpack-dev-middleware/node_modules/json-schema-traverse
1505 silly ADD node_modules/webpack-dev-middleware/node_modules/ajv-keywords
1506 silly ADD node_modules/webpack-dev-middleware/node_modules/ajv
1507 silly ADD node_modules/webpack-chain
1508 silly ADD node_modules/webpack-bundle-analyzer
1509 silly ADD node_modules/webpack-bundle-analyzer/node_modules/escape-string-regexp
1510 silly ADD node_modules/webpack-bundle-analyzer/node_modules/commander
1511 silly ADD node_modules/webpack
1512 silly ADD node_modules/webpack/node_modules/watchpack
1513 silly ADD node_modules/webpack/node_modules/schema-utils
1514 silly ADD node_modules/webpack/node_modules/json-schema-traverse
1515 silly ADD node_modules/webpack/node_modules/ajv-keywords
1516 silly ADD node_modules/webpack/node_modules/ajv
1517 silly ADD node_modules/webidl-conversions
1518 silly ADD node_modules/wcwidth
1519 silly ADD node_modules/wbuf
1520 silly ADD node_modules/watchpack
1521 silly ADD node_modules/w3c-xmlserializer
1522 silly ADD node_modules/vue-template-es2015-compiler
1523 silly ADD node_modules/vue-style-loader
1524 silly ADD node_modules/vue-style-loader/node_modules/hash-sum
1525 silly ADD node_modules/vue-router
1526 silly ADD node_modules/vue-loader
1527 silly ADD node_modules/vue-loader/node_modules/chalk
1528 silly ADD node_modules/vue-i18n
1529 silly ADD node_modules/vue-hot-reload-api
1530 silly ADD node_modules/vue-eslint-parser
1531 silly ADD node_modules/vue-eslint-parser/node_modules/semver
1532 silly ADD node_modules/vue-eslint-parser/node_modules/estraverse
1533 silly ADD node_modules/vue-eslint-parser/node_modules/espree
1534 silly ADD node_modules/vue-eslint-parser/node_modules/eslint-visitor-keys
1535 silly ADD node_modules/vue-eslint-parser/node_modules/eslint-scope
1536 silly ADD node_modules/vue-component-type-helpers
1537 silly ADD node_modules/vue
1538 silly ADD node_modules/vitest
1539 silly ADD node_modules/vitest/node_modules/which
1540 silly ADD node_modules/vitest/node_modules/strip-final-newline
1541 silly ADD node_modules/vitest/node_modules/signal-exit
1542 silly ADD node_modules/vitest/node_modules/shebang-regex
1543 silly ADD node_modules/vitest/node_modules/shebang-command
1544 silly ADD node_modules/vitest/node_modules/path-key
1545 silly ADD node_modules/vitest/node_modules/onetime
1546 silly ADD node_modules/vitest/node_modules/npm-run-path
1547 silly ADD node_modules/vitest/node_modules/npm-run-path/node_modules/path-key
1548 silly ADD node_modules/vitest/node_modules/mimic-fn
1549 silly ADD node_modules/vitest/node_modules/is-stream
1550 silly ADD node_modules/vitest/node_modules/human-signals
1551 silly ADD node_modules/vitest/node_modules/get-stream
1552 silly ADD node_modules/vitest/node_modules/execa
1553 silly ADD node_modules/vitest/node_modules/cross-spawn
1554 silly ADD node_modules/vite-node
1555 silly ADD node_modules/vite
1556 silly ADD node_modules/vary
1557 silly ADD node_modules/validate-npm-package-license
1558 silly ADD node_modules/v8-compile-cache
1559 silly ADD node_modules/uuid
1560 silly ADD node_modules/utils-merge
1561 silly ADD node_modules/utila
1562 silly ADD node_modules/util-deprecate
1563 silly ADD node_modules/url-parse
1564 silly ADD node_modules/uri-js
1565 silly ADD node_modules/update-browserslist-db
1566 silly ADD node_modules/until-async
1567 silly ADD node_modules/unpipe
1568 silly ADD node_modules/universalify
1569 silly ADD node_modules/unicode-property-aliases-ecmascript
1570 silly ADD node_modules/unicode-match-property-value-ecmascript
1571 silly ADD node_modules/unicode-match-property-ecmascript
1572 silly ADD node_modules/unicode-canonical-property-names-ecmascript
1573 silly ADD node_modules/undici-types
1574 silly ADD node_modules/ufo
1575 silly ADD node_modules/type-is
1576 silly ADD node_modules/type-fest
1577 silly ADD node_modules/type-detect
1578 silly ADD node_modules/type-check
1579 silly ADD node_modules/tweetnacl
1580 silly ADD node_modules/tslib
1581 silly ADD node_modules/tr46
1582 silly ADD node_modules/tough-cookie
1583 silly ADD node_modules/tough-cookie/node_modules/universalify
1584 silly ADD node_modules/totalist
1585 silly ADD node_modules/toidentifier
1586 silly ADD node_modules/to-regex-range
1587 silly ADD node_modules/tldts-core
1588 silly ADD node_modules/tldts
1589 silly ADD node_modules/tinyspy
1590 silly ADD node_modules/tinypool
1591 silly ADD node_modules/tinybench
1592 silly ADD node_modules/thunky
1593 silly ADD node_modules/thread-loader
1594 silly ADD node_modules/thread-loader/node_modules/schema-utils
1595 silly ADD node_modules/thread-loader/node_modules/loader-utils
1596 silly ADD node_modules/thenify-all
1597 silly ADD node_modules/thenify
1598 silly ADD node_modules/text-table
1599 silly ADD node_modules/test-exclude
1600 silly ADD node_modules/terser-webpack-plugin
1601 silly ADD node_modules/terser-webpack-plugin/node_modules/schema-utils
1602 silly ADD node_modules/terser-webpack-plugin/node_modules/json-schema-traverse
1603 silly ADD node_modules/terser-webpack-plugin/node_modules/ajv-keywords
1604 silly ADD node_modules/terser-webpack-plugin/node_modules/ajv
1605 silly ADD node_modules/terser
1606 silly ADD node_modules/terser/node_modules/commander
1607 silly ADD node_modules/tapable
1608 silly ADD node_modules/tagged-tag
1609 silly ADD node_modules/table
1610 silly ADD node_modules/table/node_modules/json-schema-traverse
1611 silly ADD node_modules/table/node_modules/ajv
1612 silly ADD node_modules/symbol-tree
1613 silly ADD node_modules/svgo
1614 silly ADD node_modules/svgo/node_modules/commander
1615 silly ADD node_modules/svg-tags
1616 silly ADD node_modules/supports-preserve-symlinks-flag
1617 silly ADD node_modules/supports-color
1618 silly ADD node_modules/superjson
1619 silly ADD node_modules/stylehacks
1620 silly ADD node_modules/strip-literal
1621 silly ADD node_modules/strip-literal/node_modules/js-tokens
1622 silly ADD node_modules/strip-json-comments
1623 silly ADD node_modules/strip-indent
1624 silly ADD node_modules/strip-final-newline
1625 silly ADD node_modules/strip-eof
1626 silly ADD node_modules/strip-ansi-cjs
1627 silly ADD node_modules/strip-ansi
1628 silly ADD node_modules/string-width-cjs
1629 silly ADD node_modules/string-width
1630 silly ADD node_modules/string_decoder
1631 silly ADD node_modules/strict-event-emitter
1632 silly ADD node_modules/stop-iteration-iterator
1633 silly ADD node_modules/std-env
1634 silly ADD node_modules/statuses
1635 silly ADD node_modules/stackframe
1636 silly ADD node_modules/stackback
1637 silly ADD node_modules/stack-utils
1638 silly ADD node_modules/stack-utils/node_modules/escape-string-regexp
1639 silly ADD node_modules/stable
1640 silly ADD node_modules/ssri
1641 silly ADD node_modules/sprintf-js
1642 silly ADD node_modules/speakingurl
1643 silly ADD node_modules/spdy-transport
1644 silly ADD node_modules/spdy
1645 silly ADD node_modules/spdx-license-ids
1646 silly ADD node_modules/spdx-expression-parse
1647 silly ADD node_modules/spdx-exceptions
1648 silly ADD node_modules/spdx-correct
1649 silly ADD node_modules/source-map-support
1650 silly ADD node_modules/source-map-js
1651 silly ADD node_modules/source-map
1652 silly ADD node_modules/sockjs
1653 silly ADD node_modules/slice-ansi
1654 silly ADD node_modules/slash
1655 silly ADD node_modules/sirv
1656 silly ADD node_modules/signal-exit
1657 silly ADD node_modules/siginfo
1658 silly ADD node_modules/side-channel-weakmap
1659 silly ADD node_modules/side-channel-map
1660 silly ADD node_modules/side-channel-list
1661 silly ADD node_modules/side-channel
1662 silly ADD node_modules/shell-quote
1663 silly ADD node_modules/shebang-regex
1664 silly ADD node_modules/shebang-command
1665 silly ADD node_modules/shallow-clone
1666 silly ADD node_modules/setprototypeof
1667 silly ADD node_modules/set-function-name
1668 silly ADD node_modules/set-function-length
1669 silly ADD node_modules/serve-static
1670 silly ADD node_modules/serve-static/node_modules/statuses
1671 silly ADD node_modules/serve-static/node_modules/send
1672 silly ADD node_modules/serve-static/node_modules/send/node_modules/encodeurl
1673 silly ADD node_modules/serve-static/node_modules/http-errors
1674 silly ADD node_modules/serve-static/node_modules/debug
1675 silly ADD node_modules/serve-static/node_modules/debug/node_modules/ms
1676 silly ADD node_modules/serve-index
1677 silly ADD node_modules/serve-index/node_modules/statuses
1678 silly ADD node_modules/serve-index/node_modules/setprototypeof
1679 silly ADD node_modules/serve-index/node_modules/ms
1680 silly ADD node_modules/serve-index/node_modules/inherits
1681 silly ADD node_modules/serve-index/node_modules/http-errors
1682 silly ADD node_modules/serve-index/node_modules/depd
1683 silly ADD node_modules/serve-index/node_modules/debug
1684 silly ADD node_modules/serialize-javascript
1685 silly ADD node_modules/send
1686 silly ADD node_modules/send/node_modules/statuses
1687 silly ADD node_modules/send/node_modules/http-errors
1688 silly ADD node_modules/send/node_modules/debug
1689 silly ADD node_modules/send/node_modules/debug/node_modules/ms
1690 silly ADD node_modules/semver
1691 silly ADD node_modules/selfsigned
1692 silly ADD node_modules/select-hose
1693 silly ADD node_modules/schema-utils
1694 silly ADD node_modules/saxes
1695 silly ADD node_modules/safer-buffer
1696 silly ADD node_modules/safe-regex-test
1697 silly ADD node_modules/safe-buffer
1698 silly ADD node_modules/run-parallel
1699 silly ADD node_modules/rrweb-cssom
1700 silly ADD node_modules/rollup
1701 silly ADD node_modules/rimraf
1702 silly ADD node_modules/rfdc
1703 silly ADD node_modules/reusify
1704 silly ADD node_modules/rettime
1705 silly ADD node_modules/retry
1706 silly ADD node_modules/restore-cursor
1707 silly ADD node_modules/resolve-from
1708 silly ADD node_modules/resolve
1709 silly ADD node_modules/requires-port
1710 silly ADD node_modules/require-from-string
1711 silly ADD node_modules/require-directory
1712 silly ADD node_modules/renderkid
1713 silly ADD node_modules/relateurl
1714 silly ADD node_modules/regjsparser
1715 silly ADD node_modules/regjsgen
1716 silly ADD node_modules/regexpu-core
1717 silly ADD node_modules/regexpp
1718 silly ADD node_modules/regexp.prototype.flags
1719 silly ADD node_modules/regenerate-unicode-properties
1720 silly ADD node_modules/regenerate
1721 silly ADD node_modules/readdirp
1722 silly ADD node_modules/readable-stream
1723 silly ADD node_modules/read-pkg-up
1724 silly ADD node_modules/read-pkg-up/node_modules/type-fest
1725 silly ADD node_modules/read-pkg
1726 silly ADD node_modules/react-is
1727 silly ADD node_modules/raw-body
1728 silly ADD node_modules/range-parser
1729 silly ADD node_modules/randombytes
1730 silly ADD node_modules/queue-microtask
1731 silly ADD node_modules/querystringify
1732 silly ADD node_modules/qs
1733 silly ADD node_modules/pusher-js
1734 silly ADD node_modules/punycode
1735 silly ADD node_modules/pump
1736 silly ADD node_modules/psl
1737 silly ADD node_modules/pseudomap
1738 silly ADD node_modules/proxy-from-env
1739 silly ADD node_modules/proxy-addr
1740 silly ADD node_modules/proxy-addr/node_modules/ipaddr.js
1741 silly ADD node_modules/proto-list
1742 silly ADD node_modules/progress-webpack-plugin
1743 silly ADD node_modules/progress-webpack-plugin/node_modules/supports-color
1744 silly ADD node_modules/progress-webpack-plugin/node_modules/has-flag
1745 silly ADD node_modules/progress-webpack-plugin/node_modules/color-name
1746 silly ADD node_modules/progress-webpack-plugin/node_modules/color-convert
1747 silly ADD node_modules/progress-webpack-plugin/node_modules/chalk
1748 silly ADD node_modules/progress-webpack-plugin/node_modules/ansi-styles
1749 silly ADD node_modules/progress
1750 silly ADD node_modules/process-nextick-args
1751 silly ADD node_modules/pretty-format
1752 silly ADD node_modules/pretty-format/node_modules/ansi-styles
1753 silly ADD node_modules/pretty-error
1754 silly ADD node_modules/prettier-linter-helpers
1755 silly ADD node_modules/prettier
1756 silly ADD node_modules/prelude-ls
1757 silly ADD node_modules/postcss-value-parser
1758 silly ADD node_modules/postcss-unique-selectors
1759 silly ADD node_modules/postcss-svgo
1760 silly ADD node_modules/postcss-selector-parser
1761 silly ADD node_modules/postcss-reduce-transforms
1762 silly ADD node_modules/postcss-reduce-initial
1763 silly ADD node_modules/postcss-ordered-values
1764 silly ADD node_modules/postcss-normalize-whitespace
1765 silly ADD node_modules/postcss-normalize-url
1766 silly ADD node_modules/postcss-normalize-unicode
1767 silly ADD node_modules/postcss-normalize-timing-functions
1768 silly ADD node_modules/postcss-normalize-string
1769 silly ADD node_modules/postcss-normalize-repeat-style
1770 silly ADD node_modules/postcss-normalize-positions
1771 silly ADD node_modules/postcss-normalize-display-values
1772 silly ADD node_modules/postcss-normalize-charset
1773 silly ADD node_modules/postcss-modules-values
1774 silly ADD node_modules/postcss-modules-scope
1775 silly ADD node_modules/postcss-modules-scope/node_modules/postcss-selector-parser
1776 silly ADD node_modules/postcss-modules-local-by-default
1777 silly ADD node_modules/postcss-modules-local-by-default/node_modules/postcss-selector-parser
1778 silly ADD node_modules/postcss-modules-extract-imports
1779 silly ADD node_modules/postcss-minify-selectors
1780 silly ADD node_modules/postcss-minify-params
1781 silly ADD node_modules/postcss-minify-gradients
1782 silly ADD node_modules/postcss-minify-font-values
1783 silly ADD node_modules/postcss-merge-rules
1784 silly ADD node_modules/postcss-merge-longhand
1785 silly ADD node_modules/postcss-loader
1786 silly ADD node_modules/postcss-loader/node_modules/semver
1787 silly ADD node_modules/postcss-discard-overridden
1788 silly ADD node_modules/postcss-discard-empty
1789 silly ADD node_modules/postcss-discard-duplicates
1790 silly ADD node_modules/postcss-discard-comments
1791 silly ADD node_modules/postcss-convert-values
1792 silly ADD node_modules/postcss-colormin
1793 silly ADD node_modules/postcss-calc
1794 silly ADD node_modules/postcss
1795 silly ADD node_modules/possible-typed-array-names
1796 silly ADD node_modules/portfinder
1797 silly ADD node_modules/pkg-types
1798 silly ADD node_modules/pkg-types/node_modules/pathe
1799 silly ADD node_modules/pkg-dir
1800 silly ADD node_modules/pinia
1801 silly ADD node_modules/pinia/node_modules/@vue/devtools-api
1802 silly ADD node_modules/picomatch
1803 silly ADD node_modules/picocolors
1804 silly ADD node_modules/perfect-debounce
1805 silly ADD node_modules/pdf-lib
1806 silly ADD node_modules/pdf-lib/node_modules/tslib
1807 silly ADD node_modules/pathval
1808 silly ADD node_modules/pathe
1809 silly ADD node_modules/path-type
1810 silly ADD node_modules/path-to-regexp
1811 silly ADD node_modules/path-scurry
1812 silly ADD node_modules/path-scurry/node_modules/minipass
1813 silly ADD node_modules/path-scurry/node_modules/lru-cache
1814 silly ADD node_modules/path-parse
1815 silly ADD node_modules/path-key
1816 silly ADD node_modules/path-is-absolute
1817 silly ADD node_modules/path-exists
1818 silly ADD node_modules/pascal-case
1819 silly ADD node_modules/parseurl
1820 silly ADD node_modules/parse5-htmlparser2-tree-adapter
1821 silly ADD node_modules/parse5-htmlparser2-tree-adapter/node_modules/parse5
1822 silly ADD node_modules/parse5
1823 silly ADD node_modules/parse-json
1824 silly ADD node_modules/parent-module
1825 silly ADD node_modules/param-case
1826 silly ADD node_modules/pako
1827 silly ADD node_modules/package-json-from-dist
1828 silly ADD node_modules/p-try
1829 silly ADD node_modules/p-retry
1830 silly ADD node_modules/p-locate
1831 silly ADD node_modules/p-limit
1832 silly ADD node_modules/p-finally
1833 silly ADD node_modules/outvariant
1834 silly ADD node_modules/ora
1835 silly ADD node_modules/ora/node_modules/chalk
1836 silly ADD node_modules/optionator
1837 silly ADD node_modules/opener
1838 silly ADD node_modules/open
1839 silly ADD node_modules/onetime
1840 silly ADD node_modules/once
1841 silly ADD node_modules/on-headers
1842 silly ADD node_modules/on-finished
1843 silly ADD node_modules/obuf
1844 silly ADD node_modules/object.assign
1845 silly ADD node_modules/object-keys
1846 silly ADD node_modules/object-is
1847 silly ADD node_modules/object-inspect
1848 silly ADD node_modules/object-assign
1849 silly ADD node_modules/nwsapi
1850 silly ADD node_modules/nth-check
1851 silly ADD node_modules/npm-run-path
1852 silly ADD node_modules/normalize-url
1853 silly ADD node_modules/normalize-path
1854 silly ADD node_modules/normalize-package-data
1855 silly ADD node_modules/normalize-package-data/node_modules/semver
1856 silly ADD node_modules/nopt
1857 silly ADD node_modules/node-releases
1858 silly ADD node_modules/node-forge
1859 silly ADD node_modules/node-fetch
1860 silly ADD node_modules/no-case
1861 silly ADD node_modules/nice-try
1862 silly ADD node_modules/neo-async
1863 silly ADD node_modules/negotiator
1864 silly ADD node_modules/natural-compare
1865 silly ADD node_modules/nanoid
1866 silly ADD node_modules/mz
1867 silly ADD node_modules/mute-stream
1868 silly ADD node_modules/multicast-dns
1869 silly ADD node_modules/msw
1870 silly ADD node_modules/msw/node_modules/yargs-parser
1871 silly ADD node_modules/msw/node_modules/yargs
1872 silly ADD node_modules/msw/node_modules/type-fest
1873 silly ADD node_modules/msw/node_modules/tough-cookie
1874 silly ADD node_modules/msw/node_modules/tldts-core
1875 silly ADD node_modules/msw/node_modules/tldts
1876 silly ADD node_modules/msw/node_modules/path-to-regexp
1877 silly ADD node_modules/msw/node_modules/cookie
1878 silly ADD node_modules/msw/node_modules/cliui
1879 silly ADD node_modules/ms
1880 silly ADD node_modules/mrmime
1881 silly ADD node_modules/module-alias
1882 silly ADD node_modules/mlly
1883 silly ADD node_modules/mlly/node_modules/pathe
1884 silly ADD node_modules/mitt
1885 silly ADD node_modules/minipass
1886 silly ADD node_modules/minipass/node_modules/yallist
1887 silly ADD node_modules/minimist
1888 silly ADD node_modules/minimatch
1889 silly ADD node_modules/minimalistic-assert
1890 silly ADD node_modules/mini-css-extract-plugin
1891 silly ADD node_modules/mini-css-extract-plugin/node_modules/schema-utils
1892 silly ADD node_modules/mini-css-extract-plugin/node_modules/json-schema-traverse
1893 silly ADD node_modules/mini-css-extract-plugin/node_modules/ajv-keywords
1894 silly ADD node_modules/mini-css-extract-plugin/node_modules/ajv
1895 silly ADD node_modules/mimic-fn
1896 silly ADD node_modules/mime-types
1897 silly ADD node_modules/mime-db
1898 silly ADD node_modules/mime
1899 silly ADD node_modules/micromatch
1900 silly ADD node_modules/methods
1901 silly ADD node_modules/merge2
1902 silly ADD node_modules/merge-stream
1903 silly ADD node_modules/merge-source-map
1904 silly ADD node_modules/merge-descriptors
1905 silly ADD node_modules/memfs
1906 silly ADD node_modules/media-typer
1907 silly ADD node_modules/mdn-data
1908 silly ADD node_modules/math-intrinsics
1909 silly ADD node_modules/make-dir
1910 silly ADD node_modules/magicast
1911 silly ADD node_modules/magic-string
1912 silly ADD node_modules/lz-string
1913 silly ADD node_modules/lru-cache
1914 silly ADD node_modules/lower-case
1915 silly ADD node_modules/loupe
1916 silly ADD node_modules/log-update
1917 silly ADD node_modules/log-update/node_modules/wrap-ansi
1918 silly ADD node_modules/log-update/node_modules/strip-ansi
1919 silly ADD node_modules/log-update/node_modules/string-width
1920 silly ADD node_modules/log-update/node_modules/restore-cursor
1921 silly ADD node_modules/log-update/node_modules/onetime
1922 silly ADD node_modules/log-update/node_modules/mimic-fn
1923 silly ADD node_modules/log-update/node_modules/is-fullwidth-code-point
1924 silly ADD node_modules/log-update/node_modules/cli-cursor
1925 silly ADD node_modules/log-update/node_modules/ansi-regex
1926 silly ADD node_modules/log-symbols
1927 silly ADD node_modules/log-symbols/node_modules/chalk
1928 silly ADD node_modules/lodash.uniq
1929 silly ADD node_modules/lodash.truncate
1930 silly ADD node_modules/lodash.merge
1931 silly ADD node_modules/lodash.memoize
1932 silly ADD node_modules/lodash.mapvalues
1933 silly ADD node_modules/lodash.kebabcase
1934 silly ADD node_modules/lodash.defaultsdeep
1935 silly ADD node_modules/lodash.debounce
1936 silly ADD node_modules/lodash
1937 silly ADD node_modules/locate-path
1938 silly ADD node_modules/local-pkg
1939 silly ADD node_modules/loader-utils
1940 silly ADD node_modules/loader-utils/node_modules/json5
1941 silly ADD node_modules/loader-runner
1942 silly ADD node_modules/lines-and-columns
1943 silly ADD node_modules/lilconfig
1944 silly ADD node_modules/levn
1945 silly ADD node_modules/launch-editor-middleware
1946 silly ADD node_modules/launch-editor
1947 silly ADD node_modules/klona
1948 silly ADD node_modules/kind-of
1949 silly ADD node_modules/keyv
1950 silly ADD node_modules/jsonfile
1951 silly ADD node_modules/json5
1952 silly ADD node_modules/json-stable-stringify-without-jsonify
1953 silly ADD node_modules/json-schema-traverse
1954 silly ADD node_modules/json-parse-even-better-errors
1955 silly ADD node_modules/json-parse-better-errors
1956 silly ADD node_modules/json-buffer
1957 silly ADD node_modules/jsesc
1958 silly ADD node_modules/jsdom
1959 silly ADD node_modules/jsdom/node_modules/ws
1960 silly ADD node_modules/jsdom/node_modules/whatwg-url
1961 silly ADD node_modules/jsdom/node_modules/webidl-conversions
1962 silly ADD node_modules/jsdom/node_modules/tr46
1963 silly ADD node_modules/jsdom/node_modules/parse5
1964 silly ADD node_modules/jsdom/node_modules/entities
1965 silly ADD node_modules/js-yaml
1966 silly ADD node_modules/js-tokens
1967 silly ADD node_modules/js-message
1968 silly ADD node_modules/js-cookie
1969 silly ADD node_modules/js-beautify
1970 silly ADD node_modules/js-beautify/node_modules/minipass
1971 silly ADD node_modules/js-beautify/node_modules/minimatch
1972 silly ADD node_modules/js-beautify/node_modules/glob
1973 silly ADD node_modules/js-beautify/node_modules/brace-expansion
1974 silly ADD node_modules/joi
1975 silly ADD node_modules/jest-worker
1976 silly ADD node_modules/jest-worker/node_modules/supports-color
1977 silly ADD node_modules/jest-util
1978 silly ADD node_modules/jest-util/node_modules/picomatch
1979 silly ADD node_modules/jest-util/node_modules/ci-info
1980 silly ADD node_modules/jest-util/node_modules/chalk
1981 silly ADD node_modules/jest-regex-util
1982 silly ADD node_modules/jest-mock
1983 silly ADD node_modules/jest-message-util
1984 silly ADD node_modules/jest-message-util/node_modules/chalk
1985 silly ADD node_modules/jest-environment-jsdom
1986 silly ADD node_modules/jest-environment-jsdom/node_modules/xml-name-validator
1987 silly ADD node_modules/jest-environment-jsdom/node_modules/ws
1988 silly ADD node_modules/jest-environment-jsdom/node_modules/whatwg-url
1989 silly ADD node_modules/jest-environment-jsdom/node_modules/whatwg-mimetype
1990 silly ADD node_modules/jest-environment-jsdom/node_modules/whatwg-encoding
1991 silly ADD node_modules/jest-environment-jsdom/node_modules/webidl-conversions
1992 silly ADD node_modules/jest-environment-jsdom/node_modules/w3c-xmlserializer
1993 silly ADD node_modules/jest-environment-jsdom/node_modules/tr46
1994 silly ADD node_modules/jest-environment-jsdom/node_modules/tough-cookie
1995 silly ADD node_modules/jest-environment-jsdom/node_modules/rrweb-cssom
1996 silly ADD node_modules/jest-environment-jsdom/node_modules/parse5
1997 silly ADD node_modules/jest-environment-jsdom/node_modules/jsdom
1998 silly ADD node_modules/jest-environment-jsdom/node_modules/iconv-lite
1999 silly ADD node_modules/jest-environment-jsdom/node_modules/https-proxy-agent
2000 silly ADD node_modules/jest-environment-jsdom/node_modules/http-proxy-agent
2001 silly ADD node_modules/jest-environment-jsdom/node_modules/html-encoding-sniffer
2002 silly ADD node_modules/jest-environment-jsdom/node_modules/entities
2003 silly ADD node_modules/jest-environment-jsdom/node_modules/data-urls
2004 silly ADD node_modules/jest-environment-jsdom/node_modules/cssstyle
2005 silly ADD node_modules/jest-environment-jsdom/node_modules/agent-base
2006 silly ADD node_modules/javascript-stringify
2007 silly ADD node_modules/jackspeak
2008 silly ADD node_modules/istanbul-reports
2009 silly ADD node_modules/istanbul-lib-source-maps
2010 silly ADD node_modules/istanbul-lib-report
2011 silly ADD node_modules/istanbul-lib-report/node_modules/semver
2012 silly ADD node_modules/istanbul-lib-report/node_modules/make-dir
2013 silly ADD node_modules/istanbul-lib-coverage
2014 silly ADD node_modules/isobject
2015 silly ADD node_modules/isexe
2016 silly ADD node_modules/isarray
2017 silly ADD node_modules/is-wsl
2018 silly ADD node_modules/is-what
2019 silly ADD node_modules/is-weakset
2020 silly ADD node_modules/is-weakmap
2021 silly ADD node_modules/is-unicode-supported
2022 silly ADD node_modules/is-symbol
2023 silly ADD node_modules/is-string
2024 silly ADD node_modules/is-stream
2025 silly ADD node_modules/is-shared-array-buffer
2026 silly ADD node_modules/is-set
2027 silly ADD node_modules/is-regex
2028 silly ADD node_modules/is-potential-custom-element-name
2029 silly ADD node_modules/is-plain-object
2030 silly ADD node_modules/is-plain-obj
2031 silly ADD node_modules/is-number-object
2032 silly ADD node_modules/is-number
2033 silly ADD node_modules/is-node-process
2034 silly ADD node_modules/is-map
2035 silly ADD node_modules/is-interactive
2036 silly ADD node_modules/is-glob
2037 silly ADD node_modules/is-fullwidth-code-point
2038 silly ADD node_modules/is-file-esm
2039 silly ADD node_modules/is-extglob
2040 silly ADD node_modules/is-docker
2041 silly ADD node_modules/is-date-object
2042 silly ADD node_modules/is-core-module
2043 silly ADD node_modules/is-ci
2044 silly ADD node_modules/is-callable
2045 silly ADD node_modules/is-buffer
2046 silly ADD node_modules/is-boolean-object
2047 silly ADD node_modules/is-binary-path
2048 silly ADD node_modules/is-bigint
2049 silly ADD node_modules/is-arrayish
2050 silly ADD node_modules/is-array-buffer
2051 silly ADD node_modules/is-arguments
2052 silly ADD node_modules/ipaddr.js
2053 silly ADD node_modules/internal-slot
2054 silly ADD node_modules/ini
2055 silly ADD node_modules/inherits
2056 silly ADD node_modules/inflight
2057 silly ADD node_modules/imurmurhash
2058 silly ADD node_modules/import-fresh
2059 silly ADD node_modules/ignore
2060 silly ADD node_modules/ieee754
2061 silly ADD node_modules/icss-utils
2062 silly ADD node_modules/iconv-lite
2063 silly ADD node_modules/human-signals
2064 silly ADD node_modules/https-proxy-agent
2065 silly ADD node_modules/http-proxy-middleware
2066 silly ADD node_modules/http-proxy-agent
2067 silly ADD node_modules/http-proxy
2068 silly ADD node_modules/http-parser-js
2069 silly ADD node_modules/http-errors
2070 silly ADD node_modules/http-deceiver
2071 silly ADD node_modules/htmlparser2
2072 silly ADD node_modules/htmlparser2/node_modules/entities
2073 silly ADD node_modules/html-webpack-plugin
2074 silly ADD node_modules/html-tags
2075 silly ADD node_modules/html-minifier-terser
2076 silly ADD node_modules/html-escaper
2077 silly ADD node_modules/html-entities
2078 silly ADD node_modules/html-encoding-sniffer
2079 silly ADD node_modules/hpack.js
2080 silly ADD node_modules/hpack.js/node_modules/string_decoder
2081 silly ADD node_modules/hpack.js/node_modules/safe-buffer
2082 silly ADD node_modules/hpack.js/node_modules/readable-stream
2083 silly ADD node_modules/hosted-git-info
2084 silly ADD node_modules/hookable
2085 silly ADD node_modules/highlight.js
2086 silly ADD node_modules/headers-polyfill
2087 silly ADD node_modules/he
2088 silly ADD node_modules/hasown
2089 silly ADD node_modules/hash-sum
2090 silly ADD node_modules/has-tostringtag
2091 silly ADD node_modules/has-symbols
2092 silly ADD node_modules/has-property-descriptors
2093 silly ADD node_modules/has-flag
2094 silly ADD node_modules/has-bigints
2095 silly ADD node_modules/handle-thing
2096 silly ADD node_modules/gzip-size
2097 silly ADD node_modules/graphql
2098 silly ADD node_modules/graceful-fs
2099 silly ADD node_modules/gopd
2100 silly ADD node_modules/globby
2101 silly ADD node_modules/globals
2102 silly ADD node_modules/globals/node_modules/type-fest
2103 silly ADD node_modules/glob-to-regexp
2104 silly ADD node_modules/glob-parent
2105 silly ADD node_modules/glob
2106 silly ADD node_modules/get-stream
2107 silly ADD node_modules/get-proto
2108 silly ADD node_modules/get-intrinsic
2109 silly ADD node_modules/get-func-name
2110 silly ADD node_modules/get-caller-file
2111 silly ADD node_modules/gensync
2112 silly ADD node_modules/functions-have-names
2113 silly ADD node_modules/functional-red-black-tree
2114 silly ADD node_modules/function-bind
2115 silly ADD
2116 silly ADD node_modules/fs.realpath
2117 silly ADD node_modules/fs-monkey
2118 silly ADD node_modules/fs-extra
2119 silly ADD node_modules/fresh
2120 silly ADD node_modules/fraction.js
2121 silly ADD node_modules/forwarded
2122 silly ADD node_modules/form-data
2123 silly ADD node_modules/foreground-child
2124 silly ADD node_modules/foreground-child/node_modules/which
2125 silly ADD node_modules/foreground-child/node_modules/signal-exit
2126 silly ADD node_modules/foreground-child/node_modules/shebang-regex
2127 silly ADD node_modules/foreground-child/node_modules/shebang-command
2128 silly ADD node_modules/foreground-child/node_modules/path-key
2129 silly ADD node_modules/foreground-child/node_modules/cross-spawn
2130 silly ADD node_modules/for-each
2131 silly ADD node_modules/follow-redirects
2132 silly ADD node_modules/flatted
2133 silly ADD node_modules/flat-cache
2134 silly ADD node_modules/flat
2135 silly ADD node_modules/find-up
2136 silly ADD node_modules/find-cache-dir
2137 silly ADD node_modules/finalhandler
2138 silly ADD node_modules/finalhandler/node_modules/ms
2139 silly ADD node_modules/finalhandler/node_modules/debug
2140 silly ADD node_modules/fill-range
2141 silly ADD node_modules/file-entry-cache
2142 silly ADD node_modules/figures
2143 silly ADD node_modules/fflate
2144 silly ADD node_modules/faye-websocket
2145 silly ADD node_modules/fastq
2146 silly ADD node_modules/fast-uri
2147 silly ADD node_modules/fast-levenshtein
2148 silly ADD node_modules/fast-json-stable-stringify
2149 silly ADD node_modules/fast-glob
2150 silly ADD node_modules/fast-glob/node_modules/glob-parent
2151 silly ADD node_modules/fast-diff
2152 silly ADD node_modules/fast-deep-equal
2153 silly ADD node_modules/express
2154 silly ADD node_modules/express/node_modules/ms
2155 silly ADD node_modules/express/node_modules/debug
2156 silly ADD node_modules/execa
2157 silly ADD node_modules/events
2158 silly ADD node_modules/eventemitter3
2159 silly ADD node_modules/event-pubsub
2160 silly ADD node_modules/etag
2161 silly ADD node_modules/esutils
2162 silly ADD node_modules/estree-walker
2163 silly ADD node_modules/estraverse
2164 silly ADD node_modules/esrecurse
2165 silly ADD node_modules/esrecurse/node_modules/estraverse
2166 silly ADD node_modules/esquery
2167 silly ADD node_modules/esquery/node_modules/estraverse
2168 silly ADD node_modules/esprima
2169 silly ADD node_modules/espree
2170 silly ADD node_modules/espree/node_modules/eslint-visitor-keys
2171 silly ADD node_modules/espree/node_modules/acorn
2172 silly ADD node_modules/eslint-webpack-plugin
2173 silly ADD node_modules/eslint-webpack-plugin/node_modules/supports-color
2174 silly ADD node_modules/eslint-webpack-plugin/node_modules/schema-utils
2175 silly ADD node_modules/eslint-webpack-plugin/node_modules/json-schema-traverse
2176 silly ADD node_modules/eslint-webpack-plugin/node_modules/jest-worker
2177 silly ADD node_modules/eslint-webpack-plugin/node_modules/ajv-keywords
2178 silly ADD node_modules/eslint-webpack-plugin/node_modules/ajv
2179 silly ADD node_modules/eslint-visitor-keys
2180 silly ADD node_modules/eslint-utils
2181 silly ADD node_modules/eslint-scope
2182 silly ADD node_modules/eslint-plugin-vue
2183 silly ADD node_modules/eslint-plugin-vue/node_modules/semver
2184 silly ADD node_modules/eslint-plugin-prettier
2185 silly ADD node_modules/eslint-config-prettier
2186 silly ADD node_modules/eslint
2187 silly ADD node_modules/eslint/node_modules/which
2188 silly ADD node_modules/eslint/node_modules/shebang-regex
2189 silly ADD node_modules/eslint/node_modules/shebang-command
2190 silly ADD node_modules/eslint/node_modules/semver
2191 silly ADD node_modules/eslint/node_modules/path-key
2192 silly ADD node_modules/eslint/node_modules/ignore
2193 silly ADD node_modules/eslint/node_modules/glob-parent
2194 silly ADD node_modules/eslint/node_modules/eslint-utils
2195 silly ADD node_modules/eslint/node_modules/eslint-utils/node_modules/eslint-visitor-keys
2196 silly ADD node_modules/eslint/node_modules/escape-string-regexp
2197 silly ADD node_modules/eslint/node_modules/cross-spawn
2198 silly ADD node_modules/eslint/node_modules/chalk
2199 silly ADD node_modules/eslint/node_modules/@babel/code-frame
2200 silly ADD node_modules/escape-string-regexp
2201 silly ADD node_modules/escape-html
2202 silly ADD node_modules/escalade
2203 silly ADD node_modules/esbuild
2204 silly ADD node_modules/es-set-tostringtag
2205 silly ADD node_modules/es-object-atoms
2206 silly ADD node_modules/es-module-lexer
2207 silly ADD node_modules/es-get-iterator
2208 silly ADD node_modules/es-get-iterator/node_modules/isarray
2209 silly ADD node_modules/es-errors
2210 silly ADD node_modules/es-define-property
2211 silly ADD node_modules/error-stack-parser
2212 silly ADD node_modules/error-ex
2213 silly ADD node_modules/entities
2214 silly ADD node_modules/enquirer
2215 silly ADD node_modules/enhanced-resolve
2216 silly ADD node_modules/end-of-stream
2217 silly ADD node_modules/encodeurl
2218 silly ADD node_modules/emojis-list
2219 silly ADD node_modules/emoji-regex
2220 silly ADD node_modules/electron-to-chromium
2221 silly ADD node_modules/ee-first
2222 silly ADD node_modules/editorconfig
2223 silly ADD node_modules/editorconfig/node_modules/semver
2224 silly ADD node_modules/editorconfig/node_modules/minimatch
2225 silly ADD node_modules/editorconfig/node_modules/commander
2226 silly ADD node_modules/editorconfig/node_modules/brace-expansion
2227 silly ADD node_modules/easy-stack
2228 silly ADD node_modules/eastasianwidth
2229 silly ADD node_modules/duplexer
2230 silly ADD node_modules/dunder-proto
2231 silly ADD node_modules/dotenv-expand
2232 silly ADD node_modules/dotenv
2233 silly ADD node_modules/dot-case
2234 silly ADD node_modules/domutils
2235 silly ADD node_modules/dompurify
2236 silly ADD node_modules/domhandler
2237 silly ADD node_modules/domexception
2238 silly ADD node_modules/domexception/node_modules/webidl-conversions
2239 silly ADD node_modules/domelementtype
2240 silly ADD node_modules/dom-serializer
2241 silly ADD node_modules/dom-serializer/node_modules/entities
2242 silly ADD node_modules/dom-converter
2243 silly ADD node_modules/dom-accessibility-api
2244 silly ADD node_modules/doctrine
2245 silly ADD node_modules/dns-packet
2246 silly ADD node_modules/dir-glob
2247 silly ADD node_modules/diff-sequences
2248 silly ADD node_modules/detect-node
2249 silly ADD node_modules/destroy
2250 silly ADD node_modules/depd
2251 silly ADD node_modules/delayed-stream
2252 silly ADD node_modules/define-properties
2253 silly ADD node_modules/define-lazy-prop
2254 silly ADD node_modules/define-data-property
2255 silly ADD node_modules/defaults
2256 silly ADD node_modules/default-gateway
2257 silly ADD node_modules/default-gateway/node_modules/which
2258 silly ADD node_modules/default-gateway/node_modules/shebang-regex
2259 silly ADD node_modules/default-gateway/node_modules/shebang-command
2260 silly ADD node_modules/default-gateway/node_modules/path-key
2261 silly ADD node_modules/default-gateway/node_modules/npm-run-path
2262 silly ADD node_modules/default-gateway/node_modules/is-stream
2263 silly ADD node_modules/default-gateway/node_modules/get-stream
2264 silly ADD node_modules/default-gateway/node_modules/execa
2265 silly ADD node_modules/default-gateway/node_modules/cross-spawn
2266 silly ADD node_modules/deepmerge
2267 silly ADD node_modules/deep-is
2268 silly ADD node_modules/deep-equal
2269 silly ADD node_modules/deep-equal/node_modules/isarray
2270 silly ADD node_modules/deep-eql
2271 silly ADD node_modules/decimal.js
2272 silly ADD node_modules/debug
2273 silly ADD node_modules/debounce
2274 silly ADD node_modules/data-urls
2275 silly ADD node_modules/data-urls/node_modules/whatwg-url
2276 silly ADD node_modules/data-urls/node_modules/webidl-conversions
2277 silly ADD node_modules/data-urls/node_modules/tr46
2278 silly ADD node_modules/csstype
2279 silly ADD node_modules/cssstyle
2280 silly ADD node_modules/csso
2281 silly ADD node_modules/cssnano-utils
2282 silly ADD node_modules/cssnano-preset-default
2283 silly ADD node_modules/cssnano
2284 silly ADD node_modules/cssesc
2285 silly ADD node_modules/css-what
2286 silly ADD node_modules/css-tree
2287 silly ADD node_modules/css-select
2288 silly ADD node_modules/css-minimizer-webpack-plugin
2289 silly ADD node_modules/css-minimizer-webpack-plugin/node_modules/schema-utils
2290 silly ADD node_modules/css-minimizer-webpack-plugin/node_modules/json-schema-traverse
2291 silly ADD node_modules/css-minimizer-webpack-plugin/node_modules/ajv-keywords
2292 silly ADD node_modules/css-minimizer-webpack-plugin/node_modules/ajv
2293 silly ADD node_modules/css-loader
2294 silly ADD node_modules/css-loader/node_modules/semver
2295 silly ADD node_modules/css-declaration-sorter
2296 silly ADD node_modules/cross-spawn
2297 silly ADD node_modules/cross-spawn/node_modules/semver
2298 silly ADD node_modules/cosmiconfig
2299 silly ADD node_modules/core-util-is
2300 silly ADD node_modules/core-js-compat
2301 silly ADD node_modules/core-js
2302 silly ADD node_modules/copy-webpack-plugin
2303 silly ADD node_modules/copy-webpack-plugin/node_modules/schema-utils
2304 silly ADD node_modules/copy-anything
2305 silly ADD node_modules/cookie-signature
2306 silly ADD node_modules/cookie
2307 silly ADD node_modules/convert-source-map
2308 silly ADD node_modules/content-type
2309 silly ADD node_modules/content-disposition
2310 silly ADD node_modules/consolidate
2311 silly ADD node_modules/connect-history-api-fallback
2312 silly ADD node_modules/config-chain
2313 silly ADD node_modules/confbox
2314 silly ADD node_modules/concat-map
2315 silly ADD node_modules/compression
2316 silly ADD node_modules/compression/node_modules/ms
2317 silly ADD node_modules/compression/node_modules/debug
2318 silly ADD node_modules/compressible
2319 silly ADD node_modules/commondir
2320 silly ADD node_modules/commander
2321 silly ADD node_modules/combined-stream
2322 silly ADD node_modules/colorette
2323 silly ADD node_modules/colord
2324 silly ADD node_modules/color-name
2325 silly ADD node_modules/color-convert
2326 silly ADD node_modules/clone-deep
2327 silly ADD node_modules/clone
2328 silly ADD node_modules/cliui
2329 silly ADD node_modules/clipboardy
2330 silly ADD node_modules/cli-width
2331 silly ADD node_modules/cli-spinners
2332 silly ADD node_modules/cli-highlight
2333 silly ADD node_modules/cli-highlight/node_modules/chalk
2334 silly ADD node_modules/cli-cursor
2335 silly ADD node_modules/clean-css
2336 silly ADD node_modules/ci-info
2337 silly ADD node_modules/chrome-trace-event
2338 silly ADD node_modules/chokidar
2339 silly ADD node_modules/chokidar/node_modules/glob-parent
2340 silly ADD node_modules/check-error
2341 silly ADD node_modules/chalk
2342 silly ADD node_modules/chai
2343 silly ADD node_modules/chai/node_modules/type-detect
2344 silly ADD node_modules/case-sensitive-paths-webpack-plugin
2345 silly ADD node_modules/caniuse-lite
2346 silly ADD node_modules/caniuse-api
2347 silly ADD node_modules/camelcase
2348 silly ADD node_modules/camel-case
2349 silly ADD node_modules/callsites
2350 silly ADD node_modules/call-bound
2351 silly ADD node_modules/call-bind-apply-helpers
2352 silly ADD node_modules/call-bind
2353 silly ADD node_modules/cac
2354 silly ADD node_modules/bytes
2355 silly ADD node_modules/buffer-from
2356 silly ADD node_modules/buffer
2357 silly ADD node_modules/browserslist
2358 silly ADD node_modules/braces
2359 silly ADD node_modules/brace-expansion
2360 silly ADD node_modules/boolbase
2361 silly ADD node_modules/bonjour-service
2362 silly ADD node_modules/body-parser
2363 silly ADD node_modules/body-parser/node_modules/ms
2364 silly ADD node_modules/body-parser/node_modules/debug
2365 silly ADD node_modules/bluebird
2366 silly ADD node_modules/bl
2367 silly ADD node_modules/birpc
2368 silly ADD node_modules/binary-extensions
2369 silly ADD node_modules/big.js
2370 silly ADD node_modules/batch
2371 silly ADD node_modules/baseline-browser-mapping
2372 silly ADD node_modules/base64-js
2373 silly ADD node_modules/balanced-match
2374 silly ADD node_modules/babel-plugin-polyfill-regenerator
2375 silly ADD node_modules/babel-plugin-polyfill-corejs3
2376 silly ADD node_modules/babel-plugin-polyfill-corejs2
2377 silly ADD node_modules/babel-plugin-dynamic-import-node
2378 silly ADD node_modules/babel-loader
2379 silly ADD node_modules/babel-loader/node_modules/loader-utils
2380 silly ADD node_modules/axios-mock-adapter
2381 silly ADD node_modules/axios
2382 silly ADD node_modules/available-typed-arrays
2383 silly ADD node_modules/autoprefixer
2384 silly ADD node_modules/at-least-node
2385 silly ADD node_modules/asynckit
2386 silly ADD node_modules/async
2387 silly ADD node_modules/astral-regex
2388 silly ADD node_modules/assertion-error
2389 silly ADD node_modules/array-union
2390 silly ADD node_modules/array-flatten
2391 silly ADD node_modules/array-buffer-byte-length
2392 silly ADD node_modules/aria-query
2393 silly ADD node_modules/argparse
2394 silly ADD node_modules/arch
2395 silly ADD node_modules/anymatch
2396 silly ADD node_modules/any-promise
2397 silly ADD node_modules/ansi-styles
2398 silly ADD node_modules/ansi-regex
2399 silly ADD node_modules/ansi-html-community
2400 silly ADD node_modules/ansi-escapes
2401 silly ADD node_modules/ansi-colors
2402 silly ADD node_modules/ajv-keywords
2403 silly ADD node_modules/ajv-formats
2404 silly ADD node_modules/ajv-formats/node_modules/json-schema-traverse
2405 silly ADD node_modules/ajv-formats/node_modules/ajv
2406 silly ADD node_modules/ajv
2407 silly ADD node_modules/agent-base
2408 silly ADD node_modules/address
2409 silly ADD node_modules/acorn-walk
2410 silly ADD node_modules/acorn-jsx
2411 silly ADD node_modules/acorn-import-phases
2412 silly ADD node_modules/acorn
2413 silly ADD node_modules/accepts
2414 silly ADD node_modules/accepts/node_modules/negotiator
2415 silly ADD node_modules/abbrev
2416 silly ADD node_modules/abab
2417 silly ADD node_modules/@xtuc/long
2418 silly ADD node_modules/@xtuc/ieee754
2419 silly ADD node_modules/@webassemblyjs/wast-printer
2420 silly ADD node_modules/@webassemblyjs/wasm-parser
2421 silly ADD node_modules/@webassemblyjs/wasm-opt
2422 silly ADD node_modules/@webassemblyjs/wasm-gen
2423 silly ADD node_modules/@webassemblyjs/wasm-edit
2424 silly ADD node_modules/@webassemblyjs/utf8
2425 silly ADD node_modules/@webassemblyjs/leb128
2426 silly ADD node_modules/@webassemblyjs/ieee754
2427 silly ADD node_modules/@webassemblyjs/helper-wasm-section
2428 silly ADD node_modules/@webassemblyjs/helper-wasm-bytecode
2429 silly ADD node_modules/@webassemblyjs/helper-numbers
2430 silly ADD node_modules/@webassemblyjs/helper-buffer
2431 silly ADD node_modules/@webassemblyjs/helper-api-error
2432 silly ADD node_modules/@webassemblyjs/floating-point-hex-parser
2433 silly ADD node_modules/@webassemblyjs/ast
2434 silly ADD node_modules/@vue/web-component-wrapper
2435 silly ADD node_modules/@vue/vue-loader-v15
2436 silly ADD node_modules/@vue/vue-loader-v15/node_modules/hash-sum
2437 silly ADD node_modules/@vue/test-utils
2438 silly ADD node_modules/@vue/shared
2439 silly ADD node_modules/@vue/server-renderer
2440 silly ADD node_modules/@vue/runtime-dom
2441 silly ADD node_modules/@vue/runtime-core
2442 silly ADD node_modules/@vue/reactivity
2443 silly ADD node_modules/@vue/eslint-config-prettier
2444 silly ADD node_modules/@vue/eslint-config-prettier/node_modules/eslint-plugin-prettier
2445 silly ADD node_modules/@vue/eslint-config-prettier/node_modules/eslint-config-prettier
2446 silly ADD node_modules/@vue/devtools-shared
2447 silly ADD node_modules/@vue/devtools-kit
2448 silly ADD node_modules/@vue/devtools-api
2449 silly ADD node_modules/@vue/component-compiler-utils
2450 silly ADD node_modules/@vue/component-compiler-utils/node_modules/yallist
2451 silly ADD node_modules/@vue/component-compiler-utils/node_modules/postcss
2452 silly ADD node_modules/@vue/component-compiler-utils/node_modules/picocolors
2453 silly ADD node_modules/@vue/component-compiler-utils/node_modules/lru-cache
2454 silly ADD node_modules/@vue/component-compiler-utils/node_modules/hash-sum
2455 silly ADD node_modules/@vue/compiler-ssr
2456 silly ADD node_modules/@vue/compiler-sfc
2457 silly ADD node_modules/@vue/compiler-dom
2458 silly ADD node_modules/@vue/compiler-core
2459 silly ADD node_modules/@vue/cli-shared-utils
2460 silly ADD node_modules/@vue/cli-shared-utils/node_modules/yallist
2461 silly ADD node_modules/@vue/cli-shared-utils/node_modules/semver
2462 silly ADD node_modules/@vue/cli-shared-utils/node_modules/lru-cache
2463 silly ADD node_modules/@vue/cli-shared-utils/node_modules/chalk
2464 silly ADD node_modules/@vue/cli-service
2465 silly ADD node_modules/@vue/cli-plugin-vuex
2466 silly ADD node_modules/@vue/cli-plugin-router
2467 silly ADD node_modules/@vue/cli-plugin-eslint
2468 silly ADD node_modules/@vue/cli-plugin-babel
2469 silly ADD node_modules/@vue/cli-overlay
2470 silly ADD node_modules/@vue/babel-sugar-v-on
2471 silly ADD node_modules/@vue/babel-sugar-v-model
2472 silly ADD node_modules/@vue/babel-sugar-inject-h
2473 silly ADD node_modules/@vue/babel-sugar-functional-vue
2474 silly ADD node_modules/@vue/babel-sugar-composition-api-render-instance
2475 silly ADD node_modules/@vue/babel-sugar-composition-api-inject-h
2476 silly ADD node_modules/@vue/babel-preset-jsx
2477 silly ADD node_modules/@vue/babel-preset-app
2478 silly ADD node_modules/@vue/babel-preset-app/node_modules/semver
2479 silly ADD node_modules/@vue/babel-plugin-transform-vue-jsx
2480 silly ADD node_modules/@vue/babel-plugin-resolve-type
2481 silly ADD node_modules/@vue/babel-plugin-jsx
2482 silly ADD node_modules/@vue/babel-helper-vue-transform-on
2483 silly ADD node_modules/@vue/babel-helper-vue-jsx-merge-props
2484 silly ADD node_modules/@vitest/utils
2485 silly ADD node_modules/@vitest/utils/node_modules/pretty-format
2486 silly ADD node_modules/@vitest/utils/node_modules/estree-walker
2487 silly ADD node_modules/@vitest/utils/node_modules/ansi-styles
2488 silly ADD node_modules/@vitest/utils/node_modules/@sinclair/typebox
2489 silly ADD node_modules/@vitest/utils/node_modules/@jest/schemas
2490 silly ADD node_modules/@vitest/ui
2491 silly ADD node_modules/@vitest/spy
2492 silly ADD node_modules/@vitest/snapshot
2493 silly ADD node_modules/@vitest/snapshot/node_modules/pretty-format
2494 silly ADD node_modules/@vitest/snapshot/node_modules/ansi-styles
2495 silly ADD node_modules/@vitest/snapshot/node_modules/@sinclair/typebox
2496 silly ADD node_modules/@vitest/snapshot/node_modules/@jest/schemas
2497 silly ADD node_modules/@vitest/runner
2498 silly ADD node_modules/@vitest/runner/node_modules/p-limit
2499 silly ADD node_modules/@vitest/expect
2500 silly ADD node_modules/@vitest/coverage-v8
2501 silly ADD node_modules/@vitejs/plugin-vue
2502 silly ADD node_modules/@types/yargs-parser
2503 silly ADD node_modules/@types/yargs
2504 silly ADD node_modules/@types/ws
2505 silly ADD node_modules/@types/trusted-types
2506 silly ADD node_modules/@types/tough-cookie
2507 silly ADD node_modules/@types/statuses
2508 silly ADD node_modules/@types/stack-utils
2509 silly ADD node_modules/@types/sockjs
2510 silly ADD node_modules/@types/serve-static
2511 silly ADD node_modules/@types/serve-static/node_modules/@types/send
2512 silly ADD node_modules/@types/serve-index
2513 silly ADD node_modules/@types/send
2514 silly ADD node_modules/@types/retry
2515 silly ADD node_modules/@types/range-parser
2516 silly ADD node_modules/@types/qs
2517 silly ADD node_modules/@types/parse-json
2518 silly ADD node_modules/@types/normalize-package-data
2519 silly ADD node_modules/@types/node-forge
2520 silly ADD node_modules/@types/node
2521 silly ADD node_modules/@types/minimist
2522 silly ADD node_modules/@types/mime
2523 silly ADD node_modules/@types/json-schema
2524 silly ADD node_modules/@types/jsdom
2525 silly ADD node_modules/@types/jsdom/node_modules/parse5
2526 silly ADD node_modules/@types/jsdom/node_modules/entities
2527 silly ADD node_modules/@types/istanbul-reports
2528 silly ADD node_modules/@types/istanbul-lib-report
2529 silly ADD node_modules/@types/istanbul-lib-coverage
2530 silly ADD node_modules/@types/http-proxy
2531 silly ADD node_modules/@types/http-errors
2532 silly ADD node_modules/@types/html-minifier-terser
2533 silly ADD node_modules/@types/express-serve-static-core
2534 silly ADD node_modules/@types/express
2535 silly ADD node_modules/@types/express/node_modules/@types/express-serve-static-core
2536 silly ADD node_modules/@types/estree
2537 silly ADD node_modules/@types/eslint-scope
2538 silly ADD node_modules/@types/eslint
2539 silly ADD node_modules/@types/connect-history-api-fallback
2540 silly ADD node_modules/@types/connect
2541 silly ADD node_modules/@types/bonjour
2542 silly ADD node_modules/@types/body-parser
2543 silly ADD node_modules/@types/aria-query
2544 silly ADD node_modules/@trysound/sax
2545 silly ADD node_modules/@tootallnate/once
2546 silly ADD node_modules/@testing-library/vue
2547 silly ADD node_modules/@testing-library/dom
2548 silly ADD node_modules/@testing-library/dom/node_modules/react-is
2549 silly ADD node_modules/@testing-library/dom/node_modules/pretty-format
2550 silly ADD node_modules/@testing-library/dom/node_modules/pretty-format/node_modules/ansi-styles
2551 silly ADD node_modules/@testing-library/dom/node_modules/chalk
2552 silly ADD node_modules/@soda/get-current-script
2553 silly ADD node_modules/@soda/friendly-errors-webpack-plugin
2554 silly ADD node_modules/@sinonjs/fake-timers
2555 silly ADD node_modules/@sinonjs/commons
2556 silly ADD node_modules/@sinclair/typebox
2557 silly ADD node_modules/@sideway/pinpoint
2558 silly ADD node_modules/@sideway/formula
2559 silly ADD node_modules/@sideway/address
2560 silly ADD node_modules/@rollup/rollup-win32-x64-msvc
2561 silly ADD node_modules/@rollup/rollup-win32-x64-gnu
2562 silly ADD
2563 silly ADD
2564 silly ADD
2565 silly ADD
2566 silly ADD
2567 silly ADD
2568 silly ADD
2569 silly ADD
2570 silly ADD
2571 silly ADD
2572 silly ADD
2573 silly ADD
2574 silly ADD
2575 silly ADD
2576 silly ADD
2577 silly ADD
2578 silly ADD
2579 silly ADD
2580 silly ADD
2581 silly ADD
2582 silly ADD
2583 silly ADD
2584 silly ADD
2585 silly ADD node_modules/@polka/url
2586 silly ADD node_modules/@pkgjs/parseargs
2587 silly ADD node_modules/@pdf-lib/upng
2588 silly ADD node_modules/@pdf-lib/standard-fonts
2589 silly ADD node_modules/@pdf-lib/fontkit
2590 silly ADD node_modules/@open-draft/until
2591 silly ADD node_modules/@open-draft/logger
2592 silly ADD node_modules/@open-draft/deferred-promise
2593 silly ADD node_modules/@one-ini/wasm
2594 silly ADD node_modules/@nodelib/fs.walk
2595 silly ADD node_modules/@nodelib/fs.stat
2596 silly ADD node_modules/@nodelib/fs.scandir
2597 silly ADD node_modules/@node-ipc/js-queue
2598 silly ADD node_modules/@mswjs/interceptors
2599 silly ADD node_modules/@leichtgewicht/ip-codec
2600 silly ADD node_modules/@jridgewell/trace-mapping
2601 silly ADD node_modules/@jridgewell/sourcemap-codec
2602 silly ADD node_modules/@jridgewell/source-map
2603 silly ADD node_modules/@jridgewell/resolve-uri
2604 silly ADD node_modules/@jridgewell/remapping
2605 silly ADD node_modules/@jridgewell/gen-mapping
2606 silly ADD node_modules/@jest/types
2607 silly ADD node_modules/@jest/types/node_modules/chalk
2608 silly ADD node_modules/@jest/schemas
2609 silly ADD node_modules/@jest/pattern
2610 silly ADD node_modules/@jest/fake-timers
2611 silly ADD node_modules/@jest/environment-jsdom-abstract
2612 silly ADD node_modules/@jest/environment
2613 silly ADD node_modules/@istanbuljs/schema
2614 silly ADD node_modules/@isaacs/cliui
2615 silly ADD node_modules/@isaacs/cliui/node_modules/wrap-ansi
2616 silly ADD node_modules/@isaacs/cliui/node_modules/strip-ansi
2617 silly ADD node_modules/@isaacs/cliui/node_modules/string-width
2618 silly ADD node_modules/@isaacs/cliui/node_modules/emoji-regex
2619 silly ADD node_modules/@isaacs/cliui/node_modules/ansi-styles
2620 silly ADD node_modules/@isaacs/cliui/node_modules/ansi-regex
2621 silly ADD node_modules/@intlify/shared
2622 silly ADD node_modules/@intlify/message-compiler
2623 silly ADD node_modules/@intlify/core-base
2624 silly ADD node_modules/@inquirer/type
2625 silly ADD node_modules/@inquirer/figures
2626 silly ADD node_modules/@inquirer/core
2627 silly ADD node_modules/@inquirer/core/node_modules/wrap-ansi
2628 silly ADD node_modules/@inquirer/core/node_modules/signal-exit
2629 silly ADD node_modules/@inquirer/confirm
2630 silly ADD node_modules/@inquirer/ansi
2631 silly ADD node_modules/@humanwhocodes/object-schema
2632 silly ADD node_modules/@humanwhocodes/config-array
2633 silly ADD node_modules/@hapi/topo
2634 silly ADD node_modules/@hapi/hoek
2635 silly ADD node_modules/@eslint/eslintrc
2636 silly ADD node_modules/@eslint/eslintrc/node_modules/ignore
2637 silly ADD node_modules/@esbuild/win32-x64
2638 silly ADD
2639 silly ADD
2640 silly ADD
2641 silly ADD
2642 silly ADD
2643 silly ADD
2644 silly ADD
2645 silly ADD
2646 silly ADD
2647 silly ADD
2648 silly ADD
2649 silly ADD
2650 silly ADD
2651 silly ADD
2652 silly ADD
2653 silly ADD
2654 silly ADD
2655 silly ADD
2656 silly ADD
2657 silly ADD
2658 silly ADD
2659 silly ADD
2660 silly ADD node_modules/@discoveryjs/json-ext
2661 silly ADD node_modules/@csstools/css-tokenizer
2662 silly ADD node_modules/@csstools/css-parser-algorithms
2663 silly ADD node_modules/@csstools/css-color-parser
2664 silly ADD node_modules/@csstools/css-calc
2665 silly ADD node_modules/@csstools/color-helpers
2666 silly ADD node_modules/@bcoe/v8-coverage
2667 silly ADD node_modules/@babel/types
2668 silly ADD node_modules/@babel/traverse
2669 silly ADD node_modules/@babel/template
2670 silly ADD node_modules/@babel/runtime
2671 silly ADD node_modules/@babel/preset-modules
2672 silly ADD node_modules/@babel/preset-env
2673 silly ADD node_modules/@babel/preset-env/node_modules/babel-plugin-polyfill-corejs3
2674 silly ADD node_modules/@babel/plugin-transform-unicode-sets-regex
2675 silly ADD node_modules/@babel/plugin-transform-unicode-regex
2676 silly ADD node_modules/@babel/plugin-transform-unicode-property-regex
2677 silly ADD node_modules/@babel/plugin-transform-unicode-escapes
2678 silly ADD node_modules/@babel/plugin-transform-typeof-symbol
2679 silly ADD node_modules/@babel/plugin-transform-template-literals
2680 silly ADD node_modules/@babel/plugin-transform-sticky-regex
2681 silly ADD node_modules/@babel/plugin-transform-spread
2682 silly ADD node_modules/@babel/plugin-transform-shorthand-properties
2683 silly ADD node_modules/@babel/plugin-transform-runtime
2684 silly ADD node_modules/@babel/plugin-transform-reserved-words
2685 silly ADD node_modules/@babel/plugin-transform-regexp-modifiers
2686 silly ADD node_modules/@babel/plugin-transform-regenerator
2687 silly ADD node_modules/@babel/plugin-transform-property-literals
2688 silly ADD node_modules/@babel/plugin-transform-private-property-in-object
2689 silly ADD node_modules/@babel/plugin-transform-private-methods
2690 silly ADD node_modules/@babel/plugin-transform-parameters
2691 silly ADD node_modules/@babel/plugin-transform-optional-chaining
2692 silly ADD node_modules/@babel/plugin-transform-optional-catch-binding
2693 silly ADD node_modules/@babel/plugin-transform-object-super
2694 silly ADD node_modules/@babel/plugin-transform-object-rest-spread
2695 silly ADD node_modules/@babel/plugin-transform-numeric-separator
2696 silly ADD node_modules/@babel/plugin-transform-nullish-coalescing-operator
2697 silly ADD node_modules/@babel/plugin-transform-new-target
2698 silly ADD node_modules/@babel/plugin-transform-named-capturing-groups-regex
2699 silly ADD node_modules/@babel/plugin-transform-modules-umd
2700 silly ADD node_modules/@babel/plugin-transform-modules-systemjs
2701 silly ADD node_modules/@babel/plugin-transform-modules-commonjs
2702 silly ADD node_modules/@babel/plugin-transform-modules-amd
2703 silly ADD node_modules/@babel/plugin-transform-member-expression-literals
2704 silly ADD node_modules/@babel/plugin-transform-logical-assignment-operators
2705 silly ADD node_modules/@babel/plugin-transform-literals
2706 silly ADD node_modules/@babel/plugin-transform-json-strings
2707 silly ADD node_modules/@babel/plugin-transform-function-name
2708 silly ADD node_modules/@babel/plugin-transform-for-of
2709 silly ADD node_modules/@babel/plugin-transform-export-namespace-from
2710 silly ADD node_modules/@babel/plugin-transform-exponentiation-operator
2711 silly ADD node_modules/@babel/plugin-transform-explicit-resource-management
2712 silly ADD node_modules/@babel/plugin-transform-dynamic-import
2713 silly ADD node_modules/@babel/plugin-transform-duplicate-named-capturing-groups-regex
2714 silly ADD node_modules/@babel/plugin-transform-duplicate-keys
2715 silly ADD node_modules/@babel/plugin-transform-dotall-regex
2716 silly ADD node_modules/@babel/plugin-transform-destructuring
2717 silly ADD node_modules/@babel/plugin-transform-computed-properties
2718 silly ADD node_modules/@babel/plugin-transform-classes
2719 silly ADD node_modules/@babel/plugin-transform-class-static-block
2720 silly ADD node_modules/@babel/plugin-transform-class-properties
2721 silly ADD node_modules/@babel/plugin-transform-block-scoping
2722 silly ADD node_modules/@babel/plugin-transform-block-scoped-functions
2723 silly ADD node_modules/@babel/plugin-transform-async-to-generator
2724 silly ADD node_modules/@babel/plugin-transform-async-generator-functions
2725 silly ADD node_modules/@babel/plugin-transform-arrow-functions
2726 silly ADD node_modules/@babel/plugin-syntax-unicode-sets-regex
2727 silly ADD node_modules/@babel/plugin-syntax-jsx
2728 silly ADD node_modules/@babel/plugin-syntax-import-attributes
2729 silly ADD node_modules/@babel/plugin-syntax-import-assertions
2730 silly ADD node_modules/@babel/plugin-syntax-dynamic-import
2731 silly ADD node_modules/@babel/plugin-syntax-decorators
2732 silly ADD node_modules/@babel/plugin-proposal-private-property-in-object
2733 silly ADD node_modules/@babel/plugin-proposal-decorators
2734 silly ADD node_modules/@babel/plugin-proposal-class-properties
2735 silly ADD node_modules/@babel/plugin-bugfix-v8-static-class-fields-redefine-readonly
2736 silly ADD node_modules/@babel/plugin-bugfix-v8-spread-parameters-in-optional-chaining
2737 silly ADD node_modules/@babel/plugin-bugfix-safari-id-destructuring-collision-in-function-expression
2738 silly ADD node_modules/@babel/plugin-bugfix-safari-class-field-initializer-scope
2739 silly ADD node_modules/@babel/plugin-bugfix-firefox-class-in-computed-class-key
2740 silly ADD node_modules/@babel/parser
2741 silly ADD node_modules/@babel/highlight
2742 silly ADD node_modules/@babel/highlight/node_modules/supports-color
2743 silly ADD node_modules/@babel/highlight/node_modules/has-flag
2744 silly ADD node_modules/@babel/highlight/node_modules/color-name
2745 silly ADD node_modules/@babel/highlight/node_modules/color-convert
2746 silly ADD node_modules/@babel/highlight/node_modules/chalk
2747 silly ADD node_modules/@babel/highlight/node_modules/ansi-styles
2748 silly ADD node_modules/@babel/helpers
2749 silly ADD node_modules/@babel/helper-wrap-function
2750 silly ADD node_modules/@babel/helper-validator-option
2751 silly ADD node_modules/@babel/helper-validator-identifier
2752 silly ADD node_modules/@babel/helper-string-parser
2753 silly ADD node_modules/@babel/helper-skip-transparent-expression-wrappers
2754 silly ADD node_modules/@babel/helper-replace-supers
2755 silly ADD node_modules/@babel/helper-remap-async-to-generator
2756 silly ADD node_modules/@babel/helper-plugin-utils
2757 silly ADD node_modules/@babel/helper-optimise-call-expression
2758 silly ADD node_modules/@babel/helper-module-transforms
2759 silly ADD node_modules/@babel/helper-module-imports
2760 silly ADD node_modules/@babel/helper-member-expression-to-functions
2761 silly ADD node_modules/@babel/helper-globals
2762 silly ADD node_modules/@babel/helper-define-polyfill-provider
2763 silly ADD node_modules/@babel/helper-create-regexp-features-plugin
2764 silly ADD node_modules/@babel/helper-create-class-features-plugin
2765 silly ADD node_modules/@babel/helper-compilation-targets
2766 silly ADD node_modules/@babel/helper-annotate-as-pure
2767 silly ADD node_modules/@babel/generator
2768 silly ADD node_modules/@babel/core
2769 silly ADD node_modules/@babel/compat-data
2770 silly ADD node_modules/@babel/code-frame
2771 silly ADD node_modules/@asamuzakjp/css-color
2772 silly ADD node_modules/@asamuzakjp/css-color/node_modules/lru-cache
2773 silly ADD node_modules/@ampproject/remapping
2774 silly ADD node_modules/@achrinza/node-ipc
2775 verbose cwd C:\Users\Yusuf\OneDrive\Desktop\rakez-poject
2776 verbose os Windows_NT 10.0.26200
2777 verbose node v22.16.0
2778 verbose npm  v10.9.2
2779 verbose exit 0
2780 info ok
