0 verbose cli C:\Program Files\nodejs\node.exe C:\Program Files\nodejs\node_modules\npm\bin\npm-cli.js
1 info using npm@10.9.2
2 info using node@v22.16.0
3 silly config load:file:C:\Program Files\nodejs\node_modules\npm\npmrc
4 silly config load:file:C:\Users\Yusuf\OneDrive\Desktop\rakez-poject\.npmrc
5 silly config load:file:C:\Users\Yusuf\.npmrc
6 silly config load:file:C:\Users\Yusuf\AppData\Roaming\npm\etc\npmrc
7 verbose title npm ci
8 verbose argv "ci"
9 verbose logfile logs-max:10 dir:C:\Users\Yusuf\OneDrive\Desktop\rakez-poject\.npm-cache\_logs\2026-02-12T17_07_33_791Z-
10 verbose logfile C:\Users\Yusuf\OneDrive\Desktop\rakez-poject\.npm-cache\_logs\2026-02-12T17_07_33_791Z-debug-0.log
11 silly logfile done cleaning log files
12 http fetch GET https://registry.npmjs.org/npm attempt 1 failed with ECONNREFUSED
13 silly packumentCache heap:4345298944 maxSize:1086324736 maxEntrySize:543162368
14 silly idealTree buildDeps
15 silly reify moves {}
16 silly audit report null
17 verbose reify failed optional dependency C:\Users\Yusuf\OneDrive\Desktop\rakez-poject\node_modules\fsevents
18 silly reify mark deleted [
18 silly reify   'C:\\Users\\Yusuf\\OneDrive\\Desktop\\rakez-poject\\node_modules\\fsevents'
18 silly reify ]
19 verbose reify failed optional dependency C:\Users\Yusuf\OneDrive\Desktop\rakez-poject\node_modules\@rollup\rollup-win32-ia32-msvc
20 silly reify mark deleted [
20 silly reify   'C:\\Users\\Yusuf\\OneDrive\\Desktop\\rakez-poject\\node_modules\\@rollup\\rollup-win32-ia32-msvc'
20 silly reify ]
21 verbose reify failed optional dependency C:\Users\Yusuf\OneDrive\Desktop\rakez-poject\node_modules\@rollup\rollup-win32-arm64-msvc
22 silly reify mark deleted [
22 silly reify   'C:\\Users\\Yusuf\\OneDrive\\Desktop\\rakez-poject\\node_modules\\@rollup\\rollup-win32-arm64-msvc'
22 silly reify ]
23 verbose reify failed optional dependency C:\Users\Yusuf\OneDrive\Desktop\rakez-poject\node_modules\@rollup\rollup-openharmony-arm64
24 silly reify mark deleted [
24 silly reify   'C:\\Users\\Yusuf\\OneDrive\\Desktop\\rakez-poject\\node_modules\\@rollup\\rollup-openharmony-arm64'
24 silly reify ]
25 verbose reify failed optional dependency C:\Users\Yusuf\OneDrive\Desktop\rakez-poject\node_modules\@rollup\rollup-openbsd-x64
26 silly reify mark deleted [
26 silly reify   'C:\\Users\\Yusuf\\OneDrive\\Desktop\\rakez-poject\\node_modules\\@rollup\\rollup-openbsd-x64'
26 silly reify ]
27 verbose reify failed optional dependency C:\Users\Yusuf\OneDrive\Desktop\rakez-poject\node_modules\@rollup\rollup-linux-x64-musl
28 silly reify mark deleted [
28 silly reify   'C:\\Users\\Yusuf\\OneDrive\\Desktop\\rakez-poject\\node_modules\\@rollup\\rollup-linux-x64-musl'
28 silly reify ]
29 verbose reify failed optional dependency C:\Users\Yusuf\OneDrive\Desktop\rakez-poject\node_modules\@rollup\rollup-linux-x64-gnu
30 silly reify mark deleted [
30 silly reify   'C:\\Users\\Yusuf\\OneDrive\\Desktop\\rakez-poject\\node_modules\\@rollup\\rollup-linux-x64-gnu'
30 silly reify ]
31 verbose reify failed optional dependency C:\Users\Yusuf\OneDrive\Desktop\rakez-poject\node_modules\@rollup\rollup-linux-s390x-gnu
32 silly reify mark deleted [
32 silly reify   'C:\\Users\\Yusuf\\OneDrive\\Desktop\\rakez-poject\\node_modules\\@rollup\\rollup-linux-s390x-gnu'
32 silly reify ]
33 verbose reify failed optional dependency C:\Users\Yusuf\OneDrive\Desktop\rakez-poject\node_modules\@rollup\rollup-linux-riscv64-musl
34 silly reify mark deleted [
34 silly reify   'C:\\Users\\Yusuf\\OneDrive\\Desktop\\rakez-poject\\node_modules\\@rollup\\rollup-linux-riscv64-musl'
34 silly reify ]
35 verbose reify failed optional dependency C:\Users\Yusuf\OneDrive\Desktop\rakez-poject\node_modules\@rollup\rollup-linux-riscv64-gnu
36 silly reify mark deleted [
36 silly reify   'C:\\Users\\Yusuf\\OneDrive\\Desktop\\rakez-poject\\node_modules\\@rollup\\rollup-linux-riscv64-gnu'
36 silly reify ]
37 verbose reify failed optional dependency C:\Users\Yusuf\OneDrive\Desktop\rakez-poject\node_modules\@rollup\rollup-linux-ppc64-musl
38 silly reify mark deleted [
38 silly reify   'C:\\Users\\Yusuf\\OneDrive\\Desktop\\rakez-poject\\node_modules\\@rollup\\rollup-linux-ppc64-musl'
38 silly reify ]
39 verbose reify failed optional dependency C:\Users\Yusuf\OneDrive\Desktop\rakez-poject\node_modules\@rollup\rollup-linux-ppc64-gnu
40 silly reify mark deleted [
40 silly reify   'C:\\Users\\Yusuf\\OneDrive\\Desktop\\rakez-poject\\node_modules\\@rollup\\rollup-linux-ppc64-gnu'
40 silly reify ]
41 verbose reify failed optional dependency C:\Users\Yusuf\OneDrive\Desktop\rakez-poject\node_modules\@rollup\rollup-linux-loong64-musl
42 silly reify mark deleted [
42 silly reify   'C:\\Users\\Yusuf\\OneDrive\\Desktop\\rakez-poject\\node_modules\\@rollup\\rollup-linux-loong64-musl'
42 silly reify ]
43 verbose reify failed optional dependency C:\Users\Yusuf\OneDrive\Desktop\rakez-poject\node_modules\@rollup\rollup-linux-loong64-gnu
44 silly reify mark deleted [
44 silly reify   'C:\\Users\\Yusuf\\OneDrive\\Desktop\\rakez-poject\\node_modules\\@rollup\\rollup-linux-loong64-gnu'
44 silly reify ]
45 verbose reify failed optional dependency C:\Users\Yusuf\OneDrive\Desktop\rakez-poject\node_modules\@rollup\rollup-linux-arm64-musl
46 silly reify mark deleted [
46 silly reify   'C:\\Users\\Yusuf\\OneDrive\\Desktop\\rakez-poject\\node_modules\\@rollup\\rollup-linux-arm64-musl'
46 silly reify ]
47 verbose reify failed optional dependency C:\Users\Yusuf\OneDrive\Desktop\rakez-poject\node_modules\@rollup\rollup-linux-arm64-gnu
48 silly reify mark deleted [
48 silly reify   'C:\\Users\\Yusuf\\OneDrive\\Desktop\\rakez-poject\\node_modules\\@rollup\\rollup-linux-arm64-gnu'
48 silly reify ]
49 verbose reify failed optional dependency C:\Users\Yusuf\OneDrive\Desktop\rakez-poject\node_modules\@rollup\rollup-linux-arm-musleabihf
50 silly reify mark deleted [
50 silly reify   'C:\\Users\\Yusuf\\OneDrive\\Desktop\\rakez-poject\\node_modules\\@rollup\\rollup-linux-arm-musleabihf'
50 silly reify ]
51 verbose reify failed optional dependency C:\Users\Yusuf\OneDrive\Desktop\rakez-poject\node_modules\@rollup\rollup-linux-arm-gnueabihf
52 silly reify mark deleted [
52 silly reify   'C:\\Users\\Yusuf\\OneDrive\\Desktop\\rakez-poject\\node_modules\\@rollup\\rollup-linux-arm-gnueabihf'
52 silly reify ]
53 verbose reify failed optional dependency C:\Users\Yusuf\OneDrive\Desktop\rakez-poject\node_modules\@rollup\rollup-freebsd-x64
54 silly reify mark deleted [
54 silly reify   'C:\\Users\\Yusuf\\OneDrive\\Desktop\\rakez-poject\\node_modules\\@rollup\\rollup-freebsd-x64'
54 silly reify ]
55 verbose reify failed optional dependency C:\Users\Yusuf\OneDrive\Desktop\rakez-poject\node_modules\@rollup\rollup-freebsd-arm64
56 silly reify mark deleted [
56 silly reify   'C:\\Users\\Yusuf\\OneDrive\\Desktop\\rakez-poject\\node_modules\\@rollup\\rollup-freebsd-arm64'
56 silly reify ]
57 verbose reify failed optional dependency C:\Users\Yusuf\OneDrive\Desktop\rakez-poject\node_modules\@rollup\rollup-darwin-x64
58 silly reify mark deleted [
58 silly reify   'C:\\Users\\Yusuf\\OneDrive\\Desktop\\rakez-poject\\node_modules\\@rollup\\rollup-darwin-x64'
58 silly reify ]
59 verbose reify failed optional dependency C:\Users\Yusuf\OneDrive\Desktop\rakez-poject\node_modules\@rollup\rollup-darwin-arm64
60 silly reify mark deleted [
60 silly reify   'C:\\Users\\Yusuf\\OneDrive\\Desktop\\rakez-poject\\node_modules\\@rollup\\rollup-darwin-arm64'
60 silly reify ]
61 verbose reify failed optional dependency C:\Users\Yusuf\OneDrive\Desktop\rakez-poject\node_modules\@rollup\rollup-android-arm64
62 silly reify mark deleted [
62 silly reify   'C:\\Users\\Yusuf\\OneDrive\\Desktop\\rakez-poject\\node_modules\\@rollup\\rollup-android-arm64'
62 silly reify ]
63 verbose reify failed optional dependency C:\Users\Yusuf\OneDrive\Desktop\rakez-poject\node_modules\@rollup\rollup-android-arm-eabi
64 silly reify mark deleted [
64 silly reify   'C:\\Users\\Yusuf\\OneDrive\\Desktop\\rakez-poject\\node_modules\\@rollup\\rollup-android-arm-eabi'
64 silly reify ]
65 verbose reify failed optional dependency C:\Users\Yusuf\OneDrive\Desktop\rakez-poject\node_modules\@esbuild\win32-ia32
66 silly reify mark deleted [
66 silly reify   'C:\\Users\\Yusuf\\OneDrive\\Desktop\\rakez-poject\\node_modules\\@esbuild\\win32-ia32'
66 silly reify ]
67 verbose reify failed optional dependency C:\Users\Yusuf\OneDrive\Desktop\rakez-poject\node_modules\@esbuild\win32-arm64
68 silly reify mark deleted [
68 silly reify   'C:\\Users\\Yusuf\\OneDrive\\Desktop\\rakez-poject\\node_modules\\@esbuild\\win32-arm64'
68 silly reify ]
69 verbose reify failed optional dependency C:\Users\Yusuf\OneDrive\Desktop\rakez-poject\node_modules\@esbuild\sunos-x64
70 silly reify mark deleted [
70 silly reify   'C:\\Users\\Yusuf\\OneDrive\\Desktop\\rakez-poject\\node_modules\\@esbuild\\sunos-x64'
70 silly reify ]
71 verbose reify failed optional dependency C:\Users\Yusuf\OneDrive\Desktop\rakez-poject\node_modules\@esbuild\openbsd-x64
72 silly reify mark deleted [
72 silly reify   'C:\\Users\\Yusuf\\OneDrive\\Desktop\\rakez-poject\\node_modules\\@esbuild\\openbsd-x64'
72 silly reify ]
73 verbose reify failed optional dependency C:\Users\Yusuf\OneDrive\Desktop\rakez-poject\node_modules\@esbuild\netbsd-x64
74 silly reify mark deleted [
74 silly reify   'C:\\Users\\Yusuf\\OneDrive\\Desktop\\rakez-poject\\node_modules\\@esbuild\\netbsd-x64'
74 silly reify ]
75 verbose reify failed optional dependency C:\Users\Yusuf\OneDrive\Desktop\rakez-poject\node_modules\@esbuild\linux-x64
76 silly reify mark deleted [
76 silly reify   'C:\\Users\\Yusuf\\OneDrive\\Desktop\\rakez-poject\\node_modules\\@esbuild\\linux-x64'
76 silly reify ]
77 verbose reify failed optional dependency C:\Users\Yusuf\OneDrive\Desktop\rakez-poject\node_modules\@esbuild\linux-s390x
78 silly reify mark deleted [
78 silly reify   'C:\\Users\\Yusuf\\OneDrive\\Desktop\\rakez-poject\\node_modules\\@esbuild\\linux-s390x'
78 silly reify ]
79 verbose reify failed optional dependency C:\Users\Yusuf\OneDrive\Desktop\rakez-poject\node_modules\@esbuild\linux-riscv64
80 silly reify mark deleted [
80 silly reify   'C:\\Users\\Yusuf\\OneDrive\\Desktop\\rakez-poject\\node_modules\\@esbuild\\linux-riscv64'
80 silly reify ]
81 verbose reify failed optional dependency C:\Users\Yusuf\OneDrive\Desktop\rakez-poject\node_modules\@esbuild\linux-ppc64
82 silly reify mark deleted [
82 silly reify   'C:\\Users\\Yusuf\\OneDrive\\Desktop\\rakez-poject\\node_modules\\@esbuild\\linux-ppc64'
82 silly reify ]
83 verbose reify failed optional dependency C:\Users\Yusuf\OneDrive\Desktop\rakez-poject\node_modules\@esbuild\linux-mips64el
84 silly reify mark deleted [
84 silly reify   'C:\\Users\\Yusuf\\OneDrive\\Desktop\\rakez-poject\\node_modules\\@esbuild\\linux-mips64el'
84 silly reify ]
85 verbose reify failed optional dependency C:\Users\Yusuf\OneDrive\Desktop\rakez-poject\node_modules\@esbuild\linux-loong64
86 silly reify mark deleted [
86 silly reify   'C:\\Users\\Yusuf\\OneDrive\\Desktop\\rakez-poject\\node_modules\\@esbuild\\linux-loong64'
86 silly reify ]
87 verbose reify failed optional dependency C:\Users\Yusuf\OneDrive\Desktop\rakez-poject\node_modules\@esbuild\linux-ia32
88 silly reify mark deleted [
88 silly reify   'C:\\Users\\Yusuf\\OneDrive\\Desktop\\rakez-poject\\node_modules\\@esbuild\\linux-ia32'
88 silly reify ]
89 verbose reify failed optional dependency C:\Users\Yusuf\OneDrive\Desktop\rakez-poject\node_modules\@esbuild\linux-arm64
90 silly reify mark deleted [
90 silly reify   'C:\\Users\\Yusuf\\OneDrive\\Desktop\\rakez-poject\\node_modules\\@esbuild\\linux-arm64'
90 silly reify ]
91 verbose reify failed optional dependency C:\Users\Yusuf\OneDrive\Desktop\rakez-poject\node_modules\@esbuild\linux-arm
92 silly reify mark deleted [
92 silly reify   'C:\\Users\\Yusuf\\OneDrive\\Desktop\\rakez-poject\\node_modules\\@esbuild\\linux-arm'
92 silly reify ]
93 verbose reify failed optional dependency C:\Users\Yusuf\OneDrive\Desktop\rakez-poject\node_modules\@esbuild\freebsd-x64
94 silly reify mark deleted [
94 silly reify   'C:\\Users\\Yusuf\\OneDrive\\Desktop\\rakez-poject\\node_modules\\@esbuild\\freebsd-x64'
94 silly reify ]
95 verbose reify failed optional dependency C:\Users\Yusuf\OneDrive\Desktop\rakez-poject\node_modules\@esbuild\freebsd-arm64
96 silly reify mark deleted [
96 silly reify   'C:\\Users\\Yusuf\\OneDrive\\Desktop\\rakez-poject\\node_modules\\@esbuild\\freebsd-arm64'
96 silly reify ]
97 verbose reify failed optional dependency C:\Users\Yusuf\OneDrive\Desktop\rakez-poject\node_modules\@esbuild\darwin-x64
98 silly reify mark deleted [
98 silly reify   'C:\\Users\\Yusuf\\OneDrive\\Desktop\\rakez-poject\\node_modules\\@esbuild\\darwin-x64'
98 silly reify ]
99 verbose reify failed optional dependency C:\Users\Yusuf\OneDrive\Desktop\rakez-poject\node_modules\@esbuild\darwin-arm64
100 silly reify mark deleted [
100 silly reify   'C:\\Users\\Yusuf\\OneDrive\\Desktop\\rakez-poject\\node_modules\\@esbuild\\darwin-arm64'
100 silly reify ]
101 verbose reify failed optional dependency C:\Users\Yusuf\OneDrive\Desktop\rakez-poject\node_modules\@esbuild\android-x64
102 silly reify mark deleted [
102 silly reify   'C:\\Users\\Yusuf\\OneDrive\\Desktop\\rakez-poject\\node_modules\\@esbuild\\android-x64'
102 silly reify ]
103 verbose reify failed optional dependency C:\Users\Yusuf\OneDrive\Desktop\rakez-poject\node_modules\@esbuild\android-arm64
104 silly reify mark deleted [
104 silly reify   'C:\\Users\\Yusuf\\OneDrive\\Desktop\\rakez-poject\\node_modules\\@esbuild\\android-arm64'
104 silly reify ]
105 verbose reify failed optional dependency C:\Users\Yusuf\OneDrive\Desktop\rakez-poject\node_modules\@esbuild\android-arm
106 silly reify mark deleted [
106 silly reify   'C:\\Users\\Yusuf\\OneDrive\\Desktop\\rakez-poject\\node_modules\\@esbuild\\android-arm'
106 silly reify ]
107 verbose reify failed optional dependency C:\Users\Yusuf\OneDrive\Desktop\rakez-poject\node_modules\@esbuild\aix-ppc64
108 silly reify mark deleted [
108 silly reify   'C:\\Users\\Yusuf\\OneDrive\\Desktop\\rakez-poject\\node_modules\\@esbuild\\aix-ppc64'
108 silly reify ]
109 http cache yorkie@https://registry.npmjs.org/yorkie/-/yorkie-2.0.0.tgz 0ms (cache hit)
110 http cache yocto-queue@https://registry.npmjs.org/yocto-queue/-/yocto-queue-1.2.2.tgz 0ms (cache hit)
111 http cache yoctocolors-cjs@https://registry.npmjs.org/yoctocolors-cjs/-/yoctocolors-cjs-2.1.3.tgz 0ms (cache hit)
112 http cache yargs@https://registry.npmjs.org/yargs/-/yargs-16.2.0.tgz 0ms (cache hit)
113 http cache yargs-parser@https://registry.npmjs.org/yargs-parser/-/yargs-parser-20.2.9.tgz 0ms (cache hit)
114 http cache yallist@https://registry.npmjs.org/yallist/-/yallist-3.1.1.tgz 0ms (cache hit)
115 http cache yaml@https://registry.npmjs.org/yaml/-/yaml-1.10.2.tgz 0ms (cache hit)
116 http cache y18n@https://registry.npmjs.org/y18n/-/y18n-5.0.8.tgz 0ms (cache hit)
117 http cache xmlchars@https://registry.npmjs.org/xmlchars/-/xmlchars-2.2.0.tgz 0ms (cache hit)
118 http cache xml-name-validator@https://registry.npmjs.org/xml-name-validator/-/xml-name-validator-4.0.0.tgz 0ms (cache hit)
119 http cache ws@https://registry.npmjs.org/ws/-/ws-7.5.10.tgz 0ms (cache hit)
120 http cache wrappy@https://registry.npmjs.org/wrappy/-/wrappy-1.0.2.tgz 0ms (cache hit)
121 http cache word-wrap@https://registry.npmjs.org/word-wrap/-/word-wrap-1.2.5.tgz 0ms (cache hit)
122 http cache wrap-ansi@https://registry.npmjs.org/wrap-ansi/-/wrap-ansi-7.0.0.tgz 0ms (cache hit)
123 http cache wildcard@https://registry.npmjs.org/wildcard/-/wildcard-2.0.1.tgz 0ms (cache hit)
124 http cache why-is-node-running@https://registry.npmjs.org/why-is-node-running/-/why-is-node-running-2.3.0.tgz 0ms (cache hit)
125 http cache which-typed-array@https://registry.npmjs.org/which-typed-array/-/which-typed-array-1.1.20.tgz 0ms (cache hit)
126 http cache wrap-ansi-cjs@https://registry.npmjs.org/wrap-ansi/-/wrap-ansi-7.0.0.tgz 0ms (cache hit)
127 http cache which-boxed-primitive@https://registry.npmjs.org/which-boxed-primitive/-/which-boxed-primitive-1.1.1.tgz 0ms (cache hit)
128 http cache which-collection@https://registry.npmjs.org/which-collection/-/which-collection-1.0.2.tgz 0ms (cache hit)
129 http cache which@https://registry.npmjs.org/which/-/which-1.3.1.tgz 0ms (cache hit)
130 http cache whatwg-mimetype@https://registry.npmjs.org/whatwg-mimetype/-/whatwg-mimetype-3.0.0.tgz 0ms (cache hit)
131 http cache whatwg-encoding@https://registry.npmjs.org/whatwg-encoding/-/whatwg-encoding-2.0.0.tgz 0ms (cache hit)
132 http cache whatwg-url@https://registry.npmjs.org/whatwg-url/-/whatwg-url-5.0.0.tgz 0ms (cache hit)
133 http cache whatwg-fetch@https://registry.npmjs.org/whatwg-fetch/-/whatwg-fetch-3.6.20.tgz 0ms (cache hit)
134 http cache websocket-extensions@https://registry.npmjs.org/websocket-extensions/-/websocket-extensions-0.1.4.tgz 0ms (cache hit)
135 http cache websocket-driver@https://registry.npmjs.org/websocket-driver/-/websocket-driver-0.7.4.tgz 0ms (cache hit)
136 http cache webpack-virtual-modules@https://registry.npmjs.org/webpack-virtual-modules/-/webpack-virtual-modules-0.4.6.tgz 0ms (cache hit)
137 http cache webpack-merge@https://registry.npmjs.org/webpack-merge/-/webpack-merge-5.10.0.tgz 0ms (cache hit)
138 http cache webpack-dev-server@https://registry.npmjs.org/webpack-dev-server/-/webpack-dev-server-4.15.2.tgz 0ms (cache hit)
139 http cache webpack-sources@https://registry.npmjs.org/webpack-sources/-/webpack-sources-3.3.3.tgz 0ms (cache hit)
140 http cache webpack-chain@https://registry.npmjs.org/webpack-chain/-/webpack-chain-6.5.1.tgz 0ms (cache hit)
141 http cache webpack-dev-middleware@https://registry.npmjs.org/webpack-dev-middleware/-/webpack-dev-middleware-5.3.4.tgz 0ms (cache hit)
142 http cache webpack@https://registry.npmjs.org/webpack/-/webpack-5.105.0.tgz 0ms (cache hit)
143 http cache wcwidth@https://registry.npmjs.org/wcwidth/-/wcwidth-1.0.1.tgz 0ms (cache hit)
144 http cache webidl-conversions@https://registry.npmjs.org/webidl-conversions/-/webidl-conversions-3.0.1.tgz 0ms (cache hit)
145 http cache watchpack@https://registry.npmjs.org/watchpack/-/watchpack-2.4.4.tgz 0ms (cache hit)
146 http cache webpack-bundle-analyzer@https://registry.npmjs.org/webpack-bundle-analyzer/-/webpack-bundle-analyzer-4.10.2.tgz 0ms (cache hit)
147 http cache wbuf@https://registry.npmjs.org/wbuf/-/wbuf-1.7.3.tgz 0ms (cache hit)
148 http cache w3c-xmlserializer@https://registry.npmjs.org/w3c-xmlserializer/-/w3c-xmlserializer-4.0.0.tgz 0ms (cache hit)
149 http cache vue-template-es2015-compiler@https://registry.npmjs.org/vue-template-es2015-compiler/-/vue-template-es2015-compiler-1.9.1.tgz 0ms (cache hit)
150 http cache vue-loader@https://registry.npmjs.org/vue-loader/-/vue-loader-17.4.2.tgz 0ms (cache hit)
151 http cache vue-router@https://registry.npmjs.org/vue-router/-/vue-router-4.6.4.tgz 0ms (cache hit)
152 http cache vue-i18n@https://registry.npmjs.org/vue-i18n/-/vue-i18n-9.14.5.tgz 0ms (cache hit)
153 http cache vue-style-loader@https://registry.npmjs.org/vue-style-loader/-/vue-style-loader-4.1.3.tgz 0ms (cache hit)
154 http cache vue-hot-reload-api@https://registry.npmjs.org/vue-hot-reload-api/-/vue-hot-reload-api-2.3.4.tgz 0ms (cache hit)
155 http cache vue-component-type-helpers@https://registry.npmjs.org/vue-component-type-helpers/-/vue-component-type-helpers-2.2.12.tgz 0ms (cache hit)
156 http cache vue-eslint-parser@https://registry.npmjs.org/vue-eslint-parser/-/vue-eslint-parser-8.3.0.tgz 0ms (cache hit)
157 http cache vitest@https://registry.npmjs.org/vitest/-/vitest-1.6.1.tgz 0ms (cache hit)
158 http cache vite-node@https://registry.npmjs.org/vite-node/-/vite-node-1.6.1.tgz 0ms (cache hit)
159 http cache vue@https://registry.npmjs.org/vue/-/vue-3.5.25.tgz 0ms (cache hit)
160 http cache vite@https://registry.npmjs.org/vite/-/vite-5.4.21.tgz 0ms (cache hit)
161 http cache vary@https://registry.npmjs.org/vary/-/vary-1.1.2.tgz 0ms (cache hit)
162 http cache validate-npm-package-license@https://registry.npmjs.org/validate-npm-package-license/-/validate-npm-package-license-3.0.4.tgz 0ms (cache hit)
163 http cache uuid@https://registry.npmjs.org/uuid/-/uuid-8.3.2.tgz 0ms (cache hit)
164 http cache utils-merge@https://registry.npmjs.org/utils-merge/-/utils-merge-1.0.1.tgz 0ms (cache hit)
165 http cache v8-compile-cache@https://registry.npmjs.org/v8-compile-cache/-/v8-compile-cache-2.4.0.tgz 0ms (cache hit)
166 http cache utila@https://registry.npmjs.org/utila/-/utila-0.4.0.tgz 0ms (cache hit)
167 http cache util-deprecate@https://registry.npmjs.org/util-deprecate/-/util-deprecate-1.0.2.tgz 0ms (cache hit)
168 http cache uri-js@https://registry.npmjs.org/uri-js/-/uri-js-4.4.1.tgz 0ms (cache hit)
169 http cache update-browserslist-db@https://registry.npmjs.org/update-browserslist-db/-/update-browserslist-db-1.2.2.tgz 0ms (cache hit)
170 http cache until-async@https://registry.npmjs.org/until-async/-/until-async-3.0.2.tgz 0ms (cache hit)
171 http cache unpipe@https://registry.npmjs.org/unpipe/-/unpipe-1.0.0.tgz 0ms (cache hit)
172 http cache url-parse@https://registry.npmjs.org/url-parse/-/url-parse-1.5.10.tgz 0ms (cache hit)
173 http cache universalify@https://registry.npmjs.org/universalify/-/universalify-2.0.1.tgz 0ms (cache hit)
174 http cache unicode-property-aliases-ecmascript@https://registry.npmjs.org/unicode-property-aliases-ecmascript/-/unicode-property-aliases-ecmascript-2.2.0.tgz 0ms (cache hit)
175 http cache unicode-match-property-value-ecmascript@https://registry.npmjs.org/unicode-match-property-value-ecmascript/-/unicode-match-property-value-ecmascript-2.2.1.tgz 0ms (cache hit)
176 http cache unicode-canonical-property-names-ecmascript@https://registry.npmjs.org/unicode-canonical-property-names-ecmascript/-/unicode-canonical-property-names-ecmascript-2.0.1.tgz 0ms (cache hit)
177 http cache undici-types@https://registry.npmjs.org/undici-types/-/undici-types-7.16.0.tgz 0ms (cache hit)
178 http cache ufo@https://registry.npmjs.org/ufo/-/ufo-1.6.3.tgz 0ms (cache hit)
179 http cache unicode-match-property-ecmascript@https://registry.npmjs.org/unicode-match-property-ecmascript/-/unicode-match-property-ecmascript-2.0.0.tgz 0ms (cache hit)
180 http cache type-fest@https://registry.npmjs.org/type-fest/-/type-fest-0.6.0.tgz 0ms (cache hit)
181 http cache type-is@https://registry.npmjs.org/type-is/-/type-is-1.6.18.tgz 0ms (cache hit)
182 http cache type-detect@https://registry.npmjs.org/type-detect/-/type-detect-4.0.8.tgz 0ms (cache hit)
183 http cache tweetnacl@https://registry.npmjs.org/tweetnacl/-/tweetnacl-1.0.3.tgz 0ms (cache hit)
184 http cache tslib@https://registry.npmjs.org/tslib/-/tslib-2.8.1.tgz 0ms (cache hit)
185 http cache tr46@https://registry.npmjs.org/tr46/-/tr46-0.0.3.tgz 0ms (cache hit)
186 http cache type-check@https://registry.npmjs.org/type-check/-/type-check-0.4.0.tgz 0ms (cache hit)
187 http cache tough-cookie@https://registry.npmjs.org/tough-cookie/-/tough-cookie-4.1.4.tgz 0ms (cache hit)
188 http cache totalist@https://registry.npmjs.org/totalist/-/totalist-3.0.1.tgz 0ms (cache hit)
189 http cache toidentifier@https://registry.npmjs.org/toidentifier/-/toidentifier-1.0.1.tgz 0ms (cache hit)
190 http cache tldts-core@https://registry.npmjs.org/tldts-core/-/tldts-core-6.1.86.tgz 0ms (cache hit)
191 http cache tldts@https://registry.npmjs.org/tldts/-/tldts-6.1.86.tgz 0ms (cache hit)
192 http cache to-regex-range@https://registry.npmjs.org/to-regex-range/-/to-regex-range-5.0.1.tgz 0ms (cache hit)
193 http cache tinypool@https://registry.npmjs.org/tinypool/-/tinypool-0.8.4.tgz 0ms (cache hit)
194 http cache tinybench@https://registry.npmjs.org/tinybench/-/tinybench-2.9.0.tgz 0ms (cache hit)
195 http cache thread-loader@https://registry.npmjs.org/thread-loader/-/thread-loader-3.0.4.tgz 0ms (cache hit)
196 http cache thenify-all@https://registry.npmjs.org/thenify-all/-/thenify-all-1.6.0.tgz 0ms (cache hit)
197 http cache thunky@https://registry.npmjs.org/thunky/-/thunky-1.1.0.tgz 0ms (cache hit)
198 http cache thenify@https://registry.npmjs.org/thenify/-/thenify-3.3.1.tgz 0ms (cache hit)
199 http cache text-table@https://registry.npmjs.org/text-table/-/text-table-0.2.0.tgz 0ms (cache hit)
200 http cache terser-webpack-plugin@https://registry.npmjs.org/terser-webpack-plugin/-/terser-webpack-plugin-5.3.16.tgz 0ms (cache hit)
201 http cache terser@https://registry.npmjs.org/terser/-/terser-5.44.1.tgz 0ms (cache hit)
202 http cache test-exclude@https://registry.npmjs.org/test-exclude/-/test-exclude-6.0.0.tgz 0ms (cache hit)
203 http cache tinyspy@https://registry.npmjs.org/tinyspy/-/tinyspy-2.2.1.tgz 0ms (cache hit)
204 http cache tapable@https://registry.npmjs.org/tapable/-/tapable-2.3.0.tgz 0ms (cache hit)
205 http cache tagged-tag@https://registry.npmjs.org/tagged-tag/-/tagged-tag-1.0.0.tgz 0ms (cache hit)
206 http cache svgo@https://registry.npmjs.org/svgo/-/svgo-2.8.0.tgz 0ms (cache hit)
207 http cache symbol-tree@https://registry.npmjs.org/symbol-tree/-/symbol-tree-3.2.4.tgz 0ms (cache hit)
208 http cache svg-tags@https://registry.npmjs.org/svg-tags/-/svg-tags-1.0.0.tgz 0ms (cache hit)
209 http cache supports-color@https://registry.npmjs.org/supports-color/-/supports-color-7.2.0.tgz 0ms (cache hit)
210 http cache supports-preserve-symlinks-flag@https://registry.npmjs.org/supports-preserve-symlinks-flag/-/supports-preserve-symlinks-flag-1.0.0.tgz 0ms (cache hit)
211 http cache table@https://registry.npmjs.org/table/-/table-6.9.0.tgz 0ms (cache hit)
212 http cache stylehacks@https://registry.npmjs.org/stylehacks/-/stylehacks-5.1.1.tgz 0ms (cache hit)
213 http cache strip-literal@https://registry.npmjs.org/strip-literal/-/strip-literal-2.1.1.tgz 0ms (cache hit)
214 http cache superjson@https://registry.npmjs.org/superjson/-/superjson-2.2.6.tgz 0ms (cache hit)
215 http cache strip-final-newline@https://registry.npmjs.org/strip-final-newline/-/strip-final-newline-2.0.0.tgz 0ms (cache hit)
216 http cache strip-eof@https://registry.npmjs.org/strip-eof/-/strip-eof-1.0.0.tgz 0ms (cache hit)
217 http cache strip-indent@https://registry.npmjs.org/strip-indent/-/strip-indent-2.0.0.tgz 0ms (cache hit)
218 http cache strip-json-comments@https://registry.npmjs.org/strip-json-comments/-/strip-json-comments-3.1.1.tgz 0ms (cache hit)
219 http cache strip-ansi-cjs@https://registry.npmjs.org/strip-ansi/-/strip-ansi-6.0.1.tgz 0ms (cache hit)
220 http cache string-width-cjs@https://registry.npmjs.org/string-width/-/string-width-4.2.3.tgz 0ms (cache hit)
221 http cache strip-ansi@https://registry.npmjs.org/strip-ansi/-/strip-ansi-6.0.1.tgz 0ms (cache hit)
222 http cache string_decoder@https://registry.npmjs.org/string_decoder/-/string_decoder-1.3.0.tgz 0ms (cache hit)
223 http cache strict-event-emitter@https://registry.npmjs.org/strict-event-emitter/-/strict-event-emitter-0.5.1.tgz 0ms (cache hit)
224 http cache string-width@https://registry.npmjs.org/string-width/-/string-width-4.2.3.tgz 0ms (cache hit)
225 http cache stop-iteration-iterator@https://registry.npmjs.org/stop-iteration-iterator/-/stop-iteration-iterator-1.1.0.tgz 0ms (cache hit)
226 http cache std-env@https://registry.npmjs.org/std-env/-/std-env-3.10.0.tgz 0ms (cache hit)
227 http cache statuses@https://registry.npmjs.org/statuses/-/statuses-2.0.2.tgz 0ms (cache hit)
228 http cache stackback@https://registry.npmjs.org/stackback/-/stackback-0.0.2.tgz 0ms (cache hit)
229 http cache stack-utils@https://registry.npmjs.org/stack-utils/-/stack-utils-2.0.6.tgz 0ms (cache hit)
230 http cache stackframe@https://registry.npmjs.org/stackframe/-/stackframe-1.3.4.tgz 0ms (cache hit)
231 http cache stable@https://registry.npmjs.org/stable/-/stable-0.1.8.tgz 0ms (cache hit)
232 http cache ssri@https://registry.npmjs.org/ssri/-/ssri-8.0.1.tgz 0ms (cache hit)
233 http cache sprintf-js@https://registry.npmjs.org/sprintf-js/-/sprintf-js-1.0.3.tgz 0ms (cache hit)
234 http cache spdy-transport@https://registry.npmjs.org/spdy-transport/-/spdy-transport-3.0.0.tgz 0ms (cache hit)
235 http cache spdy@https://registry.npmjs.org/spdy/-/spdy-4.0.2.tgz 0ms (cache hit)
236 http cache spdx-license-ids@https://registry.npmjs.org/spdx-license-ids/-/spdx-license-ids-3.0.22.tgz 0ms (cache hit)
237 http cache speakingurl@https://registry.npmjs.org/speakingurl/-/speakingurl-14.0.1.tgz 0ms (cache hit)
238 http cache spdx-expression-parse@https://registry.npmjs.org/spdx-expression-parse/-/spdx-expression-parse-3.0.1.tgz 0ms (cache hit)
239 http cache spdx-exceptions@https://registry.npmjs.org/spdx-exceptions/-/spdx-exceptions-2.5.0.tgz 0ms (cache hit)
240 http cache spdx-correct@https://registry.npmjs.org/spdx-correct/-/spdx-correct-3.2.0.tgz 0ms (cache hit)
241 http cache source-map@https://registry.npmjs.org/source-map/-/source-map-0.6.1.tgz 0ms (cache hit)
242 http cache source-map-js@https://registry.npmjs.org/source-map-js/-/source-map-js-1.2.1.tgz 0ms (cache hit)
243 http cache source-map-support@https://registry.npmjs.org/source-map-support/-/source-map-support-0.5.21.tgz 0ms (cache hit)
244 http cache sockjs@https://registry.npmjs.org/sockjs/-/sockjs-0.3.24.tgz 0ms (cache hit)
245 http cache slice-ansi@https://registry.npmjs.org/slice-ansi/-/slice-ansi-4.0.0.tgz 0ms (cache hit)
246 http cache slash@https://registry.npmjs.org/slash/-/slash-3.0.0.tgz 0ms (cache hit)
247 http cache signal-exit@https://registry.npmjs.org/signal-exit/-/signal-exit-3.0.7.tgz 0ms (cache hit)
248 http cache siginfo@https://registry.npmjs.org/siginfo/-/siginfo-2.0.0.tgz 0ms (cache hit)
249 http cache sirv@https://registry.npmjs.org/sirv/-/sirv-2.0.4.tgz 0ms (cache hit)
250 http cache side-channel-weakmap@https://registry.npmjs.org/side-channel-weakmap/-/side-channel-weakmap-1.0.2.tgz 0ms (cache hit)
251 http cache side-channel-list@https://registry.npmjs.org/side-channel-list/-/side-channel-list-1.0.0.tgz 0ms (cache hit)
252 http cache side-channel-map@https://registry.npmjs.org/side-channel-map/-/side-channel-map-1.0.1.tgz 0ms (cache hit)
253 http cache shell-quote@https://registry.npmjs.org/shell-quote/-/shell-quote-1.8.3.tgz 0ms (cache hit)
254 http cache shebang-regex@https://registry.npmjs.org/shebang-regex/-/shebang-regex-1.0.0.tgz 0ms (cache hit)
255 http cache shebang-command@https://registry.npmjs.org/shebang-command/-/shebang-command-1.2.0.tgz 0ms (cache hit)
256 http cache shallow-clone@https://registry.npmjs.org/shallow-clone/-/shallow-clone-3.0.1.tgz 0ms (cache hit)
257 http cache setprototypeof@https://registry.npmjs.org/setprototypeof/-/setprototypeof-1.2.0.tgz 0ms (cache hit)
258 http cache side-channel@https://registry.npmjs.org/side-channel/-/side-channel-1.1.0.tgz 0ms (cache hit)
259 http cache serve-static@https://registry.npmjs.org/serve-static/-/serve-static-1.16.2.tgz 0ms (cache hit)
260 http cache set-function-length@https://registry.npmjs.org/set-function-length/-/set-function-length-1.2.2.tgz 0ms (cache hit)
261 http cache set-function-name@https://registry.npmjs.org/set-function-name/-/set-function-name-2.0.2.tgz 0ms (cache hit)
262 http cache serialize-javascript@https://registry.npmjs.org/serialize-javascript/-/serialize-javascript-6.0.2.tgz 0ms (cache hit)
263 http cache send@https://registry.npmjs.org/send/-/send-0.19.1.tgz 0ms (cache hit)
264 http cache serve-index@https://registry.npmjs.org/serve-index/-/serve-index-1.9.1.tgz 0ms (cache hit)
265 http cache semver@https://registry.npmjs.org/semver/-/semver-6.3.1.tgz 0ms (cache hit)
266 http cache selfsigned@https://registry.npmjs.org/selfsigned/-/selfsigned-2.4.1.tgz 0ms (cache hit)
267 http cache schema-utils@https://registry.npmjs.org/schema-utils/-/schema-utils-2.7.1.tgz 0ms (cache hit)
268 http cache saxes@https://registry.npmjs.org/saxes/-/saxes-6.0.0.tgz 0ms (cache hit)
269 http cache safer-buffer@https://registry.npmjs.org/safer-buffer/-/safer-buffer-2.1.2.tgz 0ms (cache hit)
270 http cache select-hose@https://registry.npmjs.org/select-hose/-/select-hose-2.0.0.tgz 0ms (cache hit)
271 http cache safe-buffer@https://registry.npmjs.org/safe-buffer/-/safe-buffer-5.2.1.tgz 0ms (cache hit)
272 http cache safe-regex-test@https://registry.npmjs.org/safe-regex-test/-/safe-regex-test-1.1.0.tgz 0ms (cache hit)
273 http cache run-parallel@https://registry.npmjs.org/run-parallel/-/run-parallel-1.2.0.tgz 0ms (cache hit)
274 http cache rollup@https://registry.npmjs.org/rollup/-/rollup-4.57.1.tgz 0ms (cache hit)
275 http cache rimraf@https://registry.npmjs.org/rimraf/-/rimraf-3.0.2.tgz 0ms (cache hit)
276 http cache rfdc@https://registry.npmjs.org/rfdc/-/rfdc-1.4.1.tgz 0ms (cache hit)
277 http cache rrweb-cssom@https://registry.npmjs.org/rrweb-cssom/-/rrweb-cssom-0.6.0.tgz 0ms (cache hit)
278 http cache reusify@https://registry.npmjs.org/reusify/-/reusify-1.1.0.tgz 0ms (cache hit)
279 http cache rettime@https://registry.npmjs.org/rettime/-/rettime-0.10.1.tgz 0ms (cache hit)
280 http cache retry@https://registry.npmjs.org/retry/-/retry-0.13.1.tgz 0ms (cache hit)
281 http cache resolve-from@https://registry.npmjs.org/resolve-from/-/resolve-from-4.0.0.tgz 0ms (cache hit)
282 http cache resolve@https://registry.npmjs.org/resolve/-/resolve-1.22.11.tgz 0ms (cache hit)
283 http cache requires-port@https://registry.npmjs.org/requires-port/-/requires-port-1.0.0.tgz 0ms (cache hit)
284 http cache restore-cursor@https://registry.npmjs.org/restore-cursor/-/restore-cursor-3.1.0.tgz 0ms (cache hit)
285 http cache require-from-string@https://registry.npmjs.org/require-from-string/-/require-from-string-2.0.2.tgz 0ms (cache hit)
286 http cache renderkid@https://registry.npmjs.org/renderkid/-/renderkid-3.0.0.tgz 0ms (cache hit)
287 http cache require-directory@https://registry.npmjs.org/require-directory/-/require-directory-2.1.1.tgz 0ms (cache hit)
288 http cache regjsparser@https://registry.npmjs.org/regjsparser/-/regjsparser-0.13.0.tgz 0ms (cache hit)
289 http cache regjsgen@https://registry.npmjs.org/regjsgen/-/regjsgen-0.8.0.tgz 0ms (cache hit)
290 http cache regexpu-core@https://registry.npmjs.org/regexpu-core/-/regexpu-core-6.4.0.tgz 0ms (cache hit)
291 http cache relateurl@https://registry.npmjs.org/relateurl/-/relateurl-0.2.7.tgz 0ms (cache hit)
292 http cache regexpp@https://registry.npmjs.org/regexpp/-/regexpp-3.2.0.tgz 0ms (cache hit)
293 http cache regexp.prototype.flags@https://registry.npmjs.org/regexp.prototype.flags/-/regexp.prototype.flags-1.5.4.tgz 0ms (cache hit)
294 http cache readdirp@https://registry.npmjs.org/readdirp/-/readdirp-3.6.0.tgz 0ms (cache hit)
295 http cache readable-stream@https://registry.npmjs.org/readable-stream/-/readable-stream-3.6.2.tgz 0ms (cache hit)
296 http cache regenerate@https://registry.npmjs.org/regenerate/-/regenerate-1.4.2.tgz 0ms (cache hit)
297 http cache read-pkg-up@https://registry.npmjs.org/read-pkg-up/-/read-pkg-up-7.0.1.tgz 0ms (cache hit)
298 http cache read-pkg@https://registry.npmjs.org/read-pkg/-/read-pkg-5.2.0.tgz 0ms (cache hit)
299 http cache regenerate-unicode-properties@https://registry.npmjs.org/regenerate-unicode-properties/-/regenerate-unicode-properties-10.2.2.tgz 0ms (cache hit)
300 http cache react-is@https://registry.npmjs.org/react-is/-/react-is-18.3.1.tgz 0ms (cache hit)
301 http cache raw-body@https://registry.npmjs.org/raw-body/-/raw-body-2.5.3.tgz 0ms (cache hit)
302 http cache range-parser@https://registry.npmjs.org/range-parser/-/range-parser-1.2.1.tgz 0ms (cache hit)
303 http cache queue-microtask@https://registry.npmjs.org/queue-microtask/-/queue-microtask-1.2.3.tgz 0ms (cache hit)
304 http cache querystringify@https://registry.npmjs.org/querystringify/-/querystringify-2.2.0.tgz 0ms (cache hit)
305 http cache randombytes@https://registry.npmjs.org/randombytes/-/randombytes-2.1.0.tgz 0ms (cache hit)
306 http cache pusher-js@https://registry.npmjs.org/pusher-js/-/pusher-js-8.4.0.tgz 0ms (cache hit)
307 http cache psl@https://registry.npmjs.org/psl/-/psl-1.15.0.tgz 0ms (cache hit)
308 http cache pump@https://registry.npmjs.org/pump/-/pump-3.0.3.tgz 0ms (cache hit)
309 http cache pseudomap@https://registry.npmjs.org/pseudomap/-/pseudomap-1.0.2.tgz 0ms (cache hit)
310 http cache proxy-from-env@https://registry.npmjs.org/proxy-from-env/-/proxy-from-env-1.1.0.tgz 0ms (cache hit)
311 http cache qs@https://registry.npmjs.org/qs/-/qs-6.14.1.tgz 0ms (cache hit)
312 http cache punycode@https://registry.npmjs.org/punycode/-/punycode-2.3.1.tgz 0ms (cache hit)
313 http cache proto-list@https://registry.npmjs.org/proto-list/-/proto-list-1.2.4.tgz 0ms (cache hit)
314 http cache proxy-addr@https://registry.npmjs.org/proxy-addr/-/proxy-addr-2.0.7.tgz 0ms (cache hit)
315 http cache progress-webpack-plugin@https://registry.npmjs.org/progress-webpack-plugin/-/progress-webpack-plugin-1.0.16.tgz 0ms (cache hit)
316 http cache process-nextick-args@https://registry.npmjs.org/process-nextick-args/-/process-nextick-args-2.0.1.tgz 0ms (cache hit)
317 http cache pretty-format@https://registry.npmjs.org/pretty-format/-/pretty-format-30.2.0.tgz 0ms (cache hit)
318 http cache pretty-error@https://registry.npmjs.org/pretty-error/-/pretty-error-4.0.0.tgz 0ms (cache hit)
319 http cache progress@https://registry.npmjs.org/progress/-/progress-2.0.3.tgz 0ms (cache hit)
320 http cache prettier-linter-helpers@https://registry.npmjs.org/prettier-linter-helpers/-/prettier-linter-helpers-1.0.0.tgz 0ms (cache hit)
321 http cache prelude-ls@https://registry.npmjs.org/prelude-ls/-/prelude-ls-1.2.1.tgz 0ms (cache hit)
322 http cache prettier@https://registry.npmjs.org/prettier/-/prettier-2.8.8.tgz 0ms (cache hit)
323 http cache postcss-unique-selectors@https://registry.npmjs.org/postcss-unique-selectors/-/postcss-unique-selectors-5.1.1.tgz 0ms (cache hit)
324 http cache postcss-svgo@https://registry.npmjs.org/postcss-svgo/-/postcss-svgo-5.1.0.tgz 0ms (cache hit)
325 http cache postcss-value-parser@https://registry.npmjs.org/postcss-value-parser/-/postcss-value-parser-4.2.0.tgz 0ms (cache hit)
326 http cache postcss-selector-parser@https://registry.npmjs.org/postcss-selector-parser/-/postcss-selector-parser-6.1.2.tgz 0ms (cache hit)
327 http cache postcss-reduce-transforms@https://registry.npmjs.org/postcss-reduce-transforms/-/postcss-reduce-transforms-5.1.0.tgz 0ms (cache hit)
328 http cache postcss-reduce-initial@https://registry.npmjs.org/postcss-reduce-initial/-/postcss-reduce-initial-5.1.2.tgz 0ms (cache hit)
329 http cache postcss-normalize-whitespace@https://registry.npmjs.org/postcss-normalize-whitespace/-/postcss-normalize-whitespace-5.1.1.tgz 0ms (cache hit)
330 http cache postcss-normalize-url@https://registry.npmjs.org/postcss-normalize-url/-/postcss-normalize-url-5.1.0.tgz 0ms (cache hit)
331 http cache postcss-normalize-unicode@https://registry.npmjs.org/postcss-normalize-unicode/-/postcss-normalize-unicode-5.1.1.tgz 0ms (cache hit)
332 http cache postcss-ordered-values@https://registry.npmjs.org/postcss-ordered-values/-/postcss-ordered-values-5.1.3.tgz 0ms (cache hit)
333 http cache postcss-normalize-timing-functions@https://registry.npmjs.org/postcss-normalize-timing-functions/-/postcss-normalize-timing-functions-5.1.0.tgz 0ms (cache hit)
334 http cache postcss-normalize-string@https://registry.npmjs.org/postcss-normalize-string/-/postcss-normalize-string-5.1.0.tgz 0ms (cache hit)
335 http cache postcss-normalize-repeat-style@https://registry.npmjs.org/postcss-normalize-repeat-style/-/postcss-normalize-repeat-style-5.1.1.tgz 0ms (cache hit)
336 http cache postcss-normalize-display-values@https://registry.npmjs.org/postcss-normalize-display-values/-/postcss-normalize-display-values-5.1.0.tgz 0ms (cache hit)
337 http cache postcss-normalize-charset@https://registry.npmjs.org/postcss-normalize-charset/-/postcss-normalize-charset-5.1.0.tgz 0ms (cache hit)
338 http cache postcss-modules-scope@https://registry.npmjs.org/postcss-modules-scope/-/postcss-modules-scope-3.2.1.tgz 0ms (cache hit)
339 http cache postcss-normalize-positions@https://registry.npmjs.org/postcss-normalize-positions/-/postcss-normalize-positions-5.1.1.tgz 0ms (cache hit)
340 http cache postcss-modules-values@https://registry.npmjs.org/postcss-modules-values/-/postcss-modules-values-4.0.0.tgz 0ms (cache hit)
341 http cache postcss-modules-local-by-default@https://registry.npmjs.org/postcss-modules-local-by-default/-/postcss-modules-local-by-default-4.2.0.tgz 0ms (cache hit)
342 http cache postcss-modules-extract-imports@https://registry.npmjs.org/postcss-modules-extract-imports/-/postcss-modules-extract-imports-3.1.0.tgz 0ms (cache hit)
343 http cache postcss-minify-params@https://registry.npmjs.org/postcss-minify-params/-/postcss-minify-params-5.1.4.tgz 0ms (cache hit)
344 http cache postcss-minify-gradients@https://registry.npmjs.org/postcss-minify-gradients/-/postcss-minify-gradients-5.1.1.tgz 0ms (cache hit)
345 http cache postcss-minify-font-values@https://registry.npmjs.org/postcss-minify-font-values/-/postcss-minify-font-values-5.1.0.tgz 0ms (cache hit)
346 http cache postcss-minify-selectors@https://registry.npmjs.org/postcss-minify-selectors/-/postcss-minify-selectors-5.2.1.tgz 0ms (cache hit)
347 http cache postcss-merge-rules@https://registry.npmjs.org/postcss-merge-rules/-/postcss-merge-rules-5.1.4.tgz 0ms (cache hit)
348 http cache postcss-merge-longhand@https://registry.npmjs.org/postcss-merge-longhand/-/postcss-merge-longhand-5.1.7.tgz 0ms (cache hit)
349 http cache postcss-loader@https://registry.npmjs.org/postcss-loader/-/postcss-loader-6.2.1.tgz 0ms (cache hit)
350 http cache postcss-discard-empty@https://registry.npmjs.org/postcss-discard-empty/-/postcss-discard-empty-5.1.1.tgz 0ms (cache hit)
351 http cache postcss-discard-duplicates@https://registry.npmjs.org/postcss-discard-duplicates/-/postcss-discard-duplicates-5.1.0.tgz 0ms (cache hit)
352 http cache postcss-discard-overridden@https://registry.npmjs.org/postcss-discard-overridden/-/postcss-discard-overridden-5.1.0.tgz 0ms (cache hit)
353 http cache postcss-discard-comments@https://registry.npmjs.org/postcss-discard-comments/-/postcss-discard-comments-5.1.2.tgz 0ms (cache hit)
354 http cache postcss-convert-values@https://registry.npmjs.org/postcss-convert-values/-/postcss-convert-values-5.1.3.tgz 0ms (cache hit)
355 http cache postcss-colormin@https://registry.npmjs.org/postcss-colormin/-/postcss-colormin-5.3.1.tgz 0ms (cache hit)
356 http cache postcss@https://registry.npmjs.org/postcss/-/postcss-8.5.6.tgz 0ms (cache hit)
357 http cache possible-typed-array-names@https://registry.npmjs.org/possible-typed-array-names/-/possible-typed-array-names-1.1.0.tgz 0ms (cache hit)
358 http cache postcss-calc@https://registry.npmjs.org/postcss-calc/-/postcss-calc-8.2.4.tgz 0ms (cache hit)
359 http cache pkg-types@https://registry.npmjs.org/pkg-types/-/pkg-types-1.3.1.tgz 0ms (cache hit)
360 http cache pkg-dir@https://registry.npmjs.org/pkg-dir/-/pkg-dir-4.2.0.tgz 0ms (cache hit)
361 http cache picomatch@https://registry.npmjs.org/picomatch/-/picomatch-2.3.1.tgz 0ms (cache hit)
362 http cache picocolors@https://registry.npmjs.org/picocolors/-/picocolors-1.1.1.tgz 0ms (cache hit)
363 http cache pinia@https://registry.npmjs.org/pinia/-/pinia-3.0.4.tgz 0ms (cache hit)
364 http cache perfect-debounce@https://registry.npmjs.org/perfect-debounce/-/perfect-debounce-1.0.0.tgz 0ms (cache hit)
365 http cache pathval@https://registry.npmjs.org/pathval/-/pathval-1.1.1.tgz 0ms (cache hit)
366 http cache path-to-regexp@https://registry.npmjs.org/path-to-regexp/-/path-to-regexp-0.1.12.tgz 0ms (cache hit)
367 http cache path-scurry@https://registry.npmjs.org/path-scurry/-/path-scurry-1.11.1.tgz 0ms (cache hit)
368 http cache portfinder@https://registry.npmjs.org/portfinder/-/portfinder-1.0.38.tgz 0ms (cache hit)
369 http cache pathe@https://registry.npmjs.org/pathe/-/pathe-1.1.2.tgz 0ms (cache hit)
370 http cache pdf-lib@https://registry.npmjs.org/pdf-lib/-/pdf-lib-1.17.1.tgz 0ms (cache hit)
371 http cache path-type@https://registry.npmjs.org/path-type/-/path-type-4.0.0.tgz 0ms (cache hit)
372 http cache path-is-absolute@https://registry.npmjs.org/path-is-absolute/-/path-is-absolute-1.0.1.tgz 0ms (cache hit)
373 http cache path-exists@https://registry.npmjs.org/path-exists/-/path-exists-4.0.0.tgz 0ms (cache hit)
374 http cache path-key@https://registry.npmjs.org/path-key/-/path-key-2.0.1.tgz 0ms (cache hit)
375 http cache path-parse@https://registry.npmjs.org/path-parse/-/path-parse-1.0.7.tgz 0ms (cache hit)
376 http cache pascal-case@https://registry.npmjs.org/pascal-case/-/pascal-case-3.1.2.tgz 0ms (cache hit)
377 http cache parseurl@https://registry.npmjs.org/parseurl/-/parseurl-1.3.3.tgz 0ms (cache hit)
378 http cache parse-json@https://registry.npmjs.org/parse-json/-/parse-json-5.2.0.tgz 0ms (cache hit)
379 http cache parse5@https://registry.npmjs.org/parse5/-/parse5-5.1.1.tgz 0ms (cache hit)
380 http cache parent-module@https://registry.npmjs.org/parent-module/-/parent-module-1.0.1.tgz 0ms (cache hit)
381 http cache parse5-htmlparser2-tree-adapter@https://registry.npmjs.org/parse5-htmlparser2-tree-adapter/-/parse5-htmlparser2-tree-adapter-6.0.1.tgz 0ms (cache hit)
382 http cache param-case@https://registry.npmjs.org/param-case/-/param-case-3.0.4.tgz 0ms (cache hit)
383 http cache pako@https://registry.npmjs.org/pako/-/pako-1.0.11.tgz 0ms (cache hit)
384 http cache package-json-from-dist@https://registry.npmjs.org/package-json-from-dist/-/package-json-from-dist-1.0.1.tgz 0ms (cache hit)
385 http cache p-retry@https://registry.npmjs.org/p-retry/-/p-retry-4.6.2.tgz 0ms (cache hit)
386 http cache p-locate@https://registry.npmjs.org/p-locate/-/p-locate-4.1.0.tgz 0ms (cache hit)
387 http cache p-limit@https://registry.npmjs.org/p-limit/-/p-limit-2.3.0.tgz 0ms (cache hit)
388 http cache p-try@https://registry.npmjs.org/p-try/-/p-try-2.2.0.tgz 0ms (cache hit)
389 http cache p-finally@https://registry.npmjs.org/p-finally/-/p-finally-1.0.0.tgz 0ms (cache hit)
390 http cache outvariant@https://registry.npmjs.org/outvariant/-/outvariant-1.4.3.tgz 0ms (cache hit)
391 http cache ora@https://registry.npmjs.org/ora/-/ora-5.4.1.tgz 0ms (cache hit)
392 http cache opener@https://registry.npmjs.org/opener/-/opener-1.5.2.tgz 0ms (cache hit)
393 http cache open@https://registry.npmjs.org/open/-/open-8.4.2.tgz 0ms (cache hit)
394 http cache onetime@https://registry.npmjs.org/onetime/-/onetime-5.1.2.tgz 0ms (cache hit)
395 http cache optionator@https://registry.npmjs.org/optionator/-/optionator-0.9.4.tgz 0ms (cache hit)
396 http cache once@https://registry.npmjs.org/once/-/once-1.4.0.tgz 0ms (cache hit)
397 http cache on-finished@https://registry.npmjs.org/on-finished/-/on-finished-2.4.1.tgz 0ms (cache hit)
398 http cache on-headers@https://registry.npmjs.org/on-headers/-/on-headers-1.1.0.tgz 0ms (cache hit)
399 http cache object.assign@https://registry.npmjs.org/object.assign/-/object.assign-4.1.7.tgz 0ms (cache hit)
400 http cache object-keys@https://registry.npmjs.org/object-keys/-/object-keys-1.1.1.tgz 0ms (cache hit)
401 http cache obuf@https://registry.npmjs.org/obuf/-/obuf-1.1.2.tgz 0ms (cache hit)
402 http cache object-is@https://registry.npmjs.org/object-is/-/object-is-1.1.6.tgz 0ms (cache hit)
403 http cache object-inspect@https://registry.npmjs.org/object-inspect/-/object-inspect-1.13.4.tgz 0ms (cache hit)
404 http cache object-assign@https://registry.npmjs.org/object-assign/-/object-assign-4.1.1.tgz 0ms (cache hit)
405 http cache nth-check@https://registry.npmjs.org/nth-check/-/nth-check-2.1.1.tgz 0ms (cache hit)
406 http cache normalize-url@https://registry.npmjs.org/normalize-url/-/normalize-url-6.1.0.tgz 0ms (cache hit)
407 http cache npm-run-path@https://registry.npmjs.org/npm-run-path/-/npm-run-path-2.0.2.tgz 0ms (cache hit)
408 http cache nwsapi@https://registry.npmjs.org/nwsapi/-/nwsapi-2.2.23.tgz 0ms (cache hit)
409 http cache normalize-path@https://registry.npmjs.org/normalize-path/-/normalize-path-3.0.0.tgz 0ms (cache hit)
410 http cache nopt@https://registry.npmjs.org/nopt/-/nopt-7.2.1.tgz 0ms (cache hit)
411 http cache normalize-package-data@https://registry.npmjs.org/normalize-package-data/-/normalize-package-data-2.5.0.tgz 0ms (cache hit)
412 http cache node-forge@https://registry.npmjs.org/node-forge/-/node-forge-1.3.3.tgz 0ms (cache hit)
413 http cache node-fetch@https://registry.npmjs.org/node-fetch/-/node-fetch-2.7.0.tgz 0ms (cache hit)
414 http cache no-case@https://registry.npmjs.org/no-case/-/no-case-3.0.4.tgz 0ms (cache hit)
415 http cache node-releases@https://registry.npmjs.org/node-releases/-/node-releases-2.0.27.tgz 0ms (cache hit)
416 http cache nice-try@https://registry.npmjs.org/nice-try/-/nice-try-1.0.5.tgz 0ms (cache hit)
417 http cache neo-async@https://registry.npmjs.org/neo-async/-/neo-async-2.6.2.tgz 0ms (cache hit)
418 http cache negotiator@https://registry.npmjs.org/negotiator/-/negotiator-0.6.4.tgz 0ms (cache hit)
419 http cache nanoid@https://registry.npmjs.org/nanoid/-/nanoid-3.3.11.tgz 0ms (cache hit)
420 http cache mz@https://registry.npmjs.org/mz/-/mz-2.7.0.tgz 0ms (cache hit)
421 http cache mute-stream@https://registry.npmjs.org/mute-stream/-/mute-stream-2.0.0.tgz 0ms (cache hit)
422 http cache natural-compare@https://registry.npmjs.org/natural-compare/-/natural-compare-1.4.0.tgz 0ms (cache hit)
423 http cache multicast-dns@https://registry.npmjs.org/multicast-dns/-/multicast-dns-7.2.5.tgz 0ms (cache hit)
424 http cache msw@https://registry.npmjs.org/msw/-/msw-2.12.9.tgz 0ms (cache hit)
425 http cache ms@https://registry.npmjs.org/ms/-/ms-2.1.3.tgz 0ms (cache hit)
426 http cache module-alias@https://registry.npmjs.org/module-alias/-/module-alias-2.2.3.tgz 0ms (cache hit)
427 http cache mrmime@https://registry.npmjs.org/mrmime/-/mrmime-2.0.1.tgz 0ms (cache hit)
428 http cache mitt@https://registry.npmjs.org/mitt/-/mitt-3.0.1.tgz 0ms (cache hit)
429 http cache minipass@https://registry.npmjs.org/minipass/-/minipass-3.3.6.tgz 0ms (cache hit)
430 http cache minimalistic-assert@https://registry.npmjs.org/minimalistic-assert/-/minimalistic-assert-1.0.1.tgz 0ms (cache hit)
431 http cache mlly@https://registry.npmjs.org/mlly/-/mlly-1.8.0.tgz 0ms (cache hit)
432 http cache minimist@https://registry.npmjs.org/minimist/-/minimist-1.2.8.tgz 0ms (cache hit)
433 http cache minimatch@https://registry.npmjs.org/minimatch/-/minimatch-3.1.2.tgz 0ms (cache hit)
434 http cache mini-css-extract-plugin@https://registry.npmjs.org/mini-css-extract-plugin/-/mini-css-extract-plugin-2.9.4.tgz 0ms (cache hit)
435 http cache mime-db@https://registry.npmjs.org/mime-db/-/mime-db-1.52.0.tgz 0ms (cache hit)
436 http cache mime@https://registry.npmjs.org/mime/-/mime-1.6.0.tgz 0ms (cache hit)
437 http cache micromatch@https://registry.npmjs.org/micromatch/-/micromatch-4.0.8.tgz 0ms (cache hit)
438 http cache mime-types@https://registry.npmjs.org/mime-types/-/mime-types-2.1.35.tgz 0ms (cache hit)
439 http cache mimic-fn@https://registry.npmjs.org/mimic-fn/-/mimic-fn-2.1.0.tgz 0ms (cache hit)
440 http cache methods@https://registry.npmjs.org/methods/-/methods-1.1.2.tgz 0ms (cache hit)
441 http cache merge2@https://registry.npmjs.org/merge2/-/merge2-1.4.1.tgz 0ms (cache hit)
442 http cache merge-stream@https://registry.npmjs.org/merge-stream/-/merge-stream-2.0.0.tgz 0ms (cache hit)
443 http cache merge-descriptors@https://registry.npmjs.org/merge-descriptors/-/merge-descriptors-1.0.3.tgz 0ms (cache hit)
444 http cache merge-source-map@https://registry.npmjs.org/merge-source-map/-/merge-source-map-1.1.0.tgz 0ms (cache hit)
445 http cache memfs@https://registry.npmjs.org/memfs/-/memfs-3.5.3.tgz 0ms (cache hit)
446 http cache media-typer@https://registry.npmjs.org/media-typer/-/media-typer-0.3.0.tgz 0ms (cache hit)
447 http cache mdn-data@https://registry.npmjs.org/mdn-data/-/mdn-data-2.0.14.tgz 0ms (cache hit)
448 http cache math-intrinsics@https://registry.npmjs.org/math-intrinsics/-/math-intrinsics-1.1.0.tgz 0ms (cache hit)
449 http cache make-dir@https://registry.npmjs.org/make-dir/-/make-dir-3.1.0.tgz 1ms (cache hit)
450 http cache magicast@https://registry.npmjs.org/magicast/-/magicast-0.3.5.tgz 0ms (cache hit)
451 http cache magic-string@https://registry.npmjs.org/magic-string/-/magic-string-0.30.21.tgz 0ms (cache hit)
452 http cache lz-string@https://registry.npmjs.org/lz-string/-/lz-string-1.5.0.tgz 0ms (cache hit)
453 http cache lru-cache@https://registry.npmjs.org/lru-cache/-/lru-cache-5.1.1.tgz 0ms (cache hit)
454 http cache lower-case@https://registry.npmjs.org/lower-case/-/lower-case-2.0.2.tgz 0ms (cache hit)
455 http cache loupe@https://registry.npmjs.org/loupe/-/loupe-2.3.7.tgz 0ms (cache hit)
456 http cache log-update@https://registry.npmjs.org/log-update/-/log-update-2.3.0.tgz 0ms (cache hit)
457 http cache log-symbols@https://registry.npmjs.org/log-symbols/-/log-symbols-4.1.0.tgz 0ms (cache hit)
458 http cache lodash.uniq@https://registry.npmjs.org/lodash.uniq/-/lodash.uniq-4.5.0.tgz 0ms (cache hit)
459 http cache lodash.truncate@https://registry.npmjs.org/lodash.truncate/-/lodash.truncate-4.4.2.tgz 0ms (cache hit)
460 http cache lodash.merge@https://registry.npmjs.org/lodash.merge/-/lodash.merge-4.6.2.tgz 0ms (cache hit)
461 http cache lodash.mapvalues@https://registry.npmjs.org/lodash.mapvalues/-/lodash.mapvalues-4.6.0.tgz 0ms (cache hit)
462 http cache lodash.defaultsdeep@https://registry.npmjs.org/lodash.defaultsdeep/-/lodash.defaultsdeep-4.6.1.tgz 0ms (cache hit)
463 http cache lodash.kebabcase@https://registry.npmjs.org/lodash.kebabcase/-/lodash.kebabcase-4.1.1.tgz 0ms (cache hit)
464 http cache lodash.debounce@https://registry.npmjs.org/lodash.debounce/-/lodash.debounce-4.0.8.tgz 0ms (cache hit)
465 http cache lodash.memoize@https://registry.npmjs.org/lodash.memoize/-/lodash.memoize-4.1.2.tgz 0ms (cache hit)
466 http cache locate-path@https://registry.npmjs.org/locate-path/-/locate-path-5.0.0.tgz 0ms (cache hit)
467 http cache lodash@https://registry.npmjs.org/lodash/-/lodash-4.17.23.tgz 0ms (cache hit)
468 http cache local-pkg@https://registry.npmjs.org/local-pkg/-/local-pkg-0.5.1.tgz 0ms (cache hit)
469 http cache loader-utils@https://registry.npmjs.org/loader-utils/-/loader-utils-1.4.2.tgz 0ms (cache hit)
470 http cache loader-runner@https://registry.npmjs.org/loader-runner/-/loader-runner-4.3.1.tgz 0ms (cache hit)
471 http cache lines-and-columns@https://registry.npmjs.org/lines-and-columns/-/lines-and-columns-1.2.4.tgz 0ms (cache hit)
472 http cache lilconfig@https://registry.npmjs.org/lilconfig/-/lilconfig-2.1.0.tgz 0ms (cache hit)
473 http cache levn@https://registry.npmjs.org/levn/-/levn-0.4.1.tgz 0ms (cache hit)
474 http cache launch-editor@https://registry.npmjs.org/launch-editor/-/launch-editor-2.12.0.tgz 0ms (cache hit)
475 http cache kind-of@https://registry.npmjs.org/kind-of/-/kind-of-6.0.3.tgz 0ms (cache hit)
476 http cache launch-editor-middleware@https://registry.npmjs.org/launch-editor-middleware/-/launch-editor-middleware-2.12.0.tgz 0ms (cache hit)
477 http cache klona@https://registry.npmjs.org/klona/-/klona-2.0.6.tgz 0ms (cache hit)
478 http cache keyv@https://registry.npmjs.org/keyv/-/keyv-4.5.4.tgz 0ms (cache hit)
479 http cache jsonfile@https://registry.npmjs.org/jsonfile/-/jsonfile-6.2.0.tgz 0ms (cache hit)
480 http cache json5@https://registry.npmjs.org/json5/-/json5-2.2.3.tgz 0ms (cache hit)
481 http cache json-stable-stringify-without-jsonify@https://registry.npmjs.org/json-stable-stringify-without-jsonify/-/json-stable-stringify-without-jsonify-1.0.1.tgz 0ms (cache hit)
482 http cache json-parse-even-better-errors@https://registry.npmjs.org/json-parse-even-better-errors/-/json-parse-even-better-errors-2.3.1.tgz 0ms (cache hit)
483 http cache json-buffer@https://registry.npmjs.org/json-buffer/-/json-buffer-3.0.1.tgz 0ms (cache hit)
484 http cache json-parse-better-errors@https://registry.npmjs.org/json-parse-better-errors/-/json-parse-better-errors-1.0.2.tgz 0ms (cache hit)
485 http cache jsesc@https://registry.npmjs.org/jsesc/-/jsesc-3.1.0.tgz 0ms (cache hit)
486 http cache jsdom@https://registry.npmjs.org/jsdom/-/jsdom-22.1.0.tgz 0ms (cache hit)
487 http cache js-yaml@https://registry.npmjs.org/js-yaml/-/js-yaml-3.14.2.tgz 0ms (cache hit)
488 http cache json-schema-traverse@https://registry.npmjs.org/json-schema-traverse/-/json-schema-traverse-0.4.1.tgz 0ms (cache hit)
489 http cache js-tokens@https://registry.npmjs.org/js-tokens/-/js-tokens-4.0.0.tgz 0ms (cache hit)
490 http cache js-message@https://registry.npmjs.org/js-message/-/js-message-1.0.7.tgz 0ms (cache hit)
491 http cache js-cookie@https://registry.npmjs.org/js-cookie/-/js-cookie-3.0.5.tgz 0ms (cache hit)
492 http cache joi@https://registry.npmjs.org/joi/-/joi-17.13.3.tgz 0ms (cache hit)
493 http cache js-beautify@https://registry.npmjs.org/js-beautify/-/js-beautify-1.15.4.tgz 0ms (cache hit)
494 http cache jest-worker@https://registry.npmjs.org/jest-worker/-/jest-worker-27.5.1.tgz 0ms (cache hit)
495 http cache jest-util@https://registry.npmjs.org/jest-util/-/jest-util-30.2.0.tgz 0ms (cache hit)
496 http cache jest-mock@https://registry.npmjs.org/jest-mock/-/jest-mock-30.2.0.tgz 0ms (cache hit)
497 http cache jest-message-util@https://registry.npmjs.org/jest-message-util/-/jest-message-util-30.2.0.tgz 0ms (cache hit)
498 http cache jest-environment-jsdom@https://registry.npmjs.org/jest-environment-jsdom/-/jest-environment-jsdom-30.2.0.tgz 0ms (cache hit)
499 http cache javascript-stringify@https://registry.npmjs.org/javascript-stringify/-/javascript-stringify-2.1.0.tgz 0ms (cache hit)
500 http cache jackspeak@https://registry.npmjs.org/jackspeak/-/jackspeak-3.4.3.tgz 0ms (cache hit)
501 http cache istanbul-reports@https://registry.npmjs.org/istanbul-reports/-/istanbul-reports-3.2.0.tgz 0ms (cache hit)
502 http cache istanbul-lib-source-maps@https://registry.npmjs.org/istanbul-lib-source-maps/-/istanbul-lib-source-maps-5.0.6.tgz 0ms (cache hit)
503 http cache istanbul-lib-report@https://registry.npmjs.org/istanbul-lib-report/-/istanbul-lib-report-3.0.1.tgz 0ms (cache hit)
504 http cache istanbul-lib-coverage@https://registry.npmjs.org/istanbul-lib-coverage/-/istanbul-lib-coverage-3.2.2.tgz 0ms (cache hit)
505 http cache isobject@https://registry.npmjs.org/isobject/-/isobject-3.0.1.tgz 0ms (cache hit)
506 http cache isexe@https://registry.npmjs.org/isexe/-/isexe-2.0.0.tgz 0ms (cache hit)
507 http cache isarray@https://registry.npmjs.org/isarray/-/isarray-1.0.0.tgz 0ms (cache hit)
508 http cache jest-regex-util@https://registry.npmjs.org/jest-regex-util/-/jest-regex-util-30.0.1.tgz 0ms (cache hit)
509 http cache is-wsl@https://registry.npmjs.org/is-wsl/-/is-wsl-2.2.0.tgz 0ms (cache hit)
510 http cache is-what@https://registry.npmjs.org/is-what/-/is-what-5.5.0.tgz 0ms (cache hit)
511 http cache is-weakset@https://registry.npmjs.org/is-weakset/-/is-weakset-2.0.4.tgz 0ms (cache hit)
512 http cache is-unicode-supported@https://registry.npmjs.org/is-unicode-supported/-/is-unicode-supported-0.1.0.tgz 0ms (cache hit)
513 http cache is-symbol@https://registry.npmjs.org/is-symbol/-/is-symbol-1.1.1.tgz 0ms (cache hit)
514 http cache is-weakmap@https://registry.npmjs.org/is-weakmap/-/is-weakmap-2.0.2.tgz 0ms (cache hit)
515 http cache is-string@https://registry.npmjs.org/is-string/-/is-string-1.1.1.tgz 0ms (cache hit)
516 http cache is-stream@https://registry.npmjs.org/is-stream/-/is-stream-1.1.0.tgz 0ms (cache hit)
517 http cache is-set@https://registry.npmjs.org/is-set/-/is-set-2.0.3.tgz 0ms (cache hit)
518 http cache is-regex@https://registry.npmjs.org/is-regex/-/is-regex-1.2.1.tgz 0ms (cache hit)
519 http cache is-potential-custom-element-name@https://registry.npmjs.org/is-potential-custom-element-name/-/is-potential-custom-element-name-1.0.1.tgz 0ms (cache hit)
520 http cache is-shared-array-buffer@https://registry.npmjs.org/is-shared-array-buffer/-/is-shared-array-buffer-1.0.4.tgz 0ms (cache hit)
521 http cache is-plain-object@https://registry.npmjs.org/is-plain-object/-/is-plain-object-2.0.4.tgz 0ms (cache hit)
522 http cache is-plain-obj@https://registry.npmjs.org/is-plain-obj/-/is-plain-obj-3.0.0.tgz 0ms (cache hit)
523 http cache is-number-object@https://registry.npmjs.org/is-number-object/-/is-number-object-1.1.1.tgz 0ms (cache hit)
524 http cache is-number@https://registry.npmjs.org/is-number/-/is-number-7.0.0.tgz 0ms (cache hit)
525 http cache is-node-process@https://registry.npmjs.org/is-node-process/-/is-node-process-1.2.0.tgz 0ms (cache hit)
526 http cache is-map@https://registry.npmjs.org/is-map/-/is-map-2.0.3.tgz 0ms (cache hit)
527 http cache is-interactive@https://registry.npmjs.org/is-interactive/-/is-interactive-1.0.0.tgz 0ms (cache hit)
528 http cache is-fullwidth-code-point@https://registry.npmjs.org/is-fullwidth-code-point/-/is-fullwidth-code-point-3.0.0.tgz 0ms (cache hit)
529 http cache is-glob@https://registry.npmjs.org/is-glob/-/is-glob-4.0.3.tgz 0ms (cache hit)
530 http cache is-file-esm@https://registry.npmjs.org/is-file-esm/-/is-file-esm-1.0.0.tgz 0ms (cache hit)
531 http cache is-extglob@https://registry.npmjs.org/is-extglob/-/is-extglob-2.1.1.tgz 0ms (cache hit)
532 http cache is-date-object@https://registry.npmjs.org/is-date-object/-/is-date-object-1.1.0.tgz 0ms (cache hit)
533 http cache is-docker@https://registry.npmjs.org/is-docker/-/is-docker-2.2.1.tgz 0ms (cache hit)
534 http cache is-ci@https://registry.npmjs.org/is-ci/-/is-ci-1.2.1.tgz 0ms (cache hit)
535 http cache is-core-module@https://registry.npmjs.org/is-core-module/-/is-core-module-2.16.1.tgz 0ms (cache hit)
536 http cache is-buffer@https://registry.npmjs.org/is-buffer/-/is-buffer-2.0.5.tgz 0ms (cache hit)
537 http cache is-callable@https://registry.npmjs.org/is-callable/-/is-callable-1.2.7.tgz 0ms (cache hit)
538 http cache is-boolean-object@https://registry.npmjs.org/is-boolean-object/-/is-boolean-object-1.2.2.tgz 0ms (cache hit)
539 http cache is-binary-path@https://registry.npmjs.org/is-binary-path/-/is-binary-path-2.1.0.tgz 0ms (cache hit)
540 http cache is-arrayish@https://registry.npmjs.org/is-arrayish/-/is-arrayish-0.2.1.tgz 0ms (cache hit)
541 http cache is-array-buffer@https://registry.npmjs.org/is-array-buffer/-/is-array-buffer-3.0.5.tgz 0ms (cache hit)
542 http cache is-bigint@https://registry.npmjs.org/is-bigint/-/is-bigint-1.1.0.tgz 0ms (cache hit)
543 http cache is-arguments@https://registry.npmjs.org/is-arguments/-/is-arguments-1.2.0.tgz 0ms (cache hit)
544 http cache ipaddr.js@https://registry.npmjs.org/ipaddr.js/-/ipaddr.js-2.3.0.tgz 0ms (cache hit)
545 http cache internal-slot@https://registry.npmjs.org/internal-slot/-/internal-slot-1.1.0.tgz 0ms (cache hit)
546 http cache ini@https://registry.npmjs.org/ini/-/ini-1.3.8.tgz 0ms (cache hit)
547 http cache inherits@https://registry.npmjs.org/inherits/-/inherits-2.0.4.tgz 0ms (cache hit)
548 http cache inflight@https://registry.npmjs.org/inflight/-/inflight-1.0.6.tgz 0ms (cache hit)
549 http cache imurmurhash@https://registry.npmjs.org/imurmurhash/-/imurmurhash-0.1.4.tgz 0ms (cache hit)
550 http cache import-fresh@https://registry.npmjs.org/import-fresh/-/import-fresh-3.3.1.tgz 0ms (cache hit)
551 http cache ignore@https://registry.npmjs.org/ignore/-/ignore-5.3.2.tgz 0ms (cache hit)
552 http cache ieee754@https://registry.npmjs.org/ieee754/-/ieee754-1.2.1.tgz 0ms (cache hit)
553 http cache iconv-lite@https://registry.npmjs.org/iconv-lite/-/iconv-lite-0.4.24.tgz 0ms (cache hit)
554 http cache human-signals@https://registry.npmjs.org/human-signals/-/human-signals-2.1.0.tgz 0ms (cache hit)
555 http cache https-proxy-agent@https://registry.npmjs.org/https-proxy-agent/-/https-proxy-agent-5.0.1.tgz 0ms (cache hit)
556 http cache http-proxy-agent@https://registry.npmjs.org/http-proxy-agent/-/http-proxy-agent-5.0.0.tgz 0ms (cache hit)
557 http cache http-proxy-middleware@https://registry.npmjs.org/http-proxy-middleware/-/http-proxy-middleware-2.0.9.tgz 0ms (cache hit)
558 http cache http-proxy@https://registry.npmjs.org/http-proxy/-/http-proxy-1.18.1.tgz 0ms (cache hit)
559 http cache icss-utils@https://registry.npmjs.org/icss-utils/-/icss-utils-5.1.0.tgz 0ms (cache hit)
560 http cache http-parser-js@https://registry.npmjs.org/http-parser-js/-/http-parser-js-0.5.10.tgz 0ms (cache hit)
561 http cache http-deceiver@https://registry.npmjs.org/http-deceiver/-/http-deceiver-1.2.7.tgz 0ms (cache hit)
562 http cache http-errors@https://registry.npmjs.org/http-errors/-/http-errors-2.0.1.tgz 0ms (cache hit)
563 http cache html-webpack-plugin@https://registry.npmjs.org/html-webpack-plugin/-/html-webpack-plugin-5.6.5.tgz 0ms (cache hit)
564 http cache htmlparser2@https://registry.npmjs.org/htmlparser2/-/htmlparser2-6.1.0.tgz 0ms (cache hit)
565 http cache html-tags@https://registry.npmjs.org/html-tags/-/html-tags-2.0.0.tgz 0ms (cache hit)
566 http cache html-minifier-terser@https://registry.npmjs.org/html-minifier-terser/-/html-minifier-terser-6.1.0.tgz 0ms (cache hit)
567 http cache html-escaper@https://registry.npmjs.org/html-escaper/-/html-escaper-2.0.2.tgz 0ms (cache hit)
568 http cache html-entities@https://registry.npmjs.org/html-entities/-/html-entities-2.6.0.tgz 0ms (cache hit)
569 http cache hpack.js@https://registry.npmjs.org/hpack.js/-/hpack.js-2.1.6.tgz 0ms (cache hit)
570 http cache html-encoding-sniffer@https://registry.npmjs.org/html-encoding-sniffer/-/html-encoding-sniffer-3.0.0.tgz 0ms (cache hit)
571 http cache hosted-git-info@https://registry.npmjs.org/hosted-git-info/-/hosted-git-info-2.8.9.tgz 0ms (cache hit)
572 http cache hookable@https://registry.npmjs.org/hookable/-/hookable-5.5.3.tgz 0ms (cache hit)
573 http cache headers-polyfill@https://registry.npmjs.org/headers-polyfill/-/headers-polyfill-4.0.3.tgz 0ms (cache hit)
574 http cache highlight.js@https://registry.npmjs.org/highlight.js/-/highlight.js-10.7.3.tgz 0ms (cache hit)
575 http cache he@https://registry.npmjs.org/he/-/he-1.2.0.tgz 0ms (cache hit)
576 http cache hasown@https://registry.npmjs.org/hasown/-/hasown-2.0.2.tgz 0ms (cache hit)
577 http cache has-symbols@https://registry.npmjs.org/has-symbols/-/has-symbols-1.1.0.tgz 0ms (cache hit)
578 http cache has-tostringtag@https://registry.npmjs.org/has-tostringtag/-/has-tostringtag-1.0.2.tgz 0ms (cache hit)
579 http cache has-property-descriptors@https://registry.npmjs.org/has-property-descriptors/-/has-property-descriptors-1.0.2.tgz 0ms (cache hit)
580 http cache has-flag@https://registry.npmjs.org/has-flag/-/has-flag-4.0.0.tgz 0ms (cache hit)
581 http cache has-bigints@https://registry.npmjs.org/has-bigints/-/has-bigints-1.1.0.tgz 0ms (cache hit)
582 http cache hash-sum@https://registry.npmjs.org/hash-sum/-/hash-sum-2.0.0.tgz 0ms (cache hit)
583 http cache handle-thing@https://registry.npmjs.org/handle-thing/-/handle-thing-2.0.1.tgz 0ms (cache hit)
584 http cache graphql@https://registry.npmjs.org/graphql/-/graphql-16.12.0.tgz 0ms (cache hit)
585 http cache gopd@https://registry.npmjs.org/gopd/-/gopd-1.2.0.tgz 0ms (cache hit)
586 http cache graceful-fs@https://registry.npmjs.org/graceful-fs/-/graceful-fs-4.2.11.tgz 0ms (cache hit)
587 http cache gzip-size@https://registry.npmjs.org/gzip-size/-/gzip-size-6.0.0.tgz 0ms (cache hit)
588 http cache globby@https://registry.npmjs.org/globby/-/globby-11.1.0.tgz 0ms (cache hit)
589 http cache globals@https://registry.npmjs.org/globals/-/globals-13.24.0.tgz 0ms (cache hit)
590 http cache glob-to-regexp@https://registry.npmjs.org/glob-to-regexp/-/glob-to-regexp-0.4.1.tgz 0ms (cache hit)
591 http cache glob-parent@https://registry.npmjs.org/glob-parent/-/glob-parent-6.0.2.tgz 0ms (cache hit)
592 http cache glob@https://registry.npmjs.org/glob/-/glob-7.2.3.tgz 0ms (cache hit)
593 http cache get-intrinsic@https://registry.npmjs.org/get-intrinsic/-/get-intrinsic-1.3.0.tgz 0ms (cache hit)
594 http cache get-func-name@https://registry.npmjs.org/get-func-name/-/get-func-name-2.0.2.tgz 0ms (cache hit)
595 http cache get-caller-file@https://registry.npmjs.org/get-caller-file/-/get-caller-file-2.0.5.tgz 0ms (cache hit)
596 http cache get-stream@https://registry.npmjs.org/get-stream/-/get-stream-4.1.0.tgz 0ms (cache hit)
597 http cache functions-have-names@https://registry.npmjs.org/functions-have-names/-/functions-have-names-1.2.3.tgz 0ms (cache hit)
598 http cache get-proto@https://registry.npmjs.org/get-proto/-/get-proto-1.0.1.tgz 0ms (cache hit)
599 http cache functional-red-black-tree@https://registry.npmjs.org/functional-red-black-tree/-/functional-red-black-tree-1.0.1.tgz 0ms (cache hit)
600 http cache gensync@https://registry.npmjs.org/gensync/-/gensync-1.0.0-beta.2.tgz 0ms (cache hit)
601 http cache function-bind@https://registry.npmjs.org/function-bind/-/function-bind-1.1.2.tgz 0ms (cache hit)
602 http cache fs-monkey@https://registry.npmjs.org/fs-monkey/-/fs-monkey-1.1.0.tgz 0ms (cache hit)
603 http cache fs.realpath@https://registry.npmjs.org/fs.realpath/-/fs.realpath-1.0.0.tgz 0ms (cache hit)
604 http cache fs-extra@https://registry.npmjs.org/fs-extra/-/fs-extra-9.1.0.tgz 0ms (cache hit)
605 http cache fresh@https://registry.npmjs.org/fresh/-/fresh-0.5.2.tgz 0ms (cache hit)
606 http cache fraction.js@https://registry.npmjs.org/fraction.js/-/fraction.js-5.3.4.tgz 0ms (cache hit)
607 http cache forwarded@https://registry.npmjs.org/forwarded/-/forwarded-0.2.0.tgz 0ms (cache hit)
608 http cache form-data@https://registry.npmjs.org/form-data/-/form-data-4.0.5.tgz 0ms (cache hit)
609 http cache foreground-child@https://registry.npmjs.org/foreground-child/-/foreground-child-3.3.1.tgz 0ms (cache hit)
610 http cache flatted@https://registry.npmjs.org/flatted/-/flatted-3.3.3.tgz 0ms (cache hit)
611 http cache follow-redirects@https://registry.npmjs.org/follow-redirects/-/follow-redirects-1.15.11.tgz 0ms (cache hit)
612 http cache flat-cache@https://registry.npmjs.org/flat-cache/-/flat-cache-3.2.0.tgz 0ms (cache hit)
613 http cache for-each@https://registry.npmjs.org/for-each/-/for-each-0.3.5.tgz 0ms (cache hit)
614 http cache find-cache-dir@https://registry.npmjs.org/find-cache-dir/-/find-cache-dir-3.3.2.tgz 0ms (cache hit)
615 http cache flat@https://registry.npmjs.org/flat/-/flat-5.0.2.tgz 0ms (cache hit)
616 http cache find-up@https://registry.npmjs.org/find-up/-/find-up-4.1.0.tgz 0ms (cache hit)
617 http cache finalhandler@https://registry.npmjs.org/finalhandler/-/finalhandler-1.3.2.tgz 0ms (cache hit)
618 http cache fill-range@https://registry.npmjs.org/fill-range/-/fill-range-7.1.1.tgz 0ms (cache hit)
619 http cache file-entry-cache@https://registry.npmjs.org/file-entry-cache/-/file-entry-cache-6.0.1.tgz 0ms (cache hit)
620 http cache figures@https://registry.npmjs.org/figures/-/figures-2.0.0.tgz 0ms (cache hit)
621 http cache fflate@https://registry.npmjs.org/fflate/-/fflate-0.8.2.tgz 1ms (cache hit)
622 http cache faye-websocket@https://registry.npmjs.org/faye-websocket/-/faye-websocket-0.11.4.tgz 0ms (cache hit)
623 http cache fast-uri@https://registry.npmjs.org/fast-uri/-/fast-uri-3.1.0.tgz 0ms (cache hit)
624 http cache fast-levenshtein@https://registry.npmjs.org/fast-levenshtein/-/fast-levenshtein-2.0.6.tgz 0ms (cache hit)
625 http cache fast-glob@https://registry.npmjs.org/fast-glob/-/fast-glob-3.3.3.tgz 0ms (cache hit)
626 http cache fastq@https://registry.npmjs.org/fastq/-/fastq-1.19.1.tgz 0ms (cache hit)
627 http cache fast-diff@https://registry.npmjs.org/fast-diff/-/fast-diff-1.3.0.tgz 0ms (cache hit)
628 http cache fast-json-stable-stringify@https://registry.npmjs.org/fast-json-stable-stringify/-/fast-json-stable-stringify-2.1.0.tgz 0ms (cache hit)
629 http cache fast-deep-equal@https://registry.npmjs.org/fast-deep-equal/-/fast-deep-equal-3.1.3.tgz 0ms (cache hit)
630 http cache express@https://registry.npmjs.org/express/-/express-4.22.1.tgz 0ms (cache hit)
631 http cache execa@https://registry.npmjs.org/execa/-/execa-1.0.0.tgz 0ms (cache hit)
632 http cache events@https://registry.npmjs.org/events/-/events-3.3.0.tgz 0ms (cache hit)
633 http cache eventemitter3@https://registry.npmjs.org/eventemitter3/-/eventemitter3-4.0.7.tgz 0ms (cache hit)
634 http cache event-pubsub@https://registry.npmjs.org/event-pubsub/-/event-pubsub-4.3.0.tgz 0ms (cache hit)
635 http cache esutils@https://registry.npmjs.org/esutils/-/esutils-2.0.3.tgz 0ms (cache hit)
636 http cache etag@https://registry.npmjs.org/etag/-/etag-1.8.1.tgz 0ms (cache hit)
637 http cache estraverse@https://registry.npmjs.org/estraverse/-/estraverse-4.3.0.tgz 0ms (cache hit)
638 http cache estree-walker@https://registry.npmjs.org/estree-walker/-/estree-walker-2.0.2.tgz 0ms (cache hit)
639 http cache esrecurse@https://registry.npmjs.org/esrecurse/-/esrecurse-4.3.0.tgz 0ms (cache hit)
640 http cache esquery@https://registry.npmjs.org/esquery/-/esquery-1.6.0.tgz 0ms (cache hit)
641 http cache esprima@https://registry.npmjs.org/esprima/-/esprima-4.0.1.tgz 0ms (cache hit)
642 http cache espree@https://registry.npmjs.org/espree/-/espree-7.3.1.tgz 0ms (cache hit)
643 http cache eslint-webpack-plugin@https://registry.npmjs.org/eslint-webpack-plugin/-/eslint-webpack-plugin-3.2.0.tgz 0ms (cache hit)
644 http cache eslint-utils@https://registry.npmjs.org/eslint-utils/-/eslint-utils-3.0.0.tgz 0ms (cache hit)
645 http cache eslint-visitor-keys@https://registry.npmjs.org/eslint-visitor-keys/-/eslint-visitor-keys-2.1.0.tgz 0ms (cache hit)
646 http cache eslint-scope@https://registry.npmjs.org/eslint-scope/-/eslint-scope-5.1.1.tgz 0ms (cache hit)
647 http cache eslint-plugin-vue@https://registry.npmjs.org/eslint-plugin-vue/-/eslint-plugin-vue-8.7.1.tgz 0ms (cache hit)
648 http cache eslint-plugin-prettier@https://registry.npmjs.org/eslint-plugin-prettier/-/eslint-plugin-prettier-3.4.1.tgz 0ms (cache hit)
649 http cache eslint-config-prettier@https://registry.npmjs.org/eslint-config-prettier/-/eslint-config-prettier-10.1.8.tgz 0ms (cache hit)
650 http cache eslint@https://registry.npmjs.org/eslint/-/eslint-7.32.0.tgz 0ms (cache hit)
651 http cache escape-string-regexp@https://registry.npmjs.org/escape-string-regexp/-/escape-string-regexp-1.0.5.tgz 0ms (cache hit)
652 http cache escape-html@https://registry.npmjs.org/escape-html/-/escape-html-1.0.3.tgz 0ms (cache hit)
653 http cache escalade@https://registry.npmjs.org/escalade/-/escalade-3.2.0.tgz 0ms (cache hit)
654 http cache es-set-tostringtag@https://registry.npmjs.org/es-set-tostringtag/-/es-set-tostringtag-2.1.0.tgz 0ms (cache hit)
655 http cache es-object-atoms@https://registry.npmjs.org/es-object-atoms/-/es-object-atoms-1.1.1.tgz 0ms (cache hit)
656 http cache esbuild@https://registry.npmjs.org/esbuild/-/esbuild-0.21.5.tgz 0ms (cache hit)
657 http cache es-module-lexer@https://registry.npmjs.org/es-module-lexer/-/es-module-lexer-2.0.0.tgz 0ms (cache hit)
658 http cache es-get-iterator@https://registry.npmjs.org/es-get-iterator/-/es-get-iterator-1.1.3.tgz 0ms (cache hit)
659 http cache es-errors@https://registry.npmjs.org/es-errors/-/es-errors-1.3.0.tgz 0ms (cache hit)
660 http cache error-stack-parser@https://registry.npmjs.org/error-stack-parser/-/error-stack-parser-2.1.4.tgz 0ms (cache hit)
661 http cache es-define-property@https://registry.npmjs.org/es-define-property/-/es-define-property-1.0.1.tgz 0ms (cache hit)
662 http cache error-ex@https://registry.npmjs.org/error-ex/-/error-ex-1.3.4.tgz 0ms (cache hit)
663 http cache entities@https://registry.npmjs.org/entities/-/entities-4.5.0.tgz 0ms (cache hit)
664 http cache enquirer@https://registry.npmjs.org/enquirer/-/enquirer-2.4.1.tgz 0ms (cache hit)
665 http cache enhanced-resolve@https://registry.npmjs.org/enhanced-resolve/-/enhanced-resolve-5.19.0.tgz 0ms (cache hit)
666 http cache end-of-stream@https://registry.npmjs.org/end-of-stream/-/end-of-stream-1.4.5.tgz 0ms (cache hit)
667 http cache encodeurl@https://registry.npmjs.org/encodeurl/-/encodeurl-2.0.0.tgz 0ms (cache hit)
668 http cache emojis-list@https://registry.npmjs.org/emojis-list/-/emojis-list-3.0.0.tgz 0ms (cache hit)
669 http cache electron-to-chromium@https://registry.npmjs.org/electron-to-chromium/-/electron-to-chromium-1.5.267.tgz 0ms (cache hit)
670 http cache ee-first@https://registry.npmjs.org/ee-first/-/ee-first-1.1.1.tgz 0ms (cache hit)
671 http cache editorconfig@https://registry.npmjs.org/editorconfig/-/editorconfig-1.0.4.tgz 0ms (cache hit)
672 http cache emoji-regex@https://registry.npmjs.org/emoji-regex/-/emoji-regex-8.0.0.tgz 0ms (cache hit)
673 http cache easy-stack@https://registry.npmjs.org/easy-stack/-/easy-stack-1.0.1.tgz 0ms (cache hit)
674 http cache duplexer@https://registry.npmjs.org/duplexer/-/duplexer-0.1.2.tgz 0ms (cache hit)
675 http cache dunder-proto@https://registry.npmjs.org/dunder-proto/-/dunder-proto-1.0.1.tgz 0ms (cache hit)
676 http cache dotenv@https://registry.npmjs.org/dotenv/-/dotenv-10.0.0.tgz 0ms (cache hit)
677 http cache dotenv-expand@https://registry.npmjs.org/dotenv-expand/-/dotenv-expand-5.1.0.tgz 0ms (cache hit)
678 http cache domutils@https://registry.npmjs.org/domutils/-/domutils-2.8.0.tgz 0ms (cache hit)
679 http cache dompurify@https://registry.npmjs.org/dompurify/-/dompurify-3.3.1.tgz 0ms (cache hit)
680 http cache eastasianwidth@https://registry.npmjs.org/eastasianwidth/-/eastasianwidth-0.2.0.tgz 0ms (cache hit)
681 http cache domhandler@https://registry.npmjs.org/domhandler/-/domhandler-4.3.1.tgz 0ms (cache hit)
682 http cache domexception@https://registry.npmjs.org/domexception/-/domexception-4.0.0.tgz 0ms (cache hit)
683 http cache domelementtype@https://registry.npmjs.org/domelementtype/-/domelementtype-2.3.0.tgz 0ms (cache hit)
684 http cache dom-serializer@https://registry.npmjs.org/dom-serializer/-/dom-serializer-1.4.1.tgz 0ms (cache hit)
685 http cache dom-converter@https://registry.npmjs.org/dom-converter/-/dom-converter-0.2.0.tgz 0ms (cache hit)
686 http cache dom-accessibility-api@https://registry.npmjs.org/dom-accessibility-api/-/dom-accessibility-api-0.5.16.tgz 0ms (cache hit)
687 http cache dot-case@https://registry.npmjs.org/dot-case/-/dot-case-3.0.4.tgz 0ms (cache hit)
688 http cache doctrine@https://registry.npmjs.org/doctrine/-/doctrine-3.0.0.tgz 0ms (cache hit)
689 http cache dir-glob@https://registry.npmjs.org/dir-glob/-/dir-glob-3.0.1.tgz 0ms (cache hit)
690 http cache dns-packet@https://registry.npmjs.org/dns-packet/-/dns-packet-5.6.1.tgz 0ms (cache hit)
691 http cache detect-node@https://registry.npmjs.org/detect-node/-/detect-node-2.1.0.tgz 0ms (cache hit)
692 http cache destroy@https://registry.npmjs.org/destroy/-/destroy-1.2.0.tgz 0ms (cache hit)
693 http cache diff-sequences@https://registry.npmjs.org/diff-sequences/-/diff-sequences-29.6.3.tgz 0ms (cache hit)
694 http cache delayed-stream@https://registry.npmjs.org/delayed-stream/-/delayed-stream-1.0.0.tgz 0ms (cache hit)
695 http cache define-properties@https://registry.npmjs.org/define-properties/-/define-properties-1.2.1.tgz 0ms (cache hit)
696 http cache define-lazy-prop@https://registry.npmjs.org/define-lazy-prop/-/define-lazy-prop-2.0.0.tgz 0ms (cache hit)
697 http cache depd@https://registry.npmjs.org/depd/-/depd-2.0.0.tgz 0ms (cache hit)
698 http cache define-data-property@https://registry.npmjs.org/define-data-property/-/define-data-property-1.1.4.tgz 0ms (cache hit)
699 http cache defaults@https://registry.npmjs.org/defaults/-/defaults-1.0.4.tgz 0ms (cache hit)
700 http cache default-gateway@https://registry.npmjs.org/default-gateway/-/default-gateway-6.0.3.tgz 0ms (cache hit)
701 http cache deepmerge@https://registry.npmjs.org/deepmerge/-/deepmerge-1.5.2.tgz 0ms (cache hit)
702 http cache deep-is@https://registry.npmjs.org/deep-is/-/deep-is-0.1.4.tgz 0ms (cache hit)
703 http cache deep-equal@https://registry.npmjs.org/deep-equal/-/deep-equal-2.2.3.tgz 0ms (cache hit)
704 http cache deep-eql@https://registry.npmjs.org/deep-eql/-/deep-eql-4.1.4.tgz 0ms (cache hit)
705 http cache decimal.js@https://registry.npmjs.org/decimal.js/-/decimal.js-10.6.0.tgz 0ms (cache hit)
706 http cache debug@https://registry.npmjs.org/debug/-/debug-4.4.3.tgz 0ms (cache hit)
707 http cache debounce@https://registry.npmjs.org/debounce/-/debounce-1.2.1.tgz 0ms (cache hit)
708 http cache data-urls@https://registry.npmjs.org/data-urls/-/data-urls-4.0.0.tgz 0ms (cache hit)
709 http cache cssstyle@https://registry.npmjs.org/cssstyle/-/cssstyle-3.0.0.tgz 0ms (cache hit)
710 http cache csstype@https://registry.npmjs.org/csstype/-/csstype-3.2.3.tgz 0ms (cache hit)
711 http cache csso@https://registry.npmjs.org/csso/-/csso-4.2.0.tgz 0ms (cache hit)
712 http cache cssnano-utils@https://registry.npmjs.org/cssnano-utils/-/cssnano-utils-3.1.0.tgz 1ms (cache hit)
713 http cache cssnano-preset-default@https://registry.npmjs.org/cssnano-preset-default/-/cssnano-preset-default-5.2.14.tgz 0ms (cache hit)
714 http cache cssnano@https://registry.npmjs.org/cssnano/-/cssnano-5.1.15.tgz 0ms (cache hit)
715 http cache cssesc@https://registry.npmjs.org/cssesc/-/cssesc-3.0.0.tgz 0ms (cache hit)
716 http cache css-what@https://registry.npmjs.org/css-what/-/css-what-6.2.2.tgz 0ms (cache hit)
717 http cache css-tree@https://registry.npmjs.org/css-tree/-/css-tree-1.1.3.tgz 0ms (cache hit)
718 http cache css-select@https://registry.npmjs.org/css-select/-/css-select-4.3.0.tgz 0ms (cache hit)
719 http cache css-loader@https://registry.npmjs.org/css-loader/-/css-loader-6.11.0.tgz 0ms (cache hit)
720 http cache css-minimizer-webpack-plugin@https://registry.npmjs.org/css-minimizer-webpack-plugin/-/css-minimizer-webpack-plugin-3.4.1.tgz 0ms (cache hit)
721 http cache cosmiconfig@https://registry.npmjs.org/cosmiconfig/-/cosmiconfig-7.1.0.tgz 0ms (cache hit)
722 http cache cross-spawn@https://registry.npmjs.org/cross-spawn/-/cross-spawn-6.0.6.tgz 0ms (cache hit)
723 http cache css-declaration-sorter@https://registry.npmjs.org/css-declaration-sorter/-/css-declaration-sorter-6.4.1.tgz 0ms (cache hit)
724 http cache core-util-is@https://registry.npmjs.org/core-util-is/-/core-util-is-1.0.3.tgz 0ms (cache hit)
725 http cache core-js-compat@https://registry.npmjs.org/core-js-compat/-/core-js-compat-3.48.0.tgz 0ms (cache hit)
726 http cache copy-webpack-plugin@https://registry.npmjs.org/copy-webpack-plugin/-/copy-webpack-plugin-9.1.0.tgz 0ms (cache hit)
727 http cache copy-anything@https://registry.npmjs.org/copy-anything/-/copy-anything-4.0.5.tgz 0ms (cache hit)
728 http cache cookie-signature@https://registry.npmjs.org/cookie-signature/-/cookie-signature-1.0.7.tgz 0ms (cache hit)
729 http cache cookie@https://registry.npmjs.org/cookie/-/cookie-0.7.2.tgz 0ms (cache hit)
730 http cache convert-source-map@https://registry.npmjs.org/convert-source-map/-/convert-source-map-2.0.0.tgz 0ms (cache hit)
731 http cache content-type@https://registry.npmjs.org/content-type/-/content-type-1.0.5.tgz 0ms (cache hit)
732 http cache core-js@https://registry.npmjs.org/core-js/-/core-js-3.48.0.tgz 0ms (cache hit)
733 http cache content-disposition@https://registry.npmjs.org/content-disposition/-/content-disposition-0.5.4.tgz 0ms (cache hit)
734 http cache connect-history-api-fallback@https://registry.npmjs.org/connect-history-api-fallback/-/connect-history-api-fallback-2.0.0.tgz 0ms (cache hit)
735 http cache config-chain@https://registry.npmjs.org/config-chain/-/config-chain-1.1.13.tgz 0ms (cache hit)
736 http cache consolidate@https://registry.npmjs.org/consolidate/-/consolidate-0.15.1.tgz 0ms (cache hit)
737 http cache confbox@https://registry.npmjs.org/confbox/-/confbox-0.1.8.tgz 0ms (cache hit)
738 http cache concat-map@https://registry.npmjs.org/concat-map/-/concat-map-0.0.1.tgz 0ms (cache hit)
739 http cache compressible@https://registry.npmjs.org/compressible/-/compressible-2.0.18.tgz 0ms (cache hit)
740 http cache commondir@https://registry.npmjs.org/commondir/-/commondir-1.0.1.tgz 0ms (cache hit)
741 http cache compression@https://registry.npmjs.org/compression/-/compression-1.8.1.tgz 0ms (cache hit)
742 http cache commander@https://registry.npmjs.org/commander/-/commander-8.3.0.tgz 0ms (cache hit)
743 http cache combined-stream@https://registry.npmjs.org/combined-stream/-/combined-stream-1.0.8.tgz 0ms (cache hit)
744 http cache colorette@https://registry.npmjs.org/colorette/-/colorette-2.0.20.tgz 0ms (cache hit)
745 http cache colord@https://registry.npmjs.org/colord/-/colord-2.9.3.tgz 0ms (cache hit)
746 http cache color-name@https://registry.npmjs.org/color-name/-/color-name-1.1.4.tgz 0ms (cache hit)
747 http cache color-convert@https://registry.npmjs.org/color-convert/-/color-convert-2.0.1.tgz 0ms (cache hit)
748 http cache clone-deep@https://registry.npmjs.org/clone-deep/-/clone-deep-4.0.1.tgz 0ms (cache hit)
749 http cache clone@https://registry.npmjs.org/clone/-/clone-1.0.4.tgz 0ms (cache hit)
750 http cache cliui@https://registry.npmjs.org/cliui/-/cliui-7.0.4.tgz 0ms (cache hit)
751 http cache clipboardy@https://registry.npmjs.org/clipboardy/-/clipboardy-2.3.0.tgz 0ms (cache hit)
752 http cache cli-width@https://registry.npmjs.org/cli-width/-/cli-width-4.1.0.tgz 0ms (cache hit)
753 http cache cli-highlight@https://registry.npmjs.org/cli-highlight/-/cli-highlight-2.1.11.tgz 0ms (cache hit)
754 http cache cli-spinners@https://registry.npmjs.org/cli-spinners/-/cli-spinners-2.9.2.tgz 0ms (cache hit)
755 http cache cli-cursor@https://registry.npmjs.org/cli-cursor/-/cli-cursor-3.1.0.tgz 0ms (cache hit)
756 http cache clean-css@https://registry.npmjs.org/clean-css/-/clean-css-5.3.3.tgz 0ms (cache hit)
757 http cache ci-info@https://registry.npmjs.org/ci-info/-/ci-info-1.6.0.tgz 0ms (cache hit)
758 http cache chokidar@https://registry.npmjs.org/chokidar/-/chokidar-3.6.0.tgz 0ms (cache hit)
759 http cache chrome-trace-event@https://registry.npmjs.org/chrome-trace-event/-/chrome-trace-event-1.0.4.tgz 0ms (cache hit)
760 http cache check-error@https://registry.npmjs.org/check-error/-/check-error-1.0.3.tgz 0ms (cache hit)
761 http cache chalk@https://registry.npmjs.org/chalk/-/chalk-3.0.0.tgz 0ms (cache hit)
762 http cache chai@https://registry.npmjs.org/chai/-/chai-4.5.0.tgz 0ms (cache hit)
763 http cache case-sensitive-paths-webpack-plugin@https://registry.npmjs.org/case-sensitive-paths-webpack-plugin/-/case-sensitive-paths-webpack-plugin-2.4.0.tgz 0ms (cache hit)
764 http cache caniuse-api@https://registry.npmjs.org/caniuse-api/-/caniuse-api-3.0.0.tgz 0ms (cache hit)
765 http cache camelcase@https://registry.npmjs.org/camelcase/-/camelcase-5.3.1.tgz 0ms (cache hit)
766 http cache camel-case@https://registry.npmjs.org/camel-case/-/camel-case-4.1.2.tgz 0ms (cache hit)
767 http cache caniuse-lite@https://registry.npmjs.org/caniuse-lite/-/caniuse-lite-1.0.30001760.tgz 0ms (cache hit)
768 http cache callsites@https://registry.npmjs.org/callsites/-/callsites-3.1.0.tgz 0ms (cache hit)
769 http cache call-bound@https://registry.npmjs.org/call-bound/-/call-bound-1.0.4.tgz 0ms (cache hit)
770 http cache call-bind-apply-helpers@https://registry.npmjs.org/call-bind-apply-helpers/-/call-bind-apply-helpers-1.0.2.tgz 0ms (cache hit)
771 http cache cac@https://registry.npmjs.org/cac/-/cac-6.7.14.tgz 0ms (cache hit)
772 http cache bytes@https://registry.npmjs.org/bytes/-/bytes-3.1.2.tgz 0ms (cache hit)
773 http cache buffer-from@https://registry.npmjs.org/buffer-from/-/buffer-from-1.1.2.tgz 0ms (cache hit)
774 http cache call-bind@https://registry.npmjs.org/call-bind/-/call-bind-1.0.8.tgz 0ms (cache hit)
775 http cache buffer@https://registry.npmjs.org/buffer/-/buffer-5.7.1.tgz 0ms (cache hit)
776 http cache browserslist@https://registry.npmjs.org/browserslist/-/browserslist-4.28.1.tgz 0ms (cache hit)
777 http cache brace-expansion@https://registry.npmjs.org/brace-expansion/-/brace-expansion-1.1.12.tgz 0ms (cache hit)
778 http cache braces@https://registry.npmjs.org/braces/-/braces-3.0.3.tgz 0ms (cache hit)
779 http cache boolbase@https://registry.npmjs.org/boolbase/-/boolbase-1.0.0.tgz 0ms (cache hit)
780 http cache bonjour-service@https://registry.npmjs.org/bonjour-service/-/bonjour-service-1.3.0.tgz 0ms (cache hit)
781 http cache body-parser@https://registry.npmjs.org/body-parser/-/body-parser-1.20.4.tgz 0ms (cache hit)
782 http cache bluebird@https://registry.npmjs.org/bluebird/-/bluebird-3.7.2.tgz 0ms (cache hit)
783 http cache birpc@https://registry.npmjs.org/birpc/-/birpc-2.9.0.tgz 0ms (cache hit)
784 http cache bl@https://registry.npmjs.org/bl/-/bl-4.1.0.tgz 0ms (cache hit)
785 http cache binary-extensions@https://registry.npmjs.org/binary-extensions/-/binary-extensions-2.3.0.tgz 0ms (cache hit)
786 http cache big.js@https://registry.npmjs.org/big.js/-/big.js-5.2.2.tgz 0ms (cache hit)
787 http cache batch@https://registry.npmjs.org/batch/-/batch-0.6.1.tgz 0ms (cache hit)
788 http cache base64-js@https://registry.npmjs.org/base64-js/-/base64-js-1.5.1.tgz 0ms (cache hit)
789 http cache baseline-browser-mapping@https://registry.npmjs.org/baseline-browser-mapping/-/baseline-browser-mapping-2.9.7.tgz 0ms (cache hit)
790 http cache balanced-match@https://registry.npmjs.org/balanced-match/-/balanced-match-1.0.2.tgz 0ms (cache hit)
791 http cache babel-plugin-polyfill-regenerator@https://registry.npmjs.org/babel-plugin-polyfill-regenerator/-/babel-plugin-polyfill-regenerator-0.6.6.tgz 0ms (cache hit)
792 http cache babel-plugin-polyfill-corejs2@https://registry.npmjs.org/babel-plugin-polyfill-corejs2/-/babel-plugin-polyfill-corejs2-0.4.15.tgz 0ms (cache hit)
793 http cache babel-plugin-polyfill-corejs3@https://registry.npmjs.org/babel-plugin-polyfill-corejs3/-/babel-plugin-polyfill-corejs3-0.13.0.tgz 0ms (cache hit)
794 http cache babel-plugin-dynamic-import-node@https://registry.npmjs.org/babel-plugin-dynamic-import-node/-/babel-plugin-dynamic-import-node-2.3.3.tgz 0ms (cache hit)
795 http cache babel-loader@https://registry.npmjs.org/babel-loader/-/babel-loader-8.4.1.tgz 0ms (cache hit)
796 http cache axios-mock-adapter@https://registry.npmjs.org/axios-mock-adapter/-/axios-mock-adapter-1.22.0.tgz 0ms (cache hit)
797 http cache axios@https://registry.npmjs.org/axios/-/axios-1.13.2.tgz 0ms (cache hit)
798 http cache available-typed-arrays@https://registry.npmjs.org/available-typed-arrays/-/available-typed-arrays-1.0.7.tgz 0ms (cache hit)
799 http cache autoprefixer@https://registry.npmjs.org/autoprefixer/-/autoprefixer-10.4.23.tgz 0ms (cache hit)
800 http cache at-least-node@https://registry.npmjs.org/at-least-node/-/at-least-node-1.0.0.tgz 0ms (cache hit)
801 http cache async@https://registry.npmjs.org/async/-/async-3.2.6.tgz 0ms (cache hit)
802 http cache asynckit@https://registry.npmjs.org/asynckit/-/asynckit-0.4.0.tgz 0ms (cache hit)
803 http cache astral-regex@https://registry.npmjs.org/astral-regex/-/astral-regex-2.0.0.tgz 0ms (cache hit)
804 http cache assertion-error@https://registry.npmjs.org/assertion-error/-/assertion-error-1.1.0.tgz 0ms (cache hit)
805 http cache array-union@https://registry.npmjs.org/array-union/-/array-union-2.1.0.tgz 0ms (cache hit)
806 http cache array-flatten@https://registry.npmjs.org/array-flatten/-/array-flatten-1.1.1.tgz 0ms (cache hit)
807 http cache array-buffer-byte-length@https://registry.npmjs.org/array-buffer-byte-length/-/array-buffer-byte-length-1.0.2.tgz 0ms (cache hit)
808 http cache argparse@https://registry.npmjs.org/argparse/-/argparse-1.0.10.tgz 0ms (cache hit)
809 http cache aria-query@https://registry.npmjs.org/aria-query/-/aria-query-5.1.3.tgz 0ms (cache hit)
810 http cache any-promise@https://registry.npmjs.org/any-promise/-/any-promise-1.3.0.tgz 0ms (cache hit)
811 http cache arch@https://registry.npmjs.org/arch/-/arch-2.2.0.tgz 0ms (cache hit)
812 http cache anymatch@https://registry.npmjs.org/anymatch/-/anymatch-3.1.3.tgz 0ms (cache hit)
813 http cache ansi-styles@https://registry.npmjs.org/ansi-styles/-/ansi-styles-4.3.0.tgz 0ms (cache hit)
814 http cache ansi-regex@https://registry.npmjs.org/ansi-regex/-/ansi-regex-5.0.1.tgz 0ms (cache hit)
815 http cache ansi-escapes@https://registry.npmjs.org/ansi-escapes/-/ansi-escapes-3.2.0.tgz 0ms (cache hit)
816 http cache ansi-html-community@https://registry.npmjs.org/ansi-html-community/-/ansi-html-community-0.0.8.tgz 0ms (cache hit)
817 http cache ansi-colors@https://registry.npmjs.org/ansi-colors/-/ansi-colors-4.1.3.tgz 0ms (cache hit)
818 http cache ajv-keywords@https://registry.npmjs.org/ajv-keywords/-/ajv-keywords-3.5.2.tgz 0ms (cache hit)
819 http cache ajv-formats@https://registry.npmjs.org/ajv-formats/-/ajv-formats-2.1.1.tgz 0ms (cache hit)
820 http cache ajv@https://registry.npmjs.org/ajv/-/ajv-6.12.6.tgz 0ms (cache hit)
821 http cache agent-base@https://registry.npmjs.org/agent-base/-/agent-base-6.0.2.tgz 0ms (cache hit)
822 http cache address@https://registry.npmjs.org/address/-/address-1.2.2.tgz 0ms (cache hit)
823 http cache acorn-jsx@https://registry.npmjs.org/acorn-jsx/-/acorn-jsx-5.3.2.tgz 0ms (cache hit)
824 http cache acorn-walk@https://registry.npmjs.org/acorn-walk/-/acorn-walk-8.3.4.tgz 0ms (cache hit)
825 http cache acorn-import-phases@https://registry.npmjs.org/acorn-import-phases/-/acorn-import-phases-1.0.4.tgz 0ms (cache hit)
826 http cache acorn@https://registry.npmjs.org/acorn/-/acorn-8.15.0.tgz 0ms (cache hit)
827 http cache accepts@https://registry.npmjs.org/accepts/-/accepts-1.3.8.tgz 0ms (cache hit)
828 http cache abbrev@https://registry.npmjs.org/abbrev/-/abbrev-2.0.0.tgz 0ms (cache hit)
829 http cache @xtuc/long@https://registry.npmjs.org/@xtuc/long/-/long-4.2.2.tgz 0ms (cache hit)
830 http cache abab@https://registry.npmjs.org/abab/-/abab-2.0.6.tgz 0ms (cache hit)
831 http cache @webassemblyjs/wast-printer@https://registry.npmjs.org/@webassemblyjs/wast-printer/-/wast-printer-1.14.1.tgz 0ms (cache hit)
832 http cache @webassemblyjs/wasm-parser@https://registry.npmjs.org/@webassemblyjs/wasm-parser/-/wasm-parser-1.14.1.tgz 0ms (cache hit)
833 http cache @xtuc/ieee754@https://registry.npmjs.org/@xtuc/ieee754/-/ieee754-1.2.0.tgz 0ms (cache hit)
834 http cache @webassemblyjs/wasm-opt@https://registry.npmjs.org/@webassemblyjs/wasm-opt/-/wasm-opt-1.14.1.tgz 0ms (cache hit)
835 http cache @webassemblyjs/wasm-edit@https://registry.npmjs.org/@webassemblyjs/wasm-edit/-/wasm-edit-1.14.1.tgz 0ms (cache hit)
836 http cache @webassemblyjs/wasm-gen@https://registry.npmjs.org/@webassemblyjs/wasm-gen/-/wasm-gen-1.14.1.tgz 0ms (cache hit)
837 http cache @webassemblyjs/leb128@https://registry.npmjs.org/@webassemblyjs/leb128/-/leb128-1.13.2.tgz 0ms (cache hit)
838 http cache @webassemblyjs/utf8@https://registry.npmjs.org/@webassemblyjs/utf8/-/utf8-1.13.2.tgz 0ms (cache hit)
839 http cache @webassemblyjs/ieee754@https://registry.npmjs.org/@webassemblyjs/ieee754/-/ieee754-1.13.2.tgz 0ms (cache hit)
840 http cache @webassemblyjs/helper-wasm-section@https://registry.npmjs.org/@webassemblyjs/helper-wasm-section/-/helper-wasm-section-1.14.1.tgz 0ms (cache hit)
841 http cache @webassemblyjs/helper-numbers@https://registry.npmjs.org/@webassemblyjs/helper-numbers/-/helper-numbers-1.13.2.tgz 0ms (cache hit)
842 http cache @webassemblyjs/helper-wasm-bytecode@https://registry.npmjs.org/@webassemblyjs/helper-wasm-bytecode/-/helper-wasm-bytecode-1.13.2.tgz 0ms (cache hit)
843 http cache @webassemblyjs/helper-buffer@https://registry.npmjs.org/@webassemblyjs/helper-buffer/-/helper-buffer-1.14.1.tgz 0ms (cache hit)
844 http cache @webassemblyjs/helper-api-error@https://registry.npmjs.org/@webassemblyjs/helper-api-error/-/helper-api-error-1.13.2.tgz 0ms (cache hit)
845 http cache @vue/vue-loader-v15@https://registry.npmjs.org/vue-loader/-/vue-loader-15.11.1.tgz 0ms (cache hit)
846 http cache @webassemblyjs/ast@https://registry.npmjs.org/@webassemblyjs/ast/-/ast-1.14.1.tgz 0ms (cache hit)
847 http cache @webassemblyjs/floating-point-hex-parser@https://registry.npmjs.org/@webassemblyjs/floating-point-hex-parser/-/floating-point-hex-parser-1.13.2.tgz 0ms (cache hit)
848 http cache @vue/test-utils@https://registry.npmjs.org/@vue/test-utils/-/test-utils-2.4.6.tgz 0ms (cache hit)
849 http cache @vue/shared@https://registry.npmjs.org/@vue/shared/-/shared-3.5.25.tgz 0ms (cache hit)
850 http cache @vue/server-renderer@https://registry.npmjs.org/@vue/server-renderer/-/server-renderer-3.5.25.tgz 0ms (cache hit)
851 http cache @vue/runtime-dom@https://registry.npmjs.org/@vue/runtime-dom/-/runtime-dom-3.5.25.tgz 0ms (cache hit)
852 http cache @vue/runtime-core@https://registry.npmjs.org/@vue/runtime-core/-/runtime-core-3.5.25.tgz 0ms (cache hit)
853 http cache @vue/reactivity@https://registry.npmjs.org/@vue/reactivity/-/reactivity-3.5.25.tgz 0ms (cache hit)
854 http cache @vue/eslint-config-prettier@https://registry.npmjs.org/@vue/eslint-config-prettier/-/eslint-config-prettier-7.1.0.tgz 0ms (cache hit)
855 http cache @vue/web-component-wrapper@https://registry.npmjs.org/@vue/web-component-wrapper/-/web-component-wrapper-1.3.0.tgz 0ms (cache hit)
856 http cache @vue/devtools-shared@https://registry.npmjs.org/@vue/devtools-shared/-/devtools-shared-7.7.9.tgz 0ms (cache hit)
857 http cache @vue/devtools-kit@https://registry.npmjs.org/@vue/devtools-kit/-/devtools-kit-7.7.9.tgz 0ms (cache hit)
858 http cache @vue/devtools-api@https://registry.npmjs.org/@vue/devtools-api/-/devtools-api-6.6.4.tgz 0ms (cache hit)
859 http cache @vue/component-compiler-utils@https://registry.npmjs.org/@vue/component-compiler-utils/-/component-compiler-utils-3.3.0.tgz 0ms (cache hit)
860 http cache @vue/compiler-ssr@https://registry.npmjs.org/@vue/compiler-ssr/-/compiler-ssr-3.5.25.tgz 0ms (cache hit)
861 http cache @vue/compiler-sfc@https://registry.npmjs.org/@vue/compiler-sfc/-/compiler-sfc-3.5.25.tgz 0ms (cache hit)
862 http cache @vue/compiler-dom@https://registry.npmjs.org/@vue/compiler-dom/-/compiler-dom-3.5.25.tgz 0ms (cache hit)
863 http cache @vue/compiler-core@https://registry.npmjs.org/@vue/compiler-core/-/compiler-core-3.5.25.tgz 0ms (cache hit)
864 http cache @vue/cli-shared-utils@https://registry.npmjs.org/@vue/cli-shared-utils/-/cli-shared-utils-5.0.9.tgz 0ms (cache hit)
865 http cache @vue/cli-service@https://registry.npmjs.org/@vue/cli-service/-/cli-service-5.0.9.tgz 0ms (cache hit)
866 http cache @vue/cli-plugin-vuex@https://registry.npmjs.org/@vue/cli-plugin-vuex/-/cli-plugin-vuex-5.0.9.tgz 0ms (cache hit)
867 http cache @vue/cli-overlay@https://registry.npmjs.org/@vue/cli-overlay/-/cli-overlay-5.0.9.tgz 0ms (cache hit)
868 http cache @vue/cli-plugin-router@https://registry.npmjs.org/@vue/cli-plugin-router/-/cli-plugin-router-5.0.9.tgz 0ms (cache hit)
869 http cache @vue/cli-plugin-babel@https://registry.npmjs.org/@vue/cli-plugin-babel/-/cli-plugin-babel-5.0.9.tgz 1ms (cache hit)
870 http cache @vue/babel-sugar-v-on@https://registry.npmjs.org/@vue/babel-sugar-v-on/-/babel-sugar-v-on-1.4.0.tgz 0ms (cache hit)
871 http cache @vue/cli-plugin-eslint@https://registry.npmjs.org/@vue/cli-plugin-eslint/-/cli-plugin-eslint-5.0.9.tgz 0ms (cache hit)
872 http cache @vue/babel-sugar-v-model@https://registry.npmjs.org/@vue/babel-sugar-v-model/-/babel-sugar-v-model-1.4.0.tgz 0ms (cache hit)
873 http cache @vue/babel-sugar-inject-h@https://registry.npmjs.org/@vue/babel-sugar-inject-h/-/babel-sugar-inject-h-1.4.0.tgz 0ms (cache hit)
874 http cache @vue/babel-sugar-functional-vue@https://registry.npmjs.org/@vue/babel-sugar-functional-vue/-/babel-sugar-functional-vue-1.4.0.tgz 0ms (cache hit)
875 http cache @vue/babel-preset-jsx@https://registry.npmjs.org/@vue/babel-preset-jsx/-/babel-preset-jsx-1.4.0.tgz 0ms (cache hit)
876 http cache @vue/babel-sugar-composition-api-render-instance@https://registry.npmjs.org/@vue/babel-sugar-composition-api-render-instance/-/babel-sugar-composition-api-render-instance-1.4.0.tgz 0ms (cache hit)
877 http cache @vue/babel-sugar-composition-api-inject-h@https://registry.npmjs.org/@vue/babel-sugar-composition-api-inject-h/-/babel-sugar-composition-api-inject-h-1.4.0.tgz 0ms (cache hit)
878 http cache @vue/babel-plugin-transform-vue-jsx@https://registry.npmjs.org/@vue/babel-plugin-transform-vue-jsx/-/babel-plugin-transform-vue-jsx-1.4.0.tgz 0ms (cache hit)
879 http cache @vue/babel-preset-app@https://registry.npmjs.org/@vue/babel-preset-app/-/babel-preset-app-5.0.9.tgz 0ms (cache hit)
880 http cache @vue/babel-plugin-jsx@https://registry.npmjs.org/@vue/babel-plugin-jsx/-/babel-plugin-jsx-1.5.0.tgz 0ms (cache hit)
881 http cache @vitest/utils@https://registry.npmjs.org/@vitest/utils/-/utils-1.6.1.tgz 0ms (cache hit)
882 http cache @vitest/ui@https://registry.npmjs.org/@vitest/ui/-/ui-1.6.1.tgz 0ms (cache hit)
883 http cache @vue/babel-plugin-resolve-type@https://registry.npmjs.org/@vue/babel-plugin-resolve-type/-/babel-plugin-resolve-type-1.5.0.tgz 0ms (cache hit)
884 http cache @vue/babel-helper-vue-transform-on@https://registry.npmjs.org/@vue/babel-helper-vue-transform-on/-/babel-helper-vue-transform-on-1.5.0.tgz 0ms (cache hit)
885 http cache @vue/babel-helper-vue-jsx-merge-props@https://registry.npmjs.org/@vue/babel-helper-vue-jsx-merge-props/-/babel-helper-vue-jsx-merge-props-1.4.0.tgz 0ms (cache hit)
886 http cache @vitest/spy@https://registry.npmjs.org/@vitest/spy/-/spy-1.6.1.tgz 0ms (cache hit)
887 http cache @vitest/snapshot@https://registry.npmjs.org/@vitest/snapshot/-/snapshot-1.6.1.tgz 0ms (cache hit)
888 http cache @vitest/coverage-v8@https://registry.npmjs.org/@vitest/coverage-v8/-/coverage-v8-1.6.1.tgz 0ms (cache hit)
889 http cache @vitest/runner@https://registry.npmjs.org/@vitest/runner/-/runner-1.6.1.tgz 0ms (cache hit)
890 http cache @vitest/expect@https://registry.npmjs.org/@vitest/expect/-/expect-1.6.1.tgz 0ms (cache hit)
891 http cache @vitejs/plugin-vue@https://registry.npmjs.org/@vitejs/plugin-vue/-/plugin-vue-4.6.2.tgz 0ms (cache hit)
892 http cache @types/yargs-parser@https://registry.npmjs.org/@types/yargs-parser/-/yargs-parser-21.0.3.tgz 0ms (cache hit)
893 http cache @types/ws@https://registry.npmjs.org/@types/ws/-/ws-8.18.1.tgz 0ms (cache hit)
894 http cache @types/trusted-types@https://registry.npmjs.org/@types/trusted-types/-/trusted-types-2.0.7.tgz 0ms (cache hit)
895 http cache @types/tough-cookie@https://registry.npmjs.org/@types/tough-cookie/-/tough-cookie-4.0.5.tgz 0ms (cache hit)
896 http cache @types/yargs@https://registry.npmjs.org/@types/yargs/-/yargs-17.0.35.tgz 0ms (cache hit)
897 http cache @types/statuses@https://registry.npmjs.org/@types/statuses/-/statuses-2.0.6.tgz 0ms (cache hit)
898 http cache @types/stack-utils@https://registry.npmjs.org/@types/stack-utils/-/stack-utils-2.0.3.tgz 0ms (cache hit)
899 http cache @types/serve-static@https://registry.npmjs.org/@types/serve-static/-/serve-static-1.15.10.tgz 0ms (cache hit)
900 http cache @types/serve-index@https://registry.npmjs.org/@types/serve-index/-/serve-index-1.9.4.tgz 0ms (cache hit)
901 http cache @types/retry@https://registry.npmjs.org/@types/retry/-/retry-0.12.0.tgz 0ms (cache hit)
902 http cache @types/range-parser@https://registry.npmjs.org/@types/range-parser/-/range-parser-1.2.7.tgz 0ms (cache hit)
903 http cache @types/send@https://registry.npmjs.org/@types/send/-/send-1.2.1.tgz 0ms (cache hit)
904 http cache @types/sockjs@https://registry.npmjs.org/@types/sockjs/-/sockjs-0.3.36.tgz 0ms (cache hit)
905 http cache @types/qs@https://registry.npmjs.org/@types/qs/-/qs-6.14.0.tgz 0ms (cache hit)
906 http cache @types/parse-json@https://registry.npmjs.org/@types/parse-json/-/parse-json-4.0.2.tgz 0ms (cache hit)
907 http cache @types/normalize-package-data@https://registry.npmjs.org/@types/normalize-package-data/-/normalize-package-data-2.4.4.tgz 0ms (cache hit)
908 http cache @types/minimist@https://registry.npmjs.org/@types/minimist/-/minimist-1.2.5.tgz 0ms (cache hit)
909 http cache @types/node-forge@https://registry.npmjs.org/@types/node-forge/-/node-forge-1.3.14.tgz 0ms (cache hit)
910 http cache @types/mime@https://registry.npmjs.org/@types/mime/-/mime-1.3.5.tgz 0ms (cache hit)
911 http cache @types/node@https://registry.npmjs.org/@types/node/-/node-25.0.2.tgz 0ms (cache hit)
912 http cache @types/json-schema@https://registry.npmjs.org/@types/json-schema/-/json-schema-7.0.15.tgz 0ms (cache hit)
913 http cache @types/jsdom@https://registry.npmjs.org/@types/jsdom/-/jsdom-21.1.7.tgz 0ms (cache hit)
914 http cache @types/istanbul-reports@https://registry.npmjs.org/@types/istanbul-reports/-/istanbul-reports-3.0.4.tgz 0ms (cache hit)
915 http cache @types/istanbul-lib-report@https://registry.npmjs.org/@types/istanbul-lib-report/-/istanbul-lib-report-3.0.3.tgz 0ms (cache hit)
916 http cache @types/istanbul-lib-coverage@https://registry.npmjs.org/@types/istanbul-lib-coverage/-/istanbul-lib-coverage-2.0.6.tgz 0ms (cache hit)
917 http cache @types/http-errors@https://registry.npmjs.org/@types/http-errors/-/http-errors-2.0.5.tgz 0ms (cache hit)
918 http cache @types/http-proxy@https://registry.npmjs.org/@types/http-proxy/-/http-proxy-1.17.17.tgz 0ms (cache hit)
919 http cache @types/html-minifier-terser@https://registry.npmjs.org/@types/html-minifier-terser/-/html-minifier-terser-6.1.0.tgz 0ms (cache hit)
920 http cache @types/express-serve-static-core@https://registry.npmjs.org/@types/express-serve-static-core/-/express-serve-static-core-5.1.0.tgz 0ms (cache hit)
921 http cache @types/express@https://registry.npmjs.org/@types/express/-/express-4.17.25.tgz 0ms (cache hit)
922 http cache @types/estree@https://registry.npmjs.org/@types/estree/-/estree-1.0.8.tgz 0ms (cache hit)
923 http cache @types/eslint-scope@https://registry.npmjs.org/@types/eslint-scope/-/eslint-scope-3.7.7.tgz 0ms (cache hit)
924 http cache @types/eslint@https://registry.npmjs.org/@types/eslint/-/eslint-8.56.12.tgz 0ms (cache hit)
925 http cache @types/connect@https://registry.npmjs.org/@types/connect/-/connect-3.4.38.tgz 0ms (cache hit)
926 http cache @trysound/sax@https://registry.npmjs.org/@trysound/sax/-/sax-0.2.0.tgz 0ms (cache hit)
927 http cache @types/connect-history-api-fallback@https://registry.npmjs.org/@types/connect-history-api-fallback/-/connect-history-api-fallback-1.5.4.tgz 0ms (cache hit)
928 http cache @types/bonjour@https://registry.npmjs.org/@types/bonjour/-/bonjour-3.5.13.tgz 0ms (cache hit)
929 http cache @types/body-parser@https://registry.npmjs.org/@types/body-parser/-/body-parser-1.19.6.tgz 0ms (cache hit)
930 http cache @tootallnate/once@https://registry.npmjs.org/@tootallnate/once/-/once-2.0.0.tgz 0ms (cache hit)
931 http cache @types/aria-query@https://registry.npmjs.org/@types/aria-query/-/aria-query-5.0.4.tgz 0ms (cache hit)
932 http cache @soda/get-current-script@https://registry.npmjs.org/@soda/get-current-script/-/get-current-script-1.0.2.tgz 0ms (cache hit)
933 http cache @testing-library/vue@https://registry.npmjs.org/@testing-library/vue/-/vue-8.1.0.tgz 0ms (cache hit)
934 http cache @testing-library/dom@https://registry.npmjs.org/@testing-library/dom/-/dom-9.3.4.tgz 0ms (cache hit)
935 http cache @soda/friendly-errors-webpack-plugin@https://registry.npmjs.org/@soda/friendly-errors-webpack-plugin/-/friendly-errors-webpack-plugin-1.8.1.tgz 0ms (cache hit)
936 http cache @sinonjs/commons@https://registry.npmjs.org/@sinonjs/commons/-/commons-3.0.1.tgz 0ms (cache hit)
937 http cache @sinonjs/fake-timers@https://registry.npmjs.org/@sinonjs/fake-timers/-/fake-timers-13.0.5.tgz 0ms (cache hit)
938 http cache @sideway/formula@https://registry.npmjs.org/@sideway/formula/-/formula-3.0.1.tgz 0ms (cache hit)
939 http cache @sideway/pinpoint@https://registry.npmjs.org/@sideway/pinpoint/-/pinpoint-2.0.0.tgz 0ms (cache hit)
940 http cache @sideway/address@https://registry.npmjs.org/@sideway/address/-/address-4.1.5.tgz 0ms (cache hit)
941 http cache @rollup/rollup-win32-x64-msvc@https://registry.npmjs.org/@rollup/rollup-win32-x64-msvc/-/rollup-win32-x64-msvc-4.57.1.tgz 0ms (cache hit)
942 http cache @rollup/rollup-win32-x64-gnu@https://registry.npmjs.org/@rollup/rollup-win32-x64-gnu/-/rollup-win32-x64-gnu-4.57.1.tgz 0ms (cache hit)
943 http cache @pkgjs/parseargs@https://registry.npmjs.org/@pkgjs/parseargs/-/parseargs-0.11.0.tgz 0ms (cache hit)
944 http cache @sinclair/typebox@https://registry.npmjs.org/@sinclair/typebox/-/typebox-0.34.48.tgz 0ms (cache hit)
945 http cache @polka/url@https://registry.npmjs.org/@polka/url/-/url-1.0.0-next.29.tgz 0ms (cache hit)
946 http cache @pdf-lib/upng@https://registry.npmjs.org/@pdf-lib/upng/-/upng-1.0.1.tgz 0ms (cache hit)
947 http cache @pdf-lib/standard-fonts@https://registry.npmjs.org/@pdf-lib/standard-fonts/-/standard-fonts-1.0.0.tgz 0ms (cache hit)
948 http cache @pdf-lib/fontkit@https://registry.npmjs.org/@pdf-lib/fontkit/-/fontkit-1.1.1.tgz 0ms (cache hit)
949 http cache @one-ini/wasm@https://registry.npmjs.org/@one-ini/wasm/-/wasm-0.1.1.tgz 0ms (cache hit)
950 http cache @open-draft/logger@https://registry.npmjs.org/@open-draft/logger/-/logger-0.3.0.tgz 0ms (cache hit)
951 http cache @open-draft/until@https://registry.npmjs.org/@open-draft/until/-/until-2.1.0.tgz 0ms (cache hit)
952 http cache @open-draft/deferred-promise@https://registry.npmjs.org/@open-draft/deferred-promise/-/deferred-promise-2.2.0.tgz 0ms (cache hit)
953 http cache @node-ipc/js-queue@https://registry.npmjs.org/@node-ipc/js-queue/-/js-queue-2.0.3.tgz 0ms (cache hit)
954 http cache @mswjs/interceptors@https://registry.npmjs.org/@mswjs/interceptors/-/interceptors-0.41.2.tgz 0ms (cache hit)
955 http cache @leichtgewicht/ip-codec@https://registry.npmjs.org/@leichtgewicht/ip-codec/-/ip-codec-2.0.5.tgz 0ms (cache hit)
956 http cache @nodelib/fs.stat@https://registry.npmjs.org/@nodelib/fs.stat/-/fs.stat-2.0.5.tgz 0ms (cache hit)
957 http cache @nodelib/fs.walk@https://registry.npmjs.org/@nodelib/fs.walk/-/fs.walk-1.2.8.tgz 0ms (cache hit)
958 http cache @nodelib/fs.scandir@https://registry.npmjs.org/@nodelib/fs.scandir/-/fs.scandir-2.1.5.tgz 0ms (cache hit)
959 http cache @jridgewell/trace-mapping@https://registry.npmjs.org/@jridgewell/trace-mapping/-/trace-mapping-0.3.31.tgz 0ms (cache hit)
960 http cache @jridgewell/sourcemap-codec@https://registry.npmjs.org/@jridgewell/sourcemap-codec/-/sourcemap-codec-1.5.5.tgz 0ms (cache hit)
961 http cache @jridgewell/source-map@https://registry.npmjs.org/@jridgewell/source-map/-/source-map-0.3.11.tgz 0ms (cache hit)
962 http cache @jridgewell/resolve-uri@https://registry.npmjs.org/@jridgewell/resolve-uri/-/resolve-uri-3.1.2.tgz 0ms (cache hit)
963 http cache @jest/types@https://registry.npmjs.org/@jest/types/-/types-30.2.0.tgz 0ms (cache hit)
964 http cache @jridgewell/remapping@https://registry.npmjs.org/@jridgewell/remapping/-/remapping-2.3.5.tgz 0ms (cache hit)
965 http cache @jridgewell/gen-mapping@https://registry.npmjs.org/@jridgewell/gen-mapping/-/gen-mapping-0.3.13.tgz 0ms (cache hit)
966 http cache @jest/schemas@https://registry.npmjs.org/@jest/schemas/-/schemas-30.0.5.tgz 0ms (cache hit)
967 http cache @jest/pattern@https://registry.npmjs.org/@jest/pattern/-/pattern-30.0.1.tgz 0ms (cache hit)
968 http cache @jest/fake-timers@https://registry.npmjs.org/@jest/fake-timers/-/fake-timers-30.2.0.tgz 0ms (cache hit)
969 http cache @istanbuljs/schema@https://registry.npmjs.org/@istanbuljs/schema/-/schema-0.1.3.tgz 0ms (cache hit)
970 http cache @jest/environment-jsdom-abstract@https://registry.npmjs.org/@jest/environment-jsdom-abstract/-/environment-jsdom-abstract-30.2.0.tgz 1ms (cache hit)
971 http cache @jest/environment@https://registry.npmjs.org/@jest/environment/-/environment-30.2.0.tgz 0ms (cache hit)
972 http cache @isaacs/cliui@https://registry.npmjs.org/@isaacs/cliui/-/cliui-8.0.2.tgz 0ms (cache hit)
973 http cache @inquirer/type@https://registry.npmjs.org/@inquirer/type/-/type-3.0.10.tgz 0ms (cache hit)
974 http cache @inquirer/figures@https://registry.npmjs.org/@inquirer/figures/-/figures-1.0.15.tgz 0ms (cache hit)
975 http cache @intlify/message-compiler@https://registry.npmjs.org/@intlify/message-compiler/-/message-compiler-9.14.5.tgz 0ms (cache hit)
976 http cache @intlify/shared@https://registry.npmjs.org/@intlify/shared/-/shared-9.14.5.tgz 0ms (cache hit)
977 http cache @intlify/core-base@https://registry.npmjs.org/@intlify/core-base/-/core-base-9.14.5.tgz 0ms (cache hit)
978 http cache @humanwhocodes/object-schema@https://registry.npmjs.org/@humanwhocodes/object-schema/-/object-schema-1.2.1.tgz 0ms (cache hit)
979 http cache @humanwhocodes/config-array@https://registry.npmjs.org/@humanwhocodes/config-array/-/config-array-0.5.0.tgz 0ms (cache hit)
980 http cache @inquirer/core@https://registry.npmjs.org/@inquirer/core/-/core-10.3.2.tgz 0ms (cache hit)
981 http cache @hapi/topo@https://registry.npmjs.org/@hapi/topo/-/topo-5.1.0.tgz 0ms (cache hit)
982 http cache @inquirer/ansi@https://registry.npmjs.org/@inquirer/ansi/-/ansi-1.0.2.tgz 0ms (cache hit)
983 http cache @inquirer/confirm@https://registry.npmjs.org/@inquirer/confirm/-/confirm-5.1.21.tgz 0ms (cache hit)
984 http cache @hapi/hoek@https://registry.npmjs.org/@hapi/hoek/-/hoek-9.3.0.tgz 0ms (cache hit)
985 http cache @eslint/eslintrc@https://registry.npmjs.org/@eslint/eslintrc/-/eslintrc-0.4.3.tgz 0ms (cache hit)
986 http cache @discoveryjs/json-ext@https://registry.npmjs.org/@discoveryjs/json-ext/-/json-ext-0.5.7.tgz 0ms (cache hit)
987 http cache @esbuild/win32-x64@https://registry.npmjs.org/@esbuild/win32-x64/-/win32-x64-0.21.5.tgz 0ms (cache hit)
988 http cache @csstools/css-tokenizer@https://registry.npmjs.org/@csstools/css-tokenizer/-/css-tokenizer-3.0.4.tgz 0ms (cache hit)
989 http cache @csstools/css-color-parser@https://registry.npmjs.org/@csstools/css-color-parser/-/css-color-parser-3.1.0.tgz 0ms (cache hit)
990 http cache @bcoe/v8-coverage@https://registry.npmjs.org/@bcoe/v8-coverage/-/v8-coverage-0.2.3.tgz 0ms (cache hit)
991 http cache @csstools/css-parser-algorithms@https://registry.npmjs.org/@csstools/css-parser-algorithms/-/css-parser-algorithms-3.0.5.tgz 0ms (cache hit)
992 http cache @csstools/css-calc@https://registry.npmjs.org/@csstools/css-calc/-/css-calc-2.1.4.tgz 0ms (cache hit)
993 http cache @csstools/color-helpers@https://registry.npmjs.org/@csstools/color-helpers/-/color-helpers-5.1.0.tgz 0ms (cache hit)
994 http cache @babel/types@https://registry.npmjs.org/@babel/types/-/types-7.29.0.tgz 0ms (cache hit)
995 http cache @babel/traverse@https://registry.npmjs.org/@babel/traverse/-/traverse-7.29.0.tgz 0ms (cache hit)
996 http cache @babel/template@https://registry.npmjs.org/@babel/template/-/template-7.28.6.tgz 0ms (cache hit)
997 http cache @babel/runtime@https://registry.npmjs.org/@babel/runtime/-/runtime-7.28.6.tgz 0ms (cache hit)
998 http cache @babel/preset-modules@https://registry.npmjs.org/@babel/preset-modules/-/preset-modules-0.1.6-no-external-plugins.tgz 0ms (cache hit)
999 http cache @babel/preset-env@https://registry.npmjs.org/@babel/preset-env/-/preset-env-7.29.0.tgz 0ms (cache hit)
1000 http cache @babel/plugin-transform-unicode-sets-regex@https://registry.npmjs.org/@babel/plugin-transform-unicode-sets-regex/-/plugin-transform-unicode-sets-regex-7.28.6.tgz 0ms (cache hit)
1001 http cache @babel/plugin-transform-unicode-regex@https://registry.npmjs.org/@babel/plugin-transform-unicode-regex/-/plugin-transform-unicode-regex-7.27.1.tgz 0ms (cache hit)
1002 http cache @babel/plugin-transform-unicode-property-regex@https://registry.npmjs.org/@babel/plugin-transform-unicode-property-regex/-/plugin-transform-unicode-property-regex-7.28.6.tgz 0ms (cache hit)
1003 http cache @babel/plugin-transform-unicode-escapes@https://registry.npmjs.org/@babel/plugin-transform-unicode-escapes/-/plugin-transform-unicode-escapes-7.27.1.tgz 0ms (cache hit)
1004 http cache @babel/plugin-transform-typeof-symbol@https://registry.npmjs.org/@babel/plugin-transform-typeof-symbol/-/plugin-transform-typeof-symbol-7.27.1.tgz 0ms (cache hit)
1005 http cache @babel/plugin-transform-template-literals@https://registry.npmjs.org/@babel/plugin-transform-template-literals/-/plugin-transform-template-literals-7.27.1.tgz 0ms (cache hit)
1006 http cache @babel/plugin-transform-sticky-regex@https://registry.npmjs.org/@babel/plugin-transform-sticky-regex/-/plugin-transform-sticky-regex-7.27.1.tgz 0ms (cache hit)
1007 http cache @babel/plugin-transform-spread@https://registry.npmjs.org/@babel/plugin-transform-spread/-/plugin-transform-spread-7.28.6.tgz 0ms (cache hit)
1008 http cache @babel/plugin-transform-shorthand-properties@https://registry.npmjs.org/@babel/plugin-transform-shorthand-properties/-/plugin-transform-shorthand-properties-7.27.1.tgz 0ms (cache hit)
1009 http cache @babel/plugin-transform-runtime@https://registry.npmjs.org/@babel/plugin-transform-runtime/-/plugin-transform-runtime-7.29.0.tgz 0ms (cache hit)
1010 http cache @babel/plugin-transform-reserved-words@https://registry.npmjs.org/@babel/plugin-transform-reserved-words/-/plugin-transform-reserved-words-7.27.1.tgz 0ms (cache hit)
1011 http cache @babel/plugin-transform-regexp-modifiers@https://registry.npmjs.org/@babel/plugin-transform-regexp-modifiers/-/plugin-transform-regexp-modifiers-7.28.6.tgz 0ms (cache hit)
1012 http cache @babel/plugin-transform-regenerator@https://registry.npmjs.org/@babel/plugin-transform-regenerator/-/plugin-transform-regenerator-7.29.0.tgz 0ms (cache hit)
1013 http cache @babel/plugin-transform-property-literals@https://registry.npmjs.org/@babel/plugin-transform-property-literals/-/plugin-transform-property-literals-7.27.1.tgz 0ms (cache hit)
1014 http cache @babel/plugin-transform-private-property-in-object@https://registry.npmjs.org/@babel/plugin-transform-private-property-in-object/-/plugin-transform-private-property-in-object-7.28.6.tgz 0ms (cache hit)
1015 http cache @babel/plugin-transform-private-methods@https://registry.npmjs.org/@babel/plugin-transform-private-methods/-/plugin-transform-private-methods-7.28.6.tgz 0ms (cache hit)
1016 http cache @babel/plugin-transform-optional-chaining@https://registry.npmjs.org/@babel/plugin-transform-optional-chaining/-/plugin-transform-optional-chaining-7.28.6.tgz 0ms (cache hit)
1017 http cache @babel/plugin-transform-parameters@https://registry.npmjs.org/@babel/plugin-transform-parameters/-/plugin-transform-parameters-7.27.7.tgz 0ms (cache hit)
1018 http cache @babel/plugin-transform-optional-catch-binding@https://registry.npmjs.org/@babel/plugin-transform-optional-catch-binding/-/plugin-transform-optional-catch-binding-7.28.6.tgz 0ms (cache hit)
1019 http cache @babel/plugin-transform-object-super@https://registry.npmjs.org/@babel/plugin-transform-object-super/-/plugin-transform-object-super-7.27.1.tgz 0ms (cache hit)
1020 http cache @babel/plugin-transform-object-rest-spread@https://registry.npmjs.org/@babel/plugin-transform-object-rest-spread/-/plugin-transform-object-rest-spread-7.28.6.tgz 0ms (cache hit)
1021 http cache @babel/plugin-transform-numeric-separator@https://registry.npmjs.org/@babel/plugin-transform-numeric-separator/-/plugin-transform-numeric-separator-7.28.6.tgz 0ms (cache hit)
1022 http cache @babel/plugin-transform-new-target@https://registry.npmjs.org/@babel/plugin-transform-new-target/-/plugin-transform-new-target-7.27.1.tgz 0ms (cache hit)
1023 http cache @babel/plugin-transform-named-capturing-groups-regex@https://registry.npmjs.org/@babel/plugin-transform-named-capturing-groups-regex/-/plugin-transform-named-capturing-groups-regex-7.29.0.tgz 0ms (cache hit)
1024 http cache @babel/plugin-transform-modules-umd@https://registry.npmjs.org/@babel/plugin-transform-modules-umd/-/plugin-transform-modules-umd-7.27.1.tgz 0ms (cache hit)
1025 http cache @babel/plugin-transform-modules-systemjs@https://registry.npmjs.org/@babel/plugin-transform-modules-systemjs/-/plugin-transform-modules-systemjs-7.29.0.tgz 0ms (cache hit)
1026 http cache @babel/plugin-transform-nullish-coalescing-operator@https://registry.npmjs.org/@babel/plugin-transform-nullish-coalescing-operator/-/plugin-transform-nullish-coalescing-operator-7.28.6.tgz 0ms (cache hit)
1027 http cache @babel/plugin-transform-modules-commonjs@https://registry.npmjs.org/@babel/plugin-transform-modules-commonjs/-/plugin-transform-modules-commonjs-7.28.6.tgz 0ms (cache hit)
1028 http cache @babel/plugin-transform-modules-amd@https://registry.npmjs.org/@babel/plugin-transform-modules-amd/-/plugin-transform-modules-amd-7.27.1.tgz 0ms (cache hit)
1029 http cache @babel/plugin-transform-member-expression-literals@https://registry.npmjs.org/@babel/plugin-transform-member-expression-literals/-/plugin-transform-member-expression-literals-7.27.1.tgz 0ms (cache hit)
1030 http cache @babel/plugin-transform-literals@https://registry.npmjs.org/@babel/plugin-transform-literals/-/plugin-transform-literals-7.27.1.tgz 0ms (cache hit)
1031 http cache @babel/plugin-transform-json-strings@https://registry.npmjs.org/@babel/plugin-transform-json-strings/-/plugin-transform-json-strings-7.28.6.tgz 0ms (cache hit)
1032 http cache @babel/plugin-transform-function-name@https://registry.npmjs.org/@babel/plugin-transform-function-name/-/plugin-transform-function-name-7.27.1.tgz 0ms (cache hit)
1033 http cache @babel/plugin-transform-for-of@https://registry.npmjs.org/@babel/plugin-transform-for-of/-/plugin-transform-for-of-7.27.1.tgz 0ms (cache hit)
1034 http cache @babel/plugin-transform-export-namespace-from@https://registry.npmjs.org/@babel/plugin-transform-export-namespace-from/-/plugin-transform-export-namespace-from-7.27.1.tgz 0ms (cache hit)
1035 http cache @babel/plugin-transform-logical-assignment-operators@https://registry.npmjs.org/@babel/plugin-transform-logical-assignment-operators/-/plugin-transform-logical-assignment-operators-7.28.6.tgz 0ms (cache hit)
1036 http cache @babel/plugin-transform-explicit-resource-management@https://registry.npmjs.org/@babel/plugin-transform-explicit-resource-management/-/plugin-transform-explicit-resource-management-7.28.6.tgz 0ms (cache hit)
1037 http cache @babel/plugin-transform-dynamic-import@https://registry.npmjs.org/@babel/plugin-transform-dynamic-import/-/plugin-transform-dynamic-import-7.27.1.tgz 0ms (cache hit)
1038 http cache @babel/plugin-transform-exponentiation-operator@https://registry.npmjs.org/@babel/plugin-transform-exponentiation-operator/-/plugin-transform-exponentiation-operator-7.28.6.tgz 0ms (cache hit)
1039 http cache @babel/plugin-transform-duplicate-keys@https://registry.npmjs.org/@babel/plugin-transform-duplicate-keys/-/plugin-transform-duplicate-keys-7.27.1.tgz 0ms (cache hit)
1040 http cache @babel/plugin-transform-duplicate-named-capturing-groups-regex@https://registry.npmjs.org/@babel/plugin-transform-duplicate-named-capturing-groups-regex/-/plugin-transform-duplicate-named-capturing-groups-regex-7.29.0.tgz 0ms (cache hit)
1041 http cache @babel/plugin-transform-dotall-regex@https://registry.npmjs.org/@babel/plugin-transform-dotall-regex/-/plugin-transform-dotall-regex-7.28.6.tgz 0ms (cache hit)
1042 http cache @babel/plugin-transform-computed-properties@https://registry.npmjs.org/@babel/plugin-transform-computed-properties/-/plugin-transform-computed-properties-7.28.6.tgz 0ms (cache hit)
1043 http cache @babel/plugin-transform-destructuring@https://registry.npmjs.org/@babel/plugin-transform-destructuring/-/plugin-transform-destructuring-7.28.5.tgz 0ms (cache hit)
1044 http cache @babel/plugin-transform-classes@https://registry.npmjs.org/@babel/plugin-transform-classes/-/plugin-transform-classes-7.28.6.tgz 0ms (cache hit)
1045 http cache @babel/plugin-transform-class-properties@https://registry.npmjs.org/@babel/plugin-transform-class-properties/-/plugin-transform-class-properties-7.28.6.tgz 0ms (cache hit)
1046 http cache @babel/plugin-transform-class-static-block@https://registry.npmjs.org/@babel/plugin-transform-class-static-block/-/plugin-transform-class-static-block-7.28.6.tgz 0ms (cache hit)
1047 http cache @babel/plugin-transform-block-scoping@https://registry.npmjs.org/@babel/plugin-transform-block-scoping/-/plugin-transform-block-scoping-7.28.6.tgz 0ms (cache hit)
1048 http cache @babel/plugin-transform-block-scoped-functions@https://registry.npmjs.org/@babel/plugin-transform-block-scoped-functions/-/plugin-transform-block-scoped-functions-7.27.1.tgz 0ms (cache hit)
1049 http cache @babel/plugin-transform-async-to-generator@https://registry.npmjs.org/@babel/plugin-transform-async-to-generator/-/plugin-transform-async-to-generator-7.28.6.tgz 0ms (cache hit)
1050 http cache @babel/plugin-transform-async-generator-functions@https://registry.npmjs.org/@babel/plugin-transform-async-generator-functions/-/plugin-transform-async-generator-functions-7.29.0.tgz 0ms (cache hit)
1051 http cache @babel/plugin-transform-arrow-functions@https://registry.npmjs.org/@babel/plugin-transform-arrow-functions/-/plugin-transform-arrow-functions-7.27.1.tgz 0ms (cache hit)
1052 http cache @babel/plugin-syntax-unicode-sets-regex@https://registry.npmjs.org/@babel/plugin-syntax-unicode-sets-regex/-/plugin-syntax-unicode-sets-regex-7.18.6.tgz 0ms (cache hit)
1053 http cache @babel/plugin-syntax-jsx@https://registry.npmjs.org/@babel/plugin-syntax-jsx/-/plugin-syntax-jsx-7.28.6.tgz 0ms (cache hit)
1054 http cache @babel/plugin-syntax-import-assertions@https://registry.npmjs.org/@babel/plugin-syntax-import-assertions/-/plugin-syntax-import-assertions-7.28.6.tgz 0ms (cache hit)
1055 http cache @babel/plugin-syntax-import-attributes@https://registry.npmjs.org/@babel/plugin-syntax-import-attributes/-/plugin-syntax-import-attributes-7.28.6.tgz 0ms (cache hit)
1056 http cache @babel/plugin-syntax-decorators@https://registry.npmjs.org/@babel/plugin-syntax-decorators/-/plugin-syntax-decorators-7.28.6.tgz 0ms (cache hit)
1057 http cache @babel/plugin-syntax-dynamic-import@https://registry.npmjs.org/@babel/plugin-syntax-dynamic-import/-/plugin-syntax-dynamic-import-7.8.3.tgz 0ms (cache hit)
1058 http cache @babel/plugin-proposal-decorators@https://registry.npmjs.org/@babel/plugin-proposal-decorators/-/plugin-proposal-decorators-7.29.0.tgz 0ms (cache hit)
1059 http cache @babel/plugin-proposal-private-property-in-object@https://registry.npmjs.org/@babel/plugin-proposal-private-property-in-object/-/plugin-proposal-private-property-in-object-7.21.0-placeholder-for-preset-env.2.tgz 0ms (cache hit)
1060 http cache @babel/plugin-proposal-class-properties@https://registry.npmjs.org/@babel/plugin-proposal-class-properties/-/plugin-proposal-class-properties-7.18.6.tgz 0ms (cache hit)
1061 http cache @babel/plugin-bugfix-v8-static-class-fields-redefine-readonly@https://registry.npmjs.org/@babel/plugin-bugfix-v8-static-class-fields-redefine-readonly/-/plugin-bugfix-v8-static-class-fields-redefine-readonly-7.28.6.tgz 0ms (cache hit)
1062 http cache @babel/plugin-bugfix-v8-spread-parameters-in-optional-chaining@https://registry.npmjs.org/@babel/plugin-bugfix-v8-spread-parameters-in-optional-chaining/-/plugin-bugfix-v8-spread-parameters-in-optional-chaining-7.27.1.tgz 0ms (cache hit)
1063 http cache @babel/plugin-bugfix-safari-id-destructuring-collision-in-function-expression@https://registry.npmjs.org/@babel/plugin-bugfix-safari-id-destructuring-collision-in-function-expression/-/plugin-bugfix-safari-id-destructuring-collision-in-function-expression-7.27.1.tgz 0ms (cache hit)
1064 http cache @babel/plugin-bugfix-safari-class-field-initializer-scope@https://registry.npmjs.org/@babel/plugin-bugfix-safari-class-field-initializer-scope/-/plugin-bugfix-safari-class-field-initializer-scope-7.27.1.tgz 0ms (cache hit)
1065 http cache @babel/parser@https://registry.npmjs.org/@babel/parser/-/parser-7.29.0.tgz 0ms (cache hit)
1066 http cache @babel/highlight@https://registry.npmjs.org/@babel/highlight/-/highlight-7.25.9.tgz 0ms (cache hit)
1067 http cache @babel/plugin-bugfix-firefox-class-in-computed-class-key@https://registry.npmjs.org/@babel/plugin-bugfix-firefox-class-in-computed-class-key/-/plugin-bugfix-firefox-class-in-computed-class-key-7.28.5.tgz 0ms (cache hit)
1068 http cache @babel/helper-wrap-function@https://registry.npmjs.org/@babel/helper-wrap-function/-/helper-wrap-function-7.28.6.tgz 0ms (cache hit)
1069 http cache @babel/helper-validator-option@https://registry.npmjs.org/@babel/helper-validator-option/-/helper-validator-option-7.27.1.tgz 0ms (cache hit)
1070 http cache @babel/helper-validator-identifier@https://registry.npmjs.org/@babel/helper-validator-identifier/-/helper-validator-identifier-7.28.5.tgz 0ms (cache hit)
1071 http cache @babel/helpers@https://registry.npmjs.org/@babel/helpers/-/helpers-7.28.4.tgz 0ms (cache hit)
1072 http cache @babel/helper-string-parser@https://registry.npmjs.org/@babel/helper-string-parser/-/helper-string-parser-7.27.1.tgz 0ms (cache hit)
1073 http cache @babel/helper-skip-transparent-expression-wrappers@https://registry.npmjs.org/@babel/helper-skip-transparent-expression-wrappers/-/helper-skip-transparent-expression-wrappers-7.27.1.tgz 0ms (cache hit)
1074 http cache @babel/helper-replace-supers@https://registry.npmjs.org/@babel/helper-replace-supers/-/helper-replace-supers-7.28.6.tgz 0ms (cache hit)
1075 http cache @babel/helper-plugin-utils@https://registry.npmjs.org/@babel/helper-plugin-utils/-/helper-plugin-utils-7.28.6.tgz 0ms (cache hit)
1076 http cache @babel/helper-module-transforms@https://registry.npmjs.org/@babel/helper-module-transforms/-/helper-module-transforms-7.28.6.tgz 0ms (cache hit)
1077 http cache @babel/helper-optimise-call-expression@https://registry.npmjs.org/@babel/helper-optimise-call-expression/-/helper-optimise-call-expression-7.27.1.tgz 0ms (cache hit)
1078 http cache @babel/helper-remap-async-to-generator@https://registry.npmjs.org/@babel/helper-remap-async-to-generator/-/helper-remap-async-to-generator-7.27.1.tgz 0ms (cache hit)
1079 http cache @babel/helper-module-imports@https://registry.npmjs.org/@babel/helper-module-imports/-/helper-module-imports-7.28.6.tgz 0ms (cache hit)
1080 http cache @babel/helper-member-expression-to-functions@https://registry.npmjs.org/@babel/helper-member-expression-to-functions/-/helper-member-expression-to-functions-7.28.5.tgz 0ms (cache hit)
1081 http cache @babel/helper-globals@https://registry.npmjs.org/@babel/helper-globals/-/helper-globals-7.28.0.tgz 0ms (cache hit)
1082 http cache @babel/helper-define-polyfill-provider@https://registry.npmjs.org/@babel/helper-define-polyfill-provider/-/helper-define-polyfill-provider-0.6.6.tgz 0ms (cache hit)
1083 http cache @babel/helper-create-regexp-features-plugin@https://registry.npmjs.org/@babel/helper-create-regexp-features-plugin/-/helper-create-regexp-features-plugin-7.28.5.tgz 0ms (cache hit)
1084 http cache @babel/helper-compilation-targets@https://registry.npmjs.org/@babel/helper-compilation-targets/-/helper-compilation-targets-7.28.6.tgz 0ms (cache hit)
1085 http cache @babel/helper-create-class-features-plugin@https://registry.npmjs.org/@babel/helper-create-class-features-plugin/-/helper-create-class-features-plugin-7.28.6.tgz 0ms (cache hit)
1086 http cache @babel/generator@https://registry.npmjs.org/@babel/generator/-/generator-7.29.1.tgz 0ms (cache hit)
1087 http cache @babel/helper-annotate-as-pure@https://registry.npmjs.org/@babel/helper-annotate-as-pure/-/helper-annotate-as-pure-7.27.3.tgz 0ms (cache hit)
1088 http cache @asamuzakjp/css-color@https://registry.npmjs.org/@asamuzakjp/css-color/-/css-color-3.2.0.tgz 0ms (cache hit)
1089 http cache @ampproject/remapping@https://registry.npmjs.org/@ampproject/remapping/-/remapping-2.3.0.tgz 0ms (cache hit)
1090 http cache @achrinza/node-ipc@https://registry.npmjs.org/@achrinza/node-ipc/-/node-ipc-9.2.9.tgz 0ms (cache hit)
1091 http cache @babel/compat-data@https://registry.npmjs.org/@babel/compat-data/-/compat-data-7.29.0.tgz 0ms (cache hit)
1092 http cache @babel/code-frame@https://registry.npmjs.org/@babel/code-frame/-/code-frame-7.29.0.tgz 0ms (cache hit)
1093 http cache @babel/core@https://registry.npmjs.org/@babel/core/-/core-7.28.5.tgz 0ms (cache hit)
1094 http cache yallist@https://registry.npmjs.org/yallist/-/yallist-2.1.2.tgz 0ms (cache hit)
1095 http cache normalize-path@https://registry.npmjs.org/normalize-path/-/normalize-path-1.0.0.tgz 0ms (cache hit)
1096 http cache lru-cache@https://registry.npmjs.org/lru-cache/-/lru-cache-4.1.5.tgz 0ms (cache hit)
1097 http cache iconv-lite@https://registry.npmjs.org/iconv-lite/-/iconv-lite-0.6.3.tgz 0ms (cache hit)
1098 http cache get-stream@https://registry.npmjs.org/get-stream/-/get-stream-3.0.0.tgz 0ms (cache hit)
1099 http cache execa@https://registry.npmjs.org/execa/-/execa-0.8.0.tgz 0ms (cache hit)
1100 http cache cross-spawn@https://registry.npmjs.org/cross-spawn/-/cross-spawn-5.1.0.tgz 0ms (cache hit)
1101 http cache ws@https://registry.npmjs.org/ws/-/ws-8.18.3.tgz 0ms (cache hit)
1102 http cache schema-utils@https://registry.npmjs.org/schema-utils/-/schema-utils-4.3.3.tgz 0ms (cache hit)
1103 http cache json-schema-traverse@https://registry.npmjs.org/json-schema-traverse/-/json-schema-traverse-1.0.0.tgz 0ms (cache hit)
1104 http cache schema-utils@https://registry.npmjs.org/schema-utils/-/schema-utils-4.3.3.tgz 0ms (cache hit)
1105 http cache escape-string-regexp@https://registry.npmjs.org/escape-string-regexp/-/escape-string-regexp-4.0.0.tgz 0ms (cache hit)
1106 http cache commander@https://registry.npmjs.org/commander/-/commander-7.2.0.tgz 0ms (cache hit)
1107 http cache json-schema-traverse@https://registry.npmjs.org/json-schema-traverse/-/json-schema-traverse-1.0.0.tgz 0ms (cache hit)
1108 http cache ajv@https://registry.npmjs.org/ajv/-/ajv-8.17.1.tgz 0ms (cache hit)
1109 http cache watchpack@https://registry.npmjs.org/watchpack/-/watchpack-2.5.1.tgz 0ms (cache hit)
1110 http cache ajv-keywords@https://registry.npmjs.org/ajv-keywords/-/ajv-keywords-5.1.0.tgz 0ms (cache hit)
1111 http cache json-schema-traverse@https://registry.npmjs.org/json-schema-traverse/-/json-schema-traverse-1.0.0.tgz 0ms (cache hit)
1112 http cache schema-utils@https://registry.npmjs.org/schema-utils/-/schema-utils-4.3.3.tgz 0ms (cache hit)
1113 http cache hash-sum@https://registry.npmjs.org/hash-sum/-/hash-sum-1.0.2.tgz 0ms (cache hit)
1114 http cache chalk@https://registry.npmjs.org/chalk/-/chalk-4.1.2.tgz 0ms (cache hit)
1115 http cache ajv-keywords@https://registry.npmjs.org/ajv-keywords/-/ajv-keywords-5.1.0.tgz 0ms (cache hit)
1116 http cache ajv-keywords@https://registry.npmjs.org/ajv-keywords/-/ajv-keywords-5.1.0.tgz 0ms (cache hit)
1117 http cache semver@https://registry.npmjs.org/semver/-/semver-7.7.3.tgz 0ms (cache hit)
1118 http cache which@https://registry.npmjs.org/which/-/which-2.0.2.tgz 0ms (cache hit)
1119 http cache estraverse@https://registry.npmjs.org/estraverse/-/estraverse-5.3.0.tgz 0ms (cache hit)
1120 http cache ajv@https://registry.npmjs.org/ajv/-/ajv-8.17.1.tgz 0ms (cache hit)
1121 http cache strip-final-newline@https://registry.npmjs.org/strip-final-newline/-/strip-final-newline-3.0.0.tgz 0ms (cache hit)
1122 http cache espree@https://registry.npmjs.org/espree/-/espree-9.6.1.tgz 0ms (cache hit)
1123 http cache shebang-command@https://registry.npmjs.org/shebang-command/-/shebang-command-2.0.0.tgz 0ms (cache hit)
1124 http cache shebang-regex@https://registry.npmjs.org/shebang-regex/-/shebang-regex-3.0.0.tgz 0ms (cache hit)
1125 http cache eslint-scope@https://registry.npmjs.org/eslint-scope/-/eslint-scope-7.2.2.tgz 0ms (cache hit)
1126 http cache ajv@https://registry.npmjs.org/ajv/-/ajv-8.17.1.tgz 0ms (cache hit)
1127 http cache eslint-visitor-keys@https://registry.npmjs.org/eslint-visitor-keys/-/eslint-visitor-keys-3.4.3.tgz 0ms (cache hit)
1128 http cache path-key@https://registry.npmjs.org/path-key/-/path-key-4.0.0.tgz 0ms (cache hit)
1129 http cache signal-exit@https://registry.npmjs.org/signal-exit/-/signal-exit-4.1.0.tgz 0ms (cache hit)
1130 http cache mimic-fn@https://registry.npmjs.org/mimic-fn/-/mimic-fn-4.0.0.tgz 0ms (cache hit)
1131 http cache path-key@https://registry.npmjs.org/path-key/-/path-key-3.1.1.tgz 0ms (cache hit)
1132 http cache is-stream@https://registry.npmjs.org/is-stream/-/is-stream-3.0.0.tgz 0ms (cache hit)
1133 http cache npm-run-path@https://registry.npmjs.org/npm-run-path/-/npm-run-path-5.3.0.tgz 0ms (cache hit)
1134 http cache universalify@https://registry.npmjs.org/universalify/-/universalify-0.2.0.tgz 0ms (cache hit)
1135 http cache schema-utils@https://registry.npmjs.org/schema-utils/-/schema-utils-3.3.0.tgz 0ms (cache hit)
1136 http cache human-signals@https://registry.npmjs.org/human-signals/-/human-signals-5.0.0.tgz 0ms (cache hit)
1137 http cache onetime@https://registry.npmjs.org/onetime/-/onetime-6.0.0.tgz 0ms (cache hit)
1138 http cache loader-utils@https://registry.npmjs.org/loader-utils/-/loader-utils-2.0.4.tgz 0ms (cache hit)
1139 http cache get-stream@https://registry.npmjs.org/get-stream/-/get-stream-8.0.1.tgz 0ms (cache hit)
1140 http cache cross-spawn@https://registry.npmjs.org/cross-spawn/-/cross-spawn-7.0.6.tgz 0ms (cache hit)
1141 http cache schema-utils@https://registry.npmjs.org/schema-utils/-/schema-utils-4.3.3.tgz 0ms (cache hit)
1142 http cache commander@https://registry.npmjs.org/commander/-/commander-2.20.3.tgz 0ms (cache hit)
1143 http cache json-schema-traverse@https://registry.npmjs.org/json-schema-traverse/-/json-schema-traverse-1.0.0.tgz 0ms (cache hit)
1144 http cache commander@https://registry.npmjs.org/commander/-/commander-7.2.0.tgz 0ms (cache hit)
1145 http cache ajv-keywords@https://registry.npmjs.org/ajv-keywords/-/ajv-keywords-5.1.0.tgz 0ms (cache hit)
1146 http cache ajv@https://registry.npmjs.org/ajv/-/ajv-8.17.1.tgz 0ms (cache hit)
1147 http cache ajv@https://registry.npmjs.org/ajv/-/ajv-8.17.1.tgz 0ms (cache hit)
1148 http cache json-schema-traverse@https://registry.npmjs.org/json-schema-traverse/-/json-schema-traverse-1.0.0.tgz 0ms (cache hit)
1149 http cache execa@https://registry.npmjs.org/execa/-/execa-8.0.1.tgz 0ms (cache hit)
1150 http cache escape-string-regexp@https://registry.npmjs.org/escape-string-regexp/-/escape-string-regexp-2.0.0.tgz 0ms (cache hit)
1151 http cache encodeurl@https://registry.npmjs.org/encodeurl/-/encodeurl-1.0.2.tgz 0ms (cache hit)
1152 http cache http-errors@https://registry.npmjs.org/http-errors/-/http-errors-2.0.0.tgz 0ms (cache hit)
1153 http cache statuses@https://registry.npmjs.org/statuses/-/statuses-2.0.1.tgz 0ms (cache hit)
1154 http cache statuses@https://registry.npmjs.org/statuses/-/statuses-1.5.0.tgz 0ms (cache hit)
1155 http cache ms@https://registry.npmjs.org/ms/-/ms-2.0.0.tgz 0ms (cache hit)
1156 http cache js-tokens@https://registry.npmjs.org/js-tokens/-/js-tokens-9.0.1.tgz 0ms (cache hit)
1157 http cache debug@https://registry.npmjs.org/debug/-/debug-2.6.9.tgz 0ms (cache hit)
1158 http cache send@https://registry.npmjs.org/send/-/send-0.19.0.tgz 0ms (cache hit)
1159 http cache setprototypeof@https://registry.npmjs.org/setprototypeof/-/setprototypeof-1.1.0.tgz 0ms (cache hit)
1160 http cache http-errors@https://registry.npmjs.org/http-errors/-/http-errors-2.0.0.tgz 0ms (cache hit)
1161 http cache http-errors@https://registry.npmjs.org/http-errors/-/http-errors-1.6.3.tgz 0ms (cache hit)
1162 http cache debug@https://registry.npmjs.org/debug/-/debug-2.6.9.tgz 0ms (cache hit)
1163 http cache statuses@https://registry.npmjs.org/statuses/-/statuses-2.0.1.tgz 0ms (cache hit)
1164 http cache inherits@https://registry.npmjs.org/inherits/-/inherits-2.0.3.tgz 0ms (cache hit)
1165 http cache type-fest@https://registry.npmjs.org/type-fest/-/type-fest-0.8.1.tgz 0ms (cache hit)
1166 http cache ipaddr.js@https://registry.npmjs.org/ipaddr.js/-/ipaddr.js-1.9.1.tgz 0ms (cache hit)
1167 http cache ms@https://registry.npmjs.org/ms/-/ms-2.0.0.tgz 0ms (cache hit)
1168 http cache depd@https://registry.npmjs.org/depd/-/depd-1.1.2.tgz 0ms (cache hit)
1169 http cache debug@https://registry.npmjs.org/debug/-/debug-2.6.9.tgz 0ms (cache hit)
1170 http cache ms@https://registry.npmjs.org/ms/-/ms-2.0.0.tgz 0ms (cache hit)
1171 http cache has-flag@https://registry.npmjs.org/has-flag/-/has-flag-3.0.0.tgz 0ms (cache hit)
1172 http cache color-name@https://registry.npmjs.org/color-name/-/color-name-1.1.3.tgz 0ms (cache hit)
1173 http cache color-convert@https://registry.npmjs.org/color-convert/-/color-convert-1.9.3.tgz 0ms (cache hit)
1174 http cache ansi-styles@https://registry.npmjs.org/ansi-styles/-/ansi-styles-5.2.0.tgz 0ms (cache hit)
1175 http cache semver@https://registry.npmjs.org/semver/-/semver-7.7.3.tgz 0ms (cache hit)
1176 http cache postcss-selector-parser@https://registry.npmjs.org/postcss-selector-parser/-/postcss-selector-parser-7.1.1.tgz 0ms (cache hit)
1177 http cache chalk@https://registry.npmjs.org/chalk/-/chalk-2.4.2.tgz 0ms (cache hit)
1178 http cache @vue/devtools-api@https://registry.npmjs.org/@vue/devtools-api/-/devtools-api-7.7.9.tgz 0ms (cache hit)
1179 http cache supports-color@https://registry.npmjs.org/supports-color/-/supports-color-5.5.0.tgz 0ms (cache hit)
1180 http cache ansi-styles@https://registry.npmjs.org/ansi-styles/-/ansi-styles-3.2.1.tgz 0ms (cache hit)
1181 http cache postcss-selector-parser@https://registry.npmjs.org/postcss-selector-parser/-/postcss-selector-parser-7.1.1.tgz 0ms (cache hit)
1182 http cache pathe@https://registry.npmjs.org/pathe/-/pathe-2.0.3.tgz 0ms (cache hit)
1183 http cache tslib@https://registry.npmjs.org/tslib/-/tslib-1.14.1.tgz 0ms (cache hit)
1184 http cache minipass@https://registry.npmjs.org/minipass/-/minipass-7.1.2.tgz 0ms (cache hit)
1185 http cache semver@https://registry.npmjs.org/semver/-/semver-5.7.2.tgz 0ms (cache hit)
1186 http cache lru-cache@https://registry.npmjs.org/lru-cache/-/lru-cache-10.4.3.tgz 0ms (cache hit)
1187 http cache parse5@https://registry.npmjs.org/parse5/-/parse5-6.0.1.tgz 0ms (cache hit)
1188 http cache chalk@https://registry.npmjs.org/chalk/-/chalk-4.1.2.tgz 0ms (cache hit)
1189 http cache yargs-parser@https://registry.npmjs.org/yargs-parser/-/yargs-parser-21.1.1.tgz 0ms (cache hit)
1190 http cache type-fest@https://registry.npmjs.org/type-fest/-/type-fest-5.4.3.tgz 0ms (cache hit)
1191 http cache tough-cookie@https://registry.npmjs.org/tough-cookie/-/tough-cookie-6.0.0.tgz 0ms (cache hit)
1192 http cache pathe@https://registry.npmjs.org/pathe/-/pathe-2.0.3.tgz 0ms (cache hit)
1193 http cache yargs@https://registry.npmjs.org/yargs/-/yargs-17.7.2.tgz 0ms (cache hit)
1194 http cache tldts-core@https://registry.npmjs.org/tldts-core/-/tldts-core-7.0.22.tgz 0ms (cache hit)
1195 http cache cookie@https://registry.npmjs.org/cookie/-/cookie-1.1.1.tgz 0ms (cache hit)
1196 http cache tldts@https://registry.npmjs.org/tldts/-/tldts-7.0.22.tgz 0ms (cache hit)
1197 http cache cliui@https://registry.npmjs.org/cliui/-/cliui-8.0.1.tgz 0ms (cache hit)
1198 http cache yallist@https://registry.npmjs.org/yallist/-/yallist-4.0.0.tgz 0ms (cache hit)
1199 http cache json-schema-traverse@https://registry.npmjs.org/json-schema-traverse/-/json-schema-traverse-1.0.0.tgz 0ms (cache hit)
1200 http cache path-to-regexp@https://registry.npmjs.org/path-to-regexp/-/path-to-regexp-6.3.0.tgz 0ms (cache hit)
1201 http cache wrap-ansi@https://registry.npmjs.org/wrap-ansi/-/wrap-ansi-3.0.1.tgz 0ms (cache hit)
1202 http cache strip-ansi@https://registry.npmjs.org/strip-ansi/-/strip-ansi-4.0.0.tgz 0ms (cache hit)
1203 http cache schema-utils@https://registry.npmjs.org/schema-utils/-/schema-utils-4.3.3.tgz 0ms (cache hit)
1204 http cache ajv@https://registry.npmjs.org/ajv/-/ajv-8.17.1.tgz 0ms (cache hit)
1205 http cache string-width@https://registry.npmjs.org/string-width/-/string-width-2.1.1.tgz 0ms (cache hit)
1206 http cache restore-cursor@https://registry.npmjs.org/restore-cursor/-/restore-cursor-2.0.0.tgz 0ms (cache hit)
1207 http cache ajv-keywords@https://registry.npmjs.org/ajv-keywords/-/ajv-keywords-5.1.0.tgz 0ms (cache hit)
1208 http cache onetime@https://registry.npmjs.org/onetime/-/onetime-2.0.1.tgz 0ms (cache hit)
1209 http cache mimic-fn@https://registry.npmjs.org/mimic-fn/-/mimic-fn-1.2.0.tgz 0ms (cache hit)
1210 http cache chalk@https://registry.npmjs.org/chalk/-/chalk-4.1.2.tgz 0ms (cache hit)
1211 http cache cli-cursor@https://registry.npmjs.org/cli-cursor/-/cli-cursor-2.1.0.tgz 0ms (cache hit)
1212 http cache json5@https://registry.npmjs.org/json5/-/json5-1.0.2.tgz 0ms (cache hit)
1213 http cache is-fullwidth-code-point@https://registry.npmjs.org/is-fullwidth-code-point/-/is-fullwidth-code-point-2.0.0.tgz 0ms (cache hit)
1214 http cache ws@https://registry.npmjs.org/ws/-/ws-8.19.0.tgz 0ms (cache hit)
1215 http cache ansi-regex@https://registry.npmjs.org/ansi-regex/-/ansi-regex-3.0.1.tgz 0ms (cache hit)
1216 http cache whatwg-url@https://registry.npmjs.org/whatwg-url/-/whatwg-url-12.0.1.tgz 0ms (cache hit)
1217 http cache webidl-conversions@https://registry.npmjs.org/webidl-conversions/-/webidl-conversions-7.0.0.tgz 0ms (cache hit)
1218 http cache parse5@https://registry.npmjs.org/parse5/-/parse5-7.3.0.tgz 0ms (cache hit)
1219 http cache entities@https://registry.npmjs.org/entities/-/entities-6.0.1.tgz 0ms (cache hit)
1220 http cache tr46@https://registry.npmjs.org/tr46/-/tr46-4.1.1.tgz 0ms (cache hit)
1221 http cache minimatch@https://registry.npmjs.org/minimatch/-/minimatch-9.0.5.tgz 0ms (cache hit)
1222 http cache supports-color@https://registry.npmjs.org/supports-color/-/supports-color-8.1.1.tgz 0ms (cache hit)
1223 http cache picomatch@https://registry.npmjs.org/picomatch/-/picomatch-4.0.3.tgz 0ms (cache hit)
1224 http cache minipass@https://registry.npmjs.org/minipass/-/minipass-7.1.2.tgz 0ms (cache hit)
1225 http cache ci-info@https://registry.npmjs.org/ci-info/-/ci-info-4.4.0.tgz 0ms (cache hit)
1226 http cache glob@https://registry.npmjs.org/glob/-/glob-10.5.0.tgz 0ms (cache hit)
1227 http cache chalk@https://registry.npmjs.org/chalk/-/chalk-4.1.2.tgz 0ms (cache hit)
1228 http cache brace-expansion@https://registry.npmjs.org/brace-expansion/-/brace-expansion-2.0.2.tgz 0ms (cache hit)
1229 http cache chalk@https://registry.npmjs.org/chalk/-/chalk-4.1.2.tgz 0ms (cache hit)
1230 http cache ws@https://registry.npmjs.org/ws/-/ws-8.19.0.tgz 0ms (cache hit)
1231 http cache whatwg-url@https://registry.npmjs.org/whatwg-url/-/whatwg-url-14.2.0.tgz 0ms (cache hit)
1232 http cache whatwg-encoding@https://registry.npmjs.org/whatwg-encoding/-/whatwg-encoding-3.1.1.tgz 0ms (cache hit)
1233 http cache webidl-conversions@https://registry.npmjs.org/webidl-conversions/-/webidl-conversions-7.0.0.tgz 0ms (cache hit)
1234 http cache tough-cookie@https://registry.npmjs.org/tough-cookie/-/tough-cookie-5.1.2.tgz 0ms (cache hit)
1235 http cache w3c-xmlserializer@https://registry.npmjs.org/w3c-xmlserializer/-/w3c-xmlserializer-5.0.0.tgz 0ms (cache hit)
1236 http cache whatwg-mimetype@https://registry.npmjs.org/whatwg-mimetype/-/whatwg-mimetype-4.0.0.tgz 0ms (cache hit)
1237 http cache tr46@https://registry.npmjs.org/tr46/-/tr46-5.1.1.tgz 0ms (cache hit)
1238 http cache rrweb-cssom@https://registry.npmjs.org/rrweb-cssom/-/rrweb-cssom-0.8.0.tgz 0ms (cache hit)
1239 http cache jsdom@https://registry.npmjs.org/jsdom/-/jsdom-26.1.0.tgz 0ms (cache hit)
1240 http cache xml-name-validator@https://registry.npmjs.org/xml-name-validator/-/xml-name-validator-5.0.0.tgz 0ms (cache hit)
1241 http cache parse5@https://registry.npmjs.org/parse5/-/parse5-7.3.0.tgz 0ms (cache hit)
1242 http cache iconv-lite@https://registry.npmjs.org/iconv-lite/-/iconv-lite-0.6.3.tgz 0ms (cache hit)
1243 http cache http-proxy-agent@https://registry.npmjs.org/http-proxy-agent/-/http-proxy-agent-7.0.2.tgz 0ms (cache hit)
1244 http cache https-proxy-agent@https://registry.npmjs.org/https-proxy-agent/-/https-proxy-agent-7.0.6.tgz 0ms (cache hit)
1245 http cache semver@https://registry.npmjs.org/semver/-/semver-7.7.4.tgz 0ms (cache hit)
1246 http cache make-dir@https://registry.npmjs.org/make-dir/-/make-dir-4.0.0.tgz 0ms (cache hit)
1247 http cache entities@https://registry.npmjs.org/entities/-/entities-6.0.1.tgz 0ms (cache hit)
1248 http cache data-urls@https://registry.npmjs.org/data-urls/-/data-urls-5.0.0.tgz 0ms (cache hit)
1249 http cache html-encoding-sniffer@https://registry.npmjs.org/html-encoding-sniffer/-/html-encoding-sniffer-4.0.0.tgz 0ms (cache hit)
1250 http cache cssstyle@https://registry.npmjs.org/cssstyle/-/cssstyle-4.6.0.tgz 0ms (cache hit)
1251 http cache entities@https://registry.npmjs.org/entities/-/entities-2.2.0.tgz 0ms (cache hit)
1252 http cache agent-base@https://registry.npmjs.org/agent-base/-/agent-base-7.1.4.tgz 0ms (cache hit)
1253 http cache type-fest@https://registry.npmjs.org/type-fest/-/type-fest-0.20.2.tgz 0ms (cache hit)
1254 http cache which@https://registry.npmjs.org/which/-/which-2.0.2.tgz 0ms (cache hit)
1255 http cache shebang-regex@https://registry.npmjs.org/shebang-regex/-/shebang-regex-3.0.0.tgz 0ms (cache hit)
1256 http cache string_decoder@https://registry.npmjs.org/string_decoder/-/string_decoder-1.1.1.tgz 0ms (cache hit)
1257 http cache safe-buffer@https://registry.npmjs.org/safe-buffer/-/safe-buffer-5.1.2.tgz 0ms (cache hit)
1258 http cache signal-exit@https://registry.npmjs.org/signal-exit/-/signal-exit-4.1.0.tgz 0ms (cache hit)
1259 http cache readable-stream@https://registry.npmjs.org/readable-stream/-/readable-stream-2.3.8.tgz 0ms (cache hit)
1260 http cache ms@https://registry.npmjs.org/ms/-/ms-2.0.0.tgz 0ms (cache hit)
1261 http cache debug@https://registry.npmjs.org/debug/-/debug-2.6.9.tgz 0ms (cache hit)
1262 http cache glob-parent@https://registry.npmjs.org/glob-parent/-/glob-parent-5.1.2.tgz 0ms (cache hit)
1263 http cache shebang-command@https://registry.npmjs.org/shebang-command/-/shebang-command-2.0.0.tgz 0ms (cache hit)
1264 http cache estraverse@https://registry.npmjs.org/estraverse/-/estraverse-5.3.0.tgz 0ms (cache hit)
1265 http cache path-key@https://registry.npmjs.org/path-key/-/path-key-3.1.1.tgz 0ms (cache hit)
1266 http cache cross-spawn@https://registry.npmjs.org/cross-spawn/-/cross-spawn-7.0.6.tgz 0ms (cache hit)
1267 http cache debug@https://registry.npmjs.org/debug/-/debug-2.6.9.tgz 0ms (cache hit)
1268 http cache ms@https://registry.npmjs.org/ms/-/ms-2.0.0.tgz 0ms (cache hit)
1269 http cache estraverse@https://registry.npmjs.org/estraverse/-/estraverse-5.3.0.tgz 0ms (cache hit)
1270 http cache acorn@https://registry.npmjs.org/acorn/-/acorn-7.4.1.tgz 0ms (cache hit)
1271 http cache eslint-visitor-keys@https://registry.npmjs.org/eslint-visitor-keys/-/eslint-visitor-keys-1.3.0.tgz 0ms (cache hit)
1272 http cache schema-utils@https://registry.npmjs.org/schema-utils/-/schema-utils-4.3.3.tgz 0ms (cache hit)
1273 http cache semver@https://registry.npmjs.org/semver/-/semver-7.7.3.tgz 0ms (cache hit)
1274 http cache supports-color@https://registry.npmjs.org/supports-color/-/supports-color-8.1.1.tgz 0ms (cache hit)
1275 http cache json-schema-traverse@https://registry.npmjs.org/json-schema-traverse/-/json-schema-traverse-1.0.0.tgz 0ms (cache hit)
1276 http cache shebang-regex@https://registry.npmjs.org/shebang-regex/-/shebang-regex-3.0.0.tgz 0ms (cache hit)
1277 http cache jest-worker@https://registry.npmjs.org/jest-worker/-/jest-worker-28.1.3.tgz 0ms (cache hit)
1278 http cache ajv@https://registry.npmjs.org/ajv/-/ajv-8.17.1.tgz 0ms (cache hit)
1279 http cache ajv-keywords@https://registry.npmjs.org/ajv-keywords/-/ajv-keywords-5.1.0.tgz 0ms (cache hit)
1280 http cache shebang-command@https://registry.npmjs.org/shebang-command/-/shebang-command-2.0.0.tgz 0ms (cache hit)
1281 http cache eslint-visitor-keys@https://registry.npmjs.org/eslint-visitor-keys/-/eslint-visitor-keys-1.3.0.tgz 0ms (cache hit)
1282 http cache semver@https://registry.npmjs.org/semver/-/semver-7.7.3.tgz 0ms (cache hit)
1283 http cache path-key@https://registry.npmjs.org/path-key/-/path-key-3.1.1.tgz 0ms (cache hit)
1284 http cache ignore@https://registry.npmjs.org/ignore/-/ignore-4.0.6.tgz 0ms (cache hit)
1285 http cache glob-parent@https://registry.npmjs.org/glob-parent/-/glob-parent-5.1.2.tgz 0ms (cache hit)
1286 http cache cross-spawn@https://registry.npmjs.org/cross-spawn/-/cross-spawn-7.0.6.tgz 0ms (cache hit)
1287 http cache which@https://registry.npmjs.org/which/-/which-2.0.2.tgz 0ms (cache hit)
1288 http cache isarray@https://registry.npmjs.org/isarray/-/isarray-2.0.5.tgz 0ms (cache hit)
1289 http cache eslint-utils@https://registry.npmjs.org/eslint-utils/-/eslint-utils-2.1.0.tgz 0ms (cache hit)
1290 http cache escape-string-regexp@https://registry.npmjs.org/escape-string-regexp/-/escape-string-regexp-4.0.0.tgz 0ms (cache hit)
1291 http cache chalk@https://registry.npmjs.org/chalk/-/chalk-4.1.2.tgz 0ms (cache hit)
1292 http cache webidl-conversions@https://registry.npmjs.org/webidl-conversions/-/webidl-conversions-7.0.0.tgz 0ms (cache hit)
1293 http cache @babel/code-frame@https://registry.npmjs.org/@babel/code-frame/-/code-frame-7.12.11.tgz 0ms (cache hit)
1294 http cache semver@https://registry.npmjs.org/semver/-/semver-7.7.4.tgz 0ms (cache hit)
1295 http cache minimatch@https://registry.npmjs.org/minimatch/-/minimatch-9.0.1.tgz 0ms (cache hit)
1296 http cache commander@https://registry.npmjs.org/commander/-/commander-10.0.1.tgz 0ms (cache hit)
1297 http cache brace-expansion@https://registry.npmjs.org/brace-expansion/-/brace-expansion-2.0.2.tgz 0ms (cache hit)
1298 http cache entities@https://registry.npmjs.org/entities/-/entities-2.2.0.tgz 0ms (cache hit)
1299 http cache which@https://registry.npmjs.org/which/-/which-2.0.2.tgz 0ms (cache hit)
1300 http cache shebang-command@https://registry.npmjs.org/shebang-command/-/shebang-command-2.0.0.tgz 0ms (cache hit)
1301 http cache shebang-regex@https://registry.npmjs.org/shebang-regex/-/shebang-regex-3.0.0.tgz 0ms (cache hit)
1302 http cache path-key@https://registry.npmjs.org/path-key/-/path-key-3.1.1.tgz 0ms (cache hit)
1303 http cache isarray@https://registry.npmjs.org/isarray/-/isarray-2.0.5.tgz 0ms (cache hit)
1304 http cache whatwg-url@https://registry.npmjs.org/whatwg-url/-/whatwg-url-12.0.1.tgz 0ms (cache hit)
1305 http cache npm-run-path@https://registry.npmjs.org/npm-run-path/-/npm-run-path-4.0.1.tgz 0ms (cache hit)
1306 http cache is-stream@https://registry.npmjs.org/is-stream/-/is-stream-2.0.1.tgz 0ms (cache hit)
1307 http cache get-stream@https://registry.npmjs.org/get-stream/-/get-stream-6.0.1.tgz 0ms (cache hit)
1308 http cache execa@https://registry.npmjs.org/execa/-/execa-5.1.1.tgz 0ms (cache hit)
1309 http cache cross-spawn@https://registry.npmjs.org/cross-spawn/-/cross-spawn-7.0.6.tgz 0ms (cache hit)
1310 http cache tr46@https://registry.npmjs.org/tr46/-/tr46-4.1.1.tgz 0ms (cache hit)
1311 http cache schema-utils@https://registry.npmjs.org/schema-utils/-/schema-utils-4.3.3.tgz 0ms (cache hit)
1312 http cache semver@https://registry.npmjs.org/semver/-/semver-7.7.3.tgz 0ms (cache hit)
1313 http cache webidl-conversions@https://registry.npmjs.org/webidl-conversions/-/webidl-conversions-7.0.0.tgz 0ms (cache hit)
1314 http cache json-schema-traverse@https://registry.npmjs.org/json-schema-traverse/-/json-schema-traverse-1.0.0.tgz 0ms (cache hit)
1315 http cache ajv@https://registry.npmjs.org/ajv/-/ajv-8.17.1.tgz 0ms (cache hit)
1316 http cache schema-utils@https://registry.npmjs.org/schema-utils/-/schema-utils-3.3.0.tgz 0ms (cache hit)
1317 http cache semver@https://registry.npmjs.org/semver/-/semver-5.7.2.tgz 0ms (cache hit)
1318 http cache ajv-keywords@https://registry.npmjs.org/ajv-keywords/-/ajv-keywords-5.1.0.tgz 0ms (cache hit)
1319 http cache chalk@https://registry.npmjs.org/chalk/-/chalk-4.1.2.tgz 0ms (cache hit)
1320 http cache glob-parent@https://registry.npmjs.org/glob-parent/-/glob-parent-5.1.2.tgz 0ms (cache hit)
1321 http cache debug@https://registry.npmjs.org/debug/-/debug-2.6.9.tgz 0ms (cache hit)
1322 http cache type-detect@https://registry.npmjs.org/type-detect/-/type-detect-4.1.0.tgz 0ms (cache hit)
1323 http cache ms@https://registry.npmjs.org/ms/-/ms-2.0.0.tgz 0ms (cache hit)
1324 http cache loader-utils@https://registry.npmjs.org/loader-utils/-/loader-utils-2.0.4.tgz 0ms (cache hit)
1325 http cache ms@https://registry.npmjs.org/ms/-/ms-2.0.0.tgz 0ms (cache hit)
1326 http cache json-schema-traverse@https://registry.npmjs.org/json-schema-traverse/-/json-schema-traverse-1.0.0.tgz 0ms (cache hit)
1327 http cache negotiator@https://registry.npmjs.org/negotiator/-/negotiator-0.6.3.tgz 0ms (cache hit)
1328 http cache ajv@https://registry.npmjs.org/ajv/-/ajv-8.17.1.tgz 0ms (cache hit)
1329 http cache hash-sum@https://registry.npmjs.org/hash-sum/-/hash-sum-1.0.2.tgz 0ms (cache hit)
1330 http cache yallist@https://registry.npmjs.org/yallist/-/yallist-2.1.2.tgz 0ms (cache hit)
1331 http cache eslint-config-prettier@https://registry.npmjs.org/eslint-config-prettier/-/eslint-config-prettier-8.10.2.tgz 0ms (cache hit)
1332 http cache debug@https://registry.npmjs.org/debug/-/debug-2.6.9.tgz 0ms (cache hit)
1333 http cache eslint-plugin-prettier@https://registry.npmjs.org/eslint-plugin-prettier/-/eslint-plugin-prettier-4.2.5.tgz 0ms (cache hit)
1334 http cache postcss@https://registry.npmjs.org/postcss/-/postcss-7.0.39.tgz 0ms (cache hit)
1335 http cache picocolors@https://registry.npmjs.org/picocolors/-/picocolors-0.2.1.tgz 0ms (cache hit)
1336 http cache yallist@https://registry.npmjs.org/yallist/-/yallist-4.0.0.tgz 0ms (cache hit)
1337 http cache semver@https://registry.npmjs.org/semver/-/semver-7.7.3.tgz 0ms (cache hit)
1338 http cache lru-cache@https://registry.npmjs.org/lru-cache/-/lru-cache-4.1.5.tgz 0ms (cache hit)
1339 http cache lru-cache@https://registry.npmjs.org/lru-cache/-/lru-cache-6.0.0.tgz 0ms (cache hit)
1340 http cache hash-sum@https://registry.npmjs.org/hash-sum/-/hash-sum-1.0.2.tgz 0ms (cache hit)
1341 http cache chalk@https://registry.npmjs.org/chalk/-/chalk-4.1.2.tgz 0ms (cache hit)
1342 http cache semver@https://registry.npmjs.org/semver/-/semver-7.7.4.tgz 0ms (cache hit)
1343 http cache pretty-format@https://registry.npmjs.org/pretty-format/-/pretty-format-29.7.0.tgz 0ms (cache hit)
1344 http cache estree-walker@https://registry.npmjs.org/estree-walker/-/estree-walker-3.0.3.tgz 0ms (cache hit)
1345 http cache ansi-styles@https://registry.npmjs.org/ansi-styles/-/ansi-styles-5.2.0.tgz 0ms (cache hit)
1346 http cache @sinclair/typebox@https://registry.npmjs.org/@sinclair/typebox/-/typebox-0.27.10.tgz 0ms (cache hit)
1347 http cache @sinclair/typebox@https://registry.npmjs.org/@sinclair/typebox/-/typebox-0.27.10.tgz 0ms (cache hit)
1348 http cache p-limit@https://registry.npmjs.org/p-limit/-/p-limit-5.0.0.tgz 0ms (cache hit)
1349 http cache ansi-styles@https://registry.npmjs.org/ansi-styles/-/ansi-styles-5.2.0.tgz 0ms (cache hit)
1350 http cache @jest/schemas@https://registry.npmjs.org/@jest/schemas/-/schemas-29.6.3.tgz 0ms (cache hit)
1351 http cache @jest/schemas@https://registry.npmjs.org/@jest/schemas/-/schemas-29.6.3.tgz 0ms (cache hit)
1352 http cache pretty-format@https://registry.npmjs.org/pretty-format/-/pretty-format-29.7.0.tgz 0ms (cache hit)
1353 http cache @types/send@https://registry.npmjs.org/@types/send/-/send-0.17.6.tgz 0ms (cache hit)
1354 http cache react-is@https://registry.npmjs.org/react-is/-/react-is-17.0.2.tgz 0ms (cache hit)
1355 http cache @types/express-serve-static-core@https://registry.npmjs.org/@types/express-serve-static-core/-/express-serve-static-core-4.19.7.tgz 0ms (cache hit)
1356 http cache parse5@https://registry.npmjs.org/parse5/-/parse5-7.3.0.tgz 0ms (cache hit)
1357 http cache pretty-format@https://registry.npmjs.org/pretty-format/-/pretty-format-27.5.1.tgz 0ms (cache hit)
1358 http cache entities@https://registry.npmjs.org/entities/-/entities-6.0.1.tgz 0ms (cache hit)
1359 http cache chalk@https://registry.npmjs.org/chalk/-/chalk-4.1.2.tgz 0ms (cache hit)
1360 http cache ansi-styles@https://registry.npmjs.org/ansi-styles/-/ansi-styles-5.2.0.tgz 0ms (cache hit)
1361 http cache chalk@https://registry.npmjs.org/chalk/-/chalk-4.1.2.tgz 0ms (cache hit)
1362 http cache wrap-ansi@https://registry.npmjs.org/wrap-ansi/-/wrap-ansi-8.1.0.tgz 0ms (cache hit)
1363 http cache emoji-regex@https://registry.npmjs.org/emoji-regex/-/emoji-regex-9.2.2.tgz 0ms (cache hit)
1364 http cache string-width@https://registry.npmjs.org/string-width/-/string-width-5.1.2.tgz 0ms (cache hit)
1365 http cache strip-ansi@https://registry.npmjs.org/strip-ansi/-/strip-ansi-7.1.2.tgz 0ms (cache hit)
1366 http cache wrap-ansi@https://registry.npmjs.org/wrap-ansi/-/wrap-ansi-6.2.0.tgz 0ms (cache hit)
1367 http cache ansi-styles@https://registry.npmjs.org/ansi-styles/-/ansi-styles-6.2.3.tgz 0ms (cache hit)
1368 http cache ansi-regex@https://registry.npmjs.org/ansi-regex/-/ansi-regex-6.2.2.tgz 0ms (cache hit)
1369 http cache signal-exit@https://registry.npmjs.org/signal-exit/-/signal-exit-4.1.0.tgz 0ms (cache hit)
1370 http cache ignore@https://registry.npmjs.org/ignore/-/ignore-4.0.6.tgz 0ms (cache hit)
1371 http cache babel-plugin-polyfill-corejs3@https://registry.npmjs.org/babel-plugin-polyfill-corejs3/-/babel-plugin-polyfill-corejs3-0.14.0.tgz 0ms (cache hit)
1372 http cache supports-color@https://registry.npmjs.org/supports-color/-/supports-color-5.5.0.tgz 0ms (cache hit)
1373 http cache color-name@https://registry.npmjs.org/color-name/-/color-name-1.1.3.tgz 0ms (cache hit)
1374 http cache has-flag@https://registry.npmjs.org/has-flag/-/has-flag-3.0.0.tgz 0ms (cache hit)
1375 http cache lru-cache@https://registry.npmjs.org/lru-cache/-/lru-cache-10.4.3.tgz 0ms (cache hit)
1376 silly tarball no local data for yoctocolors-cjs@https://registry.npmjs.org/yoctocolors-cjs/-/yoctocolors-cjs-2.1.3.tgz. Extracting by manifest.
1377 silly tarball no local data for yorkie@https://registry.npmjs.org/yorkie/-/yorkie-2.0.0.tgz. Extracting by manifest.
1378 silly tarball no local data for yargs@https://registry.npmjs.org/yargs/-/yargs-16.2.0.tgz. Extracting by manifest.
1379 silly tarball no local data for yocto-queue@https://registry.npmjs.org/yocto-queue/-/yocto-queue-1.2.2.tgz. Extracting by manifest.
1380 http cache color-convert@https://registry.npmjs.org/color-convert/-/color-convert-1.9.3.tgz 0ms (cache hit)
1381 silly tarball no local data for yargs-parser@https://registry.npmjs.org/yargs-parser/-/yargs-parser-20.2.9.tgz. Extracting by manifest.
1382 silly tarball no local data for yallist@https://registry.npmjs.org/yallist/-/yallist-3.1.1.tgz. Extracting by manifest.
1383 silly tarball no local data for xmlchars@https://registry.npmjs.org/xmlchars/-/xmlchars-2.2.0.tgz. Extracting by manifest.
1384 http cache ansi-styles@https://registry.npmjs.org/ansi-styles/-/ansi-styles-3.2.1.tgz 0ms (cache hit)
1385 silly tarball no local data for y18n@https://registry.npmjs.org/y18n/-/y18n-5.0.8.tgz. Extracting by manifest.
1386 silly tarball no local data for yaml@https://registry.npmjs.org/yaml/-/yaml-1.10.2.tgz. Extracting by manifest.
1387 http cache chalk@https://registry.npmjs.org/chalk/-/chalk-2.4.2.tgz 0ms (cache hit)
1388 silly tarball no local data for xml-name-validator@https://registry.npmjs.org/xml-name-validator/-/xml-name-validator-4.0.0.tgz. Extracting by manifest.
1389 silly tarball no local data for ws@https://registry.npmjs.org/ws/-/ws-7.5.10.tgz. Extracting by manifest.
1390 silly tarball no local data for wrappy@https://registry.npmjs.org/wrappy/-/wrappy-1.0.2.tgz. Extracting by manifest.
1391 silly tarball no local data for word-wrap@https://registry.npmjs.org/word-wrap/-/word-wrap-1.2.5.tgz. Extracting by manifest.
1392 silly tarball no local data for wrap-ansi@https://registry.npmjs.org/wrap-ansi/-/wrap-ansi-7.0.0.tgz. Extracting by manifest.
1393 silly tarball no local data for wildcard@https://registry.npmjs.org/wildcard/-/wildcard-2.0.1.tgz. Extracting by manifest.
1394 silly tarball no local data for why-is-node-running@https://registry.npmjs.org/why-is-node-running/-/why-is-node-running-2.3.0.tgz. Extracting by manifest.
1395 silly tarball no local data for which-typed-array@https://registry.npmjs.org/which-typed-array/-/which-typed-array-1.1.20.tgz. Extracting by manifest.
1396 silly tarball no local data for wrap-ansi-cjs@https://registry.npmjs.org/wrap-ansi/-/wrap-ansi-7.0.0.tgz. Extracting by manifest.
1397 silly tarball no local data for which-boxed-primitive@https://registry.npmjs.org/which-boxed-primitive/-/which-boxed-primitive-1.1.1.tgz. Extracting by manifest.
1398 silly tarball no local data for whatwg-mimetype@https://registry.npmjs.org/whatwg-mimetype/-/whatwg-mimetype-3.0.0.tgz. Extracting by manifest.
1399 silly tarball no local data for whatwg-encoding@https://registry.npmjs.org/whatwg-encoding/-/whatwg-encoding-2.0.0.tgz. Extracting by manifest.
1400 silly tarball no local data for which@https://registry.npmjs.org/which/-/which-1.3.1.tgz. Extracting by manifest.
1401 silly tarball no local data for which-collection@https://registry.npmjs.org/which-collection/-/which-collection-1.0.2.tgz. Extracting by manifest.
1402 silly tarball no local data for whatwg-url@https://registry.npmjs.org/whatwg-url/-/whatwg-url-5.0.0.tgz. Extracting by manifest.
1403 silly tarball no local data for whatwg-fetch@https://registry.npmjs.org/whatwg-fetch/-/whatwg-fetch-3.6.20.tgz. Extracting by manifest.
1404 silly tarball no local data for websocket-extensions@https://registry.npmjs.org/websocket-extensions/-/websocket-extensions-0.1.4.tgz. Extracting by manifest.
1405 silly tarball no local data for websocket-driver@https://registry.npmjs.org/websocket-driver/-/websocket-driver-0.7.4.tgz. Extracting by manifest.
1406 silly tarball no local data for webpack-virtual-modules@https://registry.npmjs.org/webpack-virtual-modules/-/webpack-virtual-modules-0.4.6.tgz. Extracting by manifest.
1407 silly tarball no local data for webpack-merge@https://registry.npmjs.org/webpack-merge/-/webpack-merge-5.10.0.tgz. Extracting by manifest.
1408 silly tarball no local data for webpack-dev-server@https://registry.npmjs.org/webpack-dev-server/-/webpack-dev-server-4.15.2.tgz. Extracting by manifest.
1409 silly tarball no local data for webpack-sources@https://registry.npmjs.org/webpack-sources/-/webpack-sources-3.3.3.tgz. Extracting by manifest.
1410 silly tarball no local data for webpack-chain@https://registry.npmjs.org/webpack-chain/-/webpack-chain-6.5.1.tgz. Extracting by manifest.
1411 silly tarball no local data for webpack-dev-middleware@https://registry.npmjs.org/webpack-dev-middleware/-/webpack-dev-middleware-5.3.4.tgz. Extracting by manifest.
1412 silly tarball no local data for webpack@https://registry.npmjs.org/webpack/-/webpack-5.105.0.tgz. Extracting by manifest.
1413 silly tarball no local data for wcwidth@https://registry.npmjs.org/wcwidth/-/wcwidth-1.0.1.tgz. Extracting by manifest.
1414 silly tarball no local data for webidl-conversions@https://registry.npmjs.org/webidl-conversions/-/webidl-conversions-3.0.1.tgz. Extracting by manifest.
1415 silly tarball no local data for watchpack@https://registry.npmjs.org/watchpack/-/watchpack-2.4.4.tgz. Extracting by manifest.
1416 silly tarball no local data for webpack-bundle-analyzer@https://registry.npmjs.org/webpack-bundle-analyzer/-/webpack-bundle-analyzer-4.10.2.tgz. Extracting by manifest.
1417 silly tarball no local data for wbuf@https://registry.npmjs.org/wbuf/-/wbuf-1.7.3.tgz. Extracting by manifest.
1418 silly tarball no local data for w3c-xmlserializer@https://registry.npmjs.org/w3c-xmlserializer/-/w3c-xmlserializer-4.0.0.tgz. Extracting by manifest.
1419 silly tarball no local data for vue-template-es2015-compiler@https://registry.npmjs.org/vue-template-es2015-compiler/-/vue-template-es2015-compiler-1.9.1.tgz. Extracting by manifest.
1420 silly tarball no local data for vue-loader@https://registry.npmjs.org/vue-loader/-/vue-loader-17.4.2.tgz. Extracting by manifest.
1421 silly tarball no local data for vue-router@https://registry.npmjs.org/vue-router/-/vue-router-4.6.4.tgz. Extracting by manifest.
1422 silly tarball no local data for vue-i18n@https://registry.npmjs.org/vue-i18n/-/vue-i18n-9.14.5.tgz. Extracting by manifest.
1423 silly tarball no local data for vue-style-loader@https://registry.npmjs.org/vue-style-loader/-/vue-style-loader-4.1.3.tgz. Extracting by manifest.
1424 silly tarball no local data for vue-hot-reload-api@https://registry.npmjs.org/vue-hot-reload-api/-/vue-hot-reload-api-2.3.4.tgz. Extracting by manifest.
1425 silly tarball no local data for vue-component-type-helpers@https://registry.npmjs.org/vue-component-type-helpers/-/vue-component-type-helpers-2.2.12.tgz. Extracting by manifest.
1426 silly tarball no local data for vue-eslint-parser@https://registry.npmjs.org/vue-eslint-parser/-/vue-eslint-parser-8.3.0.tgz. Extracting by manifest.
1427 silly tarball no local data for vitest@https://registry.npmjs.org/vitest/-/vitest-1.6.1.tgz. Extracting by manifest.
1428 silly tarball no local data for vite-node@https://registry.npmjs.org/vite-node/-/vite-node-1.6.1.tgz. Extracting by manifest.
1429 silly tarball no local data for vue@https://registry.npmjs.org/vue/-/vue-3.5.25.tgz. Extracting by manifest.
1430 silly tarball no local data for vite@https://registry.npmjs.org/vite/-/vite-5.4.21.tgz. Extracting by manifest.
1431 silly tarball no local data for vary@https://registry.npmjs.org/vary/-/vary-1.1.2.tgz. Extracting by manifest.
1432 silly tarball no local data for validate-npm-package-license@https://registry.npmjs.org/validate-npm-package-license/-/validate-npm-package-license-3.0.4.tgz. Extracting by manifest.
1433 silly tarball no local data for uuid@https://registry.npmjs.org/uuid/-/uuid-8.3.2.tgz. Extracting by manifest.
1434 silly tarball no local data for utils-merge@https://registry.npmjs.org/utils-merge/-/utils-merge-1.0.1.tgz. Extracting by manifest.
1435 silly tarball no local data for v8-compile-cache@https://registry.npmjs.org/v8-compile-cache/-/v8-compile-cache-2.4.0.tgz. Extracting by manifest.
1436 silly tarball no local data for utila@https://registry.npmjs.org/utila/-/utila-0.4.0.tgz. Extracting by manifest.
1437 silly tarball no local data for util-deprecate@https://registry.npmjs.org/util-deprecate/-/util-deprecate-1.0.2.tgz. Extracting by manifest.
1438 silly tarball no local data for uri-js@https://registry.npmjs.org/uri-js/-/uri-js-4.4.1.tgz. Extracting by manifest.
1439 silly tarball no local data for update-browserslist-db@https://registry.npmjs.org/update-browserslist-db/-/update-browserslist-db-1.2.2.tgz. Extracting by manifest.
1440 silly tarball no local data for until-async@https://registry.npmjs.org/until-async/-/until-async-3.0.2.tgz. Extracting by manifest.
1441 silly tarball no local data for unpipe@https://registry.npmjs.org/unpipe/-/unpipe-1.0.0.tgz. Extracting by manifest.
1442 silly tarball no local data for url-parse@https://registry.npmjs.org/url-parse/-/url-parse-1.5.10.tgz. Extracting by manifest.
1443 silly tarball no local data for universalify@https://registry.npmjs.org/universalify/-/universalify-2.0.1.tgz. Extracting by manifest.
1444 silly tarball no local data for unicode-property-aliases-ecmascript@https://registry.npmjs.org/unicode-property-aliases-ecmascript/-/unicode-property-aliases-ecmascript-2.2.0.tgz. Extracting by manifest.
1445 silly tarball no local data for unicode-match-property-value-ecmascript@https://registry.npmjs.org/unicode-match-property-value-ecmascript/-/unicode-match-property-value-ecmascript-2.2.1.tgz. Extracting by manifest.
1446 silly tarball no local data for unicode-canonical-property-names-ecmascript@https://registry.npmjs.org/unicode-canonical-property-names-ecmascript/-/unicode-canonical-property-names-ecmascript-2.0.1.tgz. Extracting by manifest.
1447 silly tarball no local data for undici-types@https://registry.npmjs.org/undici-types/-/undici-types-7.16.0.tgz. Extracting by manifest.
1448 silly tarball no local data for ufo@https://registry.npmjs.org/ufo/-/ufo-1.6.3.tgz. Extracting by manifest.
1449 silly tarball no local data for unicode-match-property-ecmascript@https://registry.npmjs.org/unicode-match-property-ecmascript/-/unicode-match-property-ecmascript-2.0.0.tgz. Extracting by manifest.
1450 silly tarball no local data for type-fest@https://registry.npmjs.org/type-fest/-/type-fest-0.6.0.tgz. Extracting by manifest.
1451 silly tarball no local data for type-is@https://registry.npmjs.org/type-is/-/type-is-1.6.18.tgz. Extracting by manifest.
1452 silly tarball no local data for type-detect@https://registry.npmjs.org/type-detect/-/type-detect-4.0.8.tgz. Extracting by manifest.
1453 silly tarball no local data for tweetnacl@https://registry.npmjs.org/tweetnacl/-/tweetnacl-1.0.3.tgz. Extracting by manifest.
1454 silly tarball no local data for tslib@https://registry.npmjs.org/tslib/-/tslib-2.8.1.tgz. Extracting by manifest.
1455 silly tarball no local data for tr46@https://registry.npmjs.org/tr46/-/tr46-0.0.3.tgz. Extracting by manifest.
1456 silly tarball no local data for type-check@https://registry.npmjs.org/type-check/-/type-check-0.4.0.tgz. Extracting by manifest.
1457 silly tarball no local data for tough-cookie@https://registry.npmjs.org/tough-cookie/-/tough-cookie-4.1.4.tgz. Extracting by manifest.
1458 silly tarball no local data for totalist@https://registry.npmjs.org/totalist/-/totalist-3.0.1.tgz. Extracting by manifest.
1459 silly tarball no local data for toidentifier@https://registry.npmjs.org/toidentifier/-/toidentifier-1.0.1.tgz. Extracting by manifest.
1460 silly tarball no local data for tldts-core@https://registry.npmjs.org/tldts-core/-/tldts-core-6.1.86.tgz. Extracting by manifest.
1461 silly tarball no local data for tldts@https://registry.npmjs.org/tldts/-/tldts-6.1.86.tgz. Extracting by manifest.
1462 silly tarball no local data for to-regex-range@https://registry.npmjs.org/to-regex-range/-/to-regex-range-5.0.1.tgz. Extracting by manifest.
1463 silly tarball no local data for tinypool@https://registry.npmjs.org/tinypool/-/tinypool-0.8.4.tgz. Extracting by manifest.
1464 silly tarball no local data for tinybench@https://registry.npmjs.org/tinybench/-/tinybench-2.9.0.tgz. Extracting by manifest.
1465 silly tarball no local data for thread-loader@https://registry.npmjs.org/thread-loader/-/thread-loader-3.0.4.tgz. Extracting by manifest.
1466 silly tarball no local data for thenify-all@https://registry.npmjs.org/thenify-all/-/thenify-all-1.6.0.tgz. Extracting by manifest.
1467 silly tarball no local data for thunky@https://registry.npmjs.org/thunky/-/thunky-1.1.0.tgz. Extracting by manifest.
1468 silly tarball no local data for thenify@https://registry.npmjs.org/thenify/-/thenify-3.3.1.tgz. Extracting by manifest.
1469 silly tarball no local data for text-table@https://registry.npmjs.org/text-table/-/text-table-0.2.0.tgz. Extracting by manifest.
1470 silly tarball no local data for terser-webpack-plugin@https://registry.npmjs.org/terser-webpack-plugin/-/terser-webpack-plugin-5.3.16.tgz. Extracting by manifest.
1471 silly tarball no local data for terser@https://registry.npmjs.org/terser/-/terser-5.44.1.tgz. Extracting by manifest.
1472 silly tarball no local data for test-exclude@https://registry.npmjs.org/test-exclude/-/test-exclude-6.0.0.tgz. Extracting by manifest.
1473 silly tarball no local data for tinyspy@https://registry.npmjs.org/tinyspy/-/tinyspy-2.2.1.tgz. Extracting by manifest.
1474 silly tarball no local data for tapable@https://registry.npmjs.org/tapable/-/tapable-2.3.0.tgz. Extracting by manifest.
1475 silly tarball no local data for tagged-tag@https://registry.npmjs.org/tagged-tag/-/tagged-tag-1.0.0.tgz. Extracting by manifest.
1476 silly tarball no local data for svgo@https://registry.npmjs.org/svgo/-/svgo-2.8.0.tgz. Extracting by manifest.
1477 silly tarball no local data for symbol-tree@https://registry.npmjs.org/symbol-tree/-/symbol-tree-3.2.4.tgz. Extracting by manifest.
1478 silly tarball no local data for svg-tags@https://registry.npmjs.org/svg-tags/-/svg-tags-1.0.0.tgz. Extracting by manifest.
1479 silly tarball no local data for supports-color@https://registry.npmjs.org/supports-color/-/supports-color-7.2.0.tgz. Extracting by manifest.
1480 silly tarball no local data for supports-preserve-symlinks-flag@https://registry.npmjs.org/supports-preserve-symlinks-flag/-/supports-preserve-symlinks-flag-1.0.0.tgz. Extracting by manifest.
1481 silly tarball no local data for table@https://registry.npmjs.org/table/-/table-6.9.0.tgz. Extracting by manifest.
1482 silly tarball no local data for stylehacks@https://registry.npmjs.org/stylehacks/-/stylehacks-5.1.1.tgz. Extracting by manifest.
1483 silly tarball no local data for strip-literal@https://registry.npmjs.org/strip-literal/-/strip-literal-2.1.1.tgz. Extracting by manifest.
1484 silly tarball no local data for superjson@https://registry.npmjs.org/superjson/-/superjson-2.2.6.tgz. Extracting by manifest.
1485 silly tarball no local data for strip-final-newline@https://registry.npmjs.org/strip-final-newline/-/strip-final-newline-2.0.0.tgz. Extracting by manifest.
1486 silly tarball no local data for strip-eof@https://registry.npmjs.org/strip-eof/-/strip-eof-1.0.0.tgz. Extracting by manifest.
1487 silly tarball no local data for strip-indent@https://registry.npmjs.org/strip-indent/-/strip-indent-2.0.0.tgz. Extracting by manifest.
1488 silly tarball no local data for strip-json-comments@https://registry.npmjs.org/strip-json-comments/-/strip-json-comments-3.1.1.tgz. Extracting by manifest.
1489 silly tarball no local data for strip-ansi-cjs@https://registry.npmjs.org/strip-ansi/-/strip-ansi-6.0.1.tgz. Extracting by manifest.
1490 silly tarball no local data for string-width-cjs@https://registry.npmjs.org/string-width/-/string-width-4.2.3.tgz. Extracting by manifest.
1491 silly tarball no local data for strip-ansi@https://registry.npmjs.org/strip-ansi/-/strip-ansi-6.0.1.tgz. Extracting by manifest.
1492 silly tarball no local data for string_decoder@https://registry.npmjs.org/string_decoder/-/string_decoder-1.3.0.tgz. Extracting by manifest.
1493 silly tarball no local data for strict-event-emitter@https://registry.npmjs.org/strict-event-emitter/-/strict-event-emitter-0.5.1.tgz. Extracting by manifest.
1494 silly tarball no local data for string-width@https://registry.npmjs.org/string-width/-/string-width-4.2.3.tgz. Extracting by manifest.
1495 silly tarball no local data for stop-iteration-iterator@https://registry.npmjs.org/stop-iteration-iterator/-/stop-iteration-iterator-1.1.0.tgz. Extracting by manifest.
1496 silly tarball no local data for std-env@https://registry.npmjs.org/std-env/-/std-env-3.10.0.tgz. Extracting by manifest.
1497 silly tarball no local data for statuses@https://registry.npmjs.org/statuses/-/statuses-2.0.2.tgz. Extracting by manifest.
1498 silly tarball no local data for stackback@https://registry.npmjs.org/stackback/-/stackback-0.0.2.tgz. Extracting by manifest.
1499 silly tarball no local data for stack-utils@https://registry.npmjs.org/stack-utils/-/stack-utils-2.0.6.tgz. Extracting by manifest.
1500 silly tarball no local data for stackframe@https://registry.npmjs.org/stackframe/-/stackframe-1.3.4.tgz. Extracting by manifest.
1501 silly tarball no local data for stable@https://registry.npmjs.org/stable/-/stable-0.1.8.tgz. Extracting by manifest.
1502 silly tarball no local data for ssri@https://registry.npmjs.org/ssri/-/ssri-8.0.1.tgz. Extracting by manifest.
1503 silly tarball no local data for sprintf-js@https://registry.npmjs.org/sprintf-js/-/sprintf-js-1.0.3.tgz. Extracting by manifest.
1504 silly tarball no local data for spdy-transport@https://registry.npmjs.org/spdy-transport/-/spdy-transport-3.0.0.tgz. Extracting by manifest.
1505 silly tarball no local data for spdy@https://registry.npmjs.org/spdy/-/spdy-4.0.2.tgz. Extracting by manifest.
1506 silly tarball no local data for spdx-license-ids@https://registry.npmjs.org/spdx-license-ids/-/spdx-license-ids-3.0.22.tgz. Extracting by manifest.
1507 silly tarball no local data for speakingurl@https://registry.npmjs.org/speakingurl/-/speakingurl-14.0.1.tgz. Extracting by manifest.
1508 silly tarball no local data for spdx-expression-parse@https://registry.npmjs.org/spdx-expression-parse/-/spdx-expression-parse-3.0.1.tgz. Extracting by manifest.
1509 silly tarball no local data for spdx-exceptions@https://registry.npmjs.org/spdx-exceptions/-/spdx-exceptions-2.5.0.tgz. Extracting by manifest.
1510 silly tarball no local data for spdx-correct@https://registry.npmjs.org/spdx-correct/-/spdx-correct-3.2.0.tgz. Extracting by manifest.
1511 silly tarball no local data for source-map@https://registry.npmjs.org/source-map/-/source-map-0.6.1.tgz. Extracting by manifest.
1512 silly tarball no local data for source-map-js@https://registry.npmjs.org/source-map-js/-/source-map-js-1.2.1.tgz. Extracting by manifest.
1513 silly tarball no local data for source-map-support@https://registry.npmjs.org/source-map-support/-/source-map-support-0.5.21.tgz. Extracting by manifest.
1514 silly tarball no local data for sockjs@https://registry.npmjs.org/sockjs/-/sockjs-0.3.24.tgz. Extracting by manifest.
1515 silly tarball no local data for slice-ansi@https://registry.npmjs.org/slice-ansi/-/slice-ansi-4.0.0.tgz. Extracting by manifest.
1516 silly tarball no local data for slash@https://registry.npmjs.org/slash/-/slash-3.0.0.tgz. Extracting by manifest.
1517 silly tarball no local data for signal-exit@https://registry.npmjs.org/signal-exit/-/signal-exit-3.0.7.tgz. Extracting by manifest.
1518 silly tarball no local data for siginfo@https://registry.npmjs.org/siginfo/-/siginfo-2.0.0.tgz. Extracting by manifest.
1519 silly tarball no local data for sirv@https://registry.npmjs.org/sirv/-/sirv-2.0.4.tgz. Extracting by manifest.
1520 silly tarball no local data for side-channel-weakmap@https://registry.npmjs.org/side-channel-weakmap/-/side-channel-weakmap-1.0.2.tgz. Extracting by manifest.
1521 silly tarball no local data for side-channel-list@https://registry.npmjs.org/side-channel-list/-/side-channel-list-1.0.0.tgz. Extracting by manifest.
1522 silly tarball no local data for side-channel-map@https://registry.npmjs.org/side-channel-map/-/side-channel-map-1.0.1.tgz. Extracting by manifest.
1523 silly tarball no local data for shell-quote@https://registry.npmjs.org/shell-quote/-/shell-quote-1.8.3.tgz. Extracting by manifest.
1524 silly tarball no local data for shebang-regex@https://registry.npmjs.org/shebang-regex/-/shebang-regex-1.0.0.tgz. Extracting by manifest.
1525 silly tarball no local data for shebang-command@https://registry.npmjs.org/shebang-command/-/shebang-command-1.2.0.tgz. Extracting by manifest.
1526 silly tarball no local data for shallow-clone@https://registry.npmjs.org/shallow-clone/-/shallow-clone-3.0.1.tgz. Extracting by manifest.
1527 silly tarball no local data for setprototypeof@https://registry.npmjs.org/setprototypeof/-/setprototypeof-1.2.0.tgz. Extracting by manifest.
1528 silly tarball no local data for side-channel@https://registry.npmjs.org/side-channel/-/side-channel-1.1.0.tgz. Extracting by manifest.
1529 silly tarball no local data for serve-static@https://registry.npmjs.org/serve-static/-/serve-static-1.16.2.tgz. Extracting by manifest.
1530 silly tarball no local data for set-function-length@https://registry.npmjs.org/set-function-length/-/set-function-length-1.2.2.tgz. Extracting by manifest.
1531 silly tarball no local data for set-function-name@https://registry.npmjs.org/set-function-name/-/set-function-name-2.0.2.tgz. Extracting by manifest.
1532 silly tarball no local data for serialize-javascript@https://registry.npmjs.org/serialize-javascript/-/serialize-javascript-6.0.2.tgz. Extracting by manifest.
1533 silly tarball no local data for send@https://registry.npmjs.org/send/-/send-0.19.1.tgz. Extracting by manifest.
1534 silly tarball no local data for serve-index@https://registry.npmjs.org/serve-index/-/serve-index-1.9.1.tgz. Extracting by manifest.
1535 silly tarball no local data for semver@https://registry.npmjs.org/semver/-/semver-6.3.1.tgz. Extracting by manifest.
1536 silly tarball no local data for selfsigned@https://registry.npmjs.org/selfsigned/-/selfsigned-2.4.1.tgz. Extracting by manifest.
1537 silly tarball no local data for schema-utils@https://registry.npmjs.org/schema-utils/-/schema-utils-2.7.1.tgz. Extracting by manifest.
1538 silly tarball no local data for saxes@https://registry.npmjs.org/saxes/-/saxes-6.0.0.tgz. Extracting by manifest.
1539 silly tarball no local data for safer-buffer@https://registry.npmjs.org/safer-buffer/-/safer-buffer-2.1.2.tgz. Extracting by manifest.
1540 silly tarball no local data for select-hose@https://registry.npmjs.org/select-hose/-/select-hose-2.0.0.tgz. Extracting by manifest.
1541 silly tarball no local data for safe-buffer@https://registry.npmjs.org/safe-buffer/-/safe-buffer-5.2.1.tgz. Extracting by manifest.
1542 silly tarball no local data for safe-regex-test@https://registry.npmjs.org/safe-regex-test/-/safe-regex-test-1.1.0.tgz. Extracting by manifest.
1543 silly tarball no local data for run-parallel@https://registry.npmjs.org/run-parallel/-/run-parallel-1.2.0.tgz. Extracting by manifest.
1544 silly tarball no local data for rollup@https://registry.npmjs.org/rollup/-/rollup-4.57.1.tgz. Extracting by manifest.
1545 silly tarball no local data for rimraf@https://registry.npmjs.org/rimraf/-/rimraf-3.0.2.tgz. Extracting by manifest.
1546 silly tarball no local data for rfdc@https://registry.npmjs.org/rfdc/-/rfdc-1.4.1.tgz. Extracting by manifest.
1547 silly tarball no local data for rrweb-cssom@https://registry.npmjs.org/rrweb-cssom/-/rrweb-cssom-0.6.0.tgz. Extracting by manifest.
1548 silly tarball no local data for reusify@https://registry.npmjs.org/reusify/-/reusify-1.1.0.tgz. Extracting by manifest.
1549 silly tarball no local data for rettime@https://registry.npmjs.org/rettime/-/rettime-0.10.1.tgz. Extracting by manifest.
1550 silly tarball no local data for retry@https://registry.npmjs.org/retry/-/retry-0.13.1.tgz. Extracting by manifest.
1551 silly tarball no local data for resolve-from@https://registry.npmjs.org/resolve-from/-/resolve-from-4.0.0.tgz. Extracting by manifest.
1552 silly tarball no local data for resolve@https://registry.npmjs.org/resolve/-/resolve-1.22.11.tgz. Extracting by manifest.
1553 silly tarball no local data for requires-port@https://registry.npmjs.org/requires-port/-/requires-port-1.0.0.tgz. Extracting by manifest.
1554 silly tarball no local data for restore-cursor@https://registry.npmjs.org/restore-cursor/-/restore-cursor-3.1.0.tgz. Extracting by manifest.
1555 silly tarball no local data for require-from-string@https://registry.npmjs.org/require-from-string/-/require-from-string-2.0.2.tgz. Extracting by manifest.
1556 silly tarball no local data for renderkid@https://registry.npmjs.org/renderkid/-/renderkid-3.0.0.tgz. Extracting by manifest.
1557 silly tarball no local data for require-directory@https://registry.npmjs.org/require-directory/-/require-directory-2.1.1.tgz. Extracting by manifest.
1558 silly tarball no local data for regjsparser@https://registry.npmjs.org/regjsparser/-/regjsparser-0.13.0.tgz. Extracting by manifest.
1559 silly tarball no local data for regjsgen@https://registry.npmjs.org/regjsgen/-/regjsgen-0.8.0.tgz. Extracting by manifest.
1560 silly tarball no local data for regexpu-core@https://registry.npmjs.org/regexpu-core/-/regexpu-core-6.4.0.tgz. Extracting by manifest.
1561 silly tarball no local data for relateurl@https://registry.npmjs.org/relateurl/-/relateurl-0.2.7.tgz. Extracting by manifest.
1562 silly tarball no local data for regexpp@https://registry.npmjs.org/regexpp/-/regexpp-3.2.0.tgz. Extracting by manifest.
1563 silly tarball no local data for readdirp@https://registry.npmjs.org/readdirp/-/readdirp-3.6.0.tgz. Extracting by manifest.
1564 silly tarball no local data for regexp.prototype.flags@https://registry.npmjs.org/regexp.prototype.flags/-/regexp.prototype.flags-1.5.4.tgz. Extracting by manifest.
1565 silly tarball no local data for readable-stream@https://registry.npmjs.org/readable-stream/-/readable-stream-3.6.2.tgz. Extracting by manifest.
1566 silly tarball no local data for regenerate@https://registry.npmjs.org/regenerate/-/regenerate-1.4.2.tgz. Extracting by manifest.
1567 silly tarball no local data for read-pkg-up@https://registry.npmjs.org/read-pkg-up/-/read-pkg-up-7.0.1.tgz. Extracting by manifest.
1568 silly tarball no local data for read-pkg@https://registry.npmjs.org/read-pkg/-/read-pkg-5.2.0.tgz. Extracting by manifest.
1569 silly tarball no local data for regenerate-unicode-properties@https://registry.npmjs.org/regenerate-unicode-properties/-/regenerate-unicode-properties-10.2.2.tgz. Extracting by manifest.
1570 silly tarball no local data for react-is@https://registry.npmjs.org/react-is/-/react-is-18.3.1.tgz. Extracting by manifest.
1571 silly tarball no local data for raw-body@https://registry.npmjs.org/raw-body/-/raw-body-2.5.3.tgz. Extracting by manifest.
1572 silly tarball no local data for range-parser@https://registry.npmjs.org/range-parser/-/range-parser-1.2.1.tgz. Extracting by manifest.
1573 silly tarball no local data for queue-microtask@https://registry.npmjs.org/queue-microtask/-/queue-microtask-1.2.3.tgz. Extracting by manifest.
1574 silly tarball no local data for querystringify@https://registry.npmjs.org/querystringify/-/querystringify-2.2.0.tgz. Extracting by manifest.
1575 silly tarball no local data for randombytes@https://registry.npmjs.org/randombytes/-/randombytes-2.1.0.tgz. Extracting by manifest.
1576 silly tarball no local data for pusher-js@https://registry.npmjs.org/pusher-js/-/pusher-js-8.4.0.tgz. Extracting by manifest.
1577 silly tarball no local data for psl@https://registry.npmjs.org/psl/-/psl-1.15.0.tgz. Extracting by manifest.
1578 silly tarball no local data for pump@https://registry.npmjs.org/pump/-/pump-3.0.3.tgz. Extracting by manifest.
1579 silly tarball no local data for pseudomap@https://registry.npmjs.org/pseudomap/-/pseudomap-1.0.2.tgz. Extracting by manifest.
1580 silly tarball no local data for proxy-from-env@https://registry.npmjs.org/proxy-from-env/-/proxy-from-env-1.1.0.tgz. Extracting by manifest.
1581 silly tarball no local data for qs@https://registry.npmjs.org/qs/-/qs-6.14.1.tgz. Extracting by manifest.
1582 silly tarball no local data for punycode@https://registry.npmjs.org/punycode/-/punycode-2.3.1.tgz. Extracting by manifest.
1583 silly tarball no local data for proto-list@https://registry.npmjs.org/proto-list/-/proto-list-1.2.4.tgz. Extracting by manifest.
1584 silly tarball no local data for proxy-addr@https://registry.npmjs.org/proxy-addr/-/proxy-addr-2.0.7.tgz. Extracting by manifest.
1585 silly tarball no local data for progress-webpack-plugin@https://registry.npmjs.org/progress-webpack-plugin/-/progress-webpack-plugin-1.0.16.tgz. Extracting by manifest.
1586 silly tarball no local data for process-nextick-args@https://registry.npmjs.org/process-nextick-args/-/process-nextick-args-2.0.1.tgz. Extracting by manifest.
1587 silly tarball no local data for pretty-format@https://registry.npmjs.org/pretty-format/-/pretty-format-30.2.0.tgz. Extracting by manifest.
1588 silly tarball no local data for pretty-error@https://registry.npmjs.org/pretty-error/-/pretty-error-4.0.0.tgz. Extracting by manifest.
1589 silly tarball no local data for progress@https://registry.npmjs.org/progress/-/progress-2.0.3.tgz. Extracting by manifest.
1590 silly tarball no local data for prettier-linter-helpers@https://registry.npmjs.org/prettier-linter-helpers/-/prettier-linter-helpers-1.0.0.tgz. Extracting by manifest.
1591 silly tarball no local data for prelude-ls@https://registry.npmjs.org/prelude-ls/-/prelude-ls-1.2.1.tgz. Extracting by manifest.
1592 silly tarball no local data for prettier@https://registry.npmjs.org/prettier/-/prettier-2.8.8.tgz. Extracting by manifest.
1593 silly tarball no local data for postcss-unique-selectors@https://registry.npmjs.org/postcss-unique-selectors/-/postcss-unique-selectors-5.1.1.tgz. Extracting by manifest.
1594 silly tarball no local data for postcss-svgo@https://registry.npmjs.org/postcss-svgo/-/postcss-svgo-5.1.0.tgz. Extracting by manifest.
1595 silly tarball no local data for postcss-value-parser@https://registry.npmjs.org/postcss-value-parser/-/postcss-value-parser-4.2.0.tgz. Extracting by manifest.
1596 silly tarball no local data for postcss-selector-parser@https://registry.npmjs.org/postcss-selector-parser/-/postcss-selector-parser-6.1.2.tgz. Extracting by manifest.
1597 silly tarball no local data for postcss-reduce-transforms@https://registry.npmjs.org/postcss-reduce-transforms/-/postcss-reduce-transforms-5.1.0.tgz. Extracting by manifest.
1598 silly tarball no local data for postcss-reduce-initial@https://registry.npmjs.org/postcss-reduce-initial/-/postcss-reduce-initial-5.1.2.tgz. Extracting by manifest.
1599 silly tarball no local data for postcss-normalize-whitespace@https://registry.npmjs.org/postcss-normalize-whitespace/-/postcss-normalize-whitespace-5.1.1.tgz. Extracting by manifest.
1600 silly tarball no local data for postcss-normalize-url@https://registry.npmjs.org/postcss-normalize-url/-/postcss-normalize-url-5.1.0.tgz. Extracting by manifest.
1601 silly tarball no local data for postcss-normalize-unicode@https://registry.npmjs.org/postcss-normalize-unicode/-/postcss-normalize-unicode-5.1.1.tgz. Extracting by manifest.
1602 silly tarball no local data for postcss-ordered-values@https://registry.npmjs.org/postcss-ordered-values/-/postcss-ordered-values-5.1.3.tgz. Extracting by manifest.
1603 silly tarball no local data for postcss-normalize-timing-functions@https://registry.npmjs.org/postcss-normalize-timing-functions/-/postcss-normalize-timing-functions-5.1.0.tgz. Extracting by manifest.
1604 silly tarball no local data for postcss-normalize-string@https://registry.npmjs.org/postcss-normalize-string/-/postcss-normalize-string-5.1.0.tgz. Extracting by manifest.
1605 silly tarball no local data for postcss-normalize-repeat-style@https://registry.npmjs.org/postcss-normalize-repeat-style/-/postcss-normalize-repeat-style-5.1.1.tgz. Extracting by manifest.
1606 silly tarball no local data for postcss-normalize-display-values@https://registry.npmjs.org/postcss-normalize-display-values/-/postcss-normalize-display-values-5.1.0.tgz. Extracting by manifest.
1607 silly tarball no local data for postcss-normalize-charset@https://registry.npmjs.org/postcss-normalize-charset/-/postcss-normalize-charset-5.1.0.tgz. Extracting by manifest.
1608 silly tarball no local data for postcss-modules-scope@https://registry.npmjs.org/postcss-modules-scope/-/postcss-modules-scope-3.2.1.tgz. Extracting by manifest.
1609 silly tarball no local data for postcss-normalize-positions@https://registry.npmjs.org/postcss-normalize-positions/-/postcss-normalize-positions-5.1.1.tgz. Extracting by manifest.
1610 silly tarball no local data for postcss-modules-values@https://registry.npmjs.org/postcss-modules-values/-/postcss-modules-values-4.0.0.tgz. Extracting by manifest.
1611 silly tarball no local data for postcss-modules-local-by-default@https://registry.npmjs.org/postcss-modules-local-by-default/-/postcss-modules-local-by-default-4.2.0.tgz. Extracting by manifest.
1612 silly tarball no local data for postcss-modules-extract-imports@https://registry.npmjs.org/postcss-modules-extract-imports/-/postcss-modules-extract-imports-3.1.0.tgz. Extracting by manifest.
1613 silly tarball no local data for postcss-minify-params@https://registry.npmjs.org/postcss-minify-params/-/postcss-minify-params-5.1.4.tgz. Extracting by manifest.
1614 silly tarball no local data for postcss-minify-gradients@https://registry.npmjs.org/postcss-minify-gradients/-/postcss-minify-gradients-5.1.1.tgz. Extracting by manifest.
1615 silly tarball no local data for postcss-minify-font-values@https://registry.npmjs.org/postcss-minify-font-values/-/postcss-minify-font-values-5.1.0.tgz. Extracting by manifest.
1616 silly tarball no local data for postcss-minify-selectors@https://registry.npmjs.org/postcss-minify-selectors/-/postcss-minify-selectors-5.2.1.tgz. Extracting by manifest.
1617 silly tarball no local data for postcss-merge-rules@https://registry.npmjs.org/postcss-merge-rules/-/postcss-merge-rules-5.1.4.tgz. Extracting by manifest.
1618 silly tarball no local data for postcss-merge-longhand@https://registry.npmjs.org/postcss-merge-longhand/-/postcss-merge-longhand-5.1.7.tgz. Extracting by manifest.
1619 silly tarball no local data for postcss-loader@https://registry.npmjs.org/postcss-loader/-/postcss-loader-6.2.1.tgz. Extracting by manifest.
1620 silly tarball no local data for postcss-discard-empty@https://registry.npmjs.org/postcss-discard-empty/-/postcss-discard-empty-5.1.1.tgz. Extracting by manifest.
1621 silly tarball no local data for postcss-discard-duplicates@https://registry.npmjs.org/postcss-discard-duplicates/-/postcss-discard-duplicates-5.1.0.tgz. Extracting by manifest.
1622 silly tarball no local data for postcss-discard-overridden@https://registry.npmjs.org/postcss-discard-overridden/-/postcss-discard-overridden-5.1.0.tgz. Extracting by manifest.
1623 silly tarball no local data for postcss-discard-comments@https://registry.npmjs.org/postcss-discard-comments/-/postcss-discard-comments-5.1.2.tgz. Extracting by manifest.
1624 silly tarball no local data for postcss-convert-values@https://registry.npmjs.org/postcss-convert-values/-/postcss-convert-values-5.1.3.tgz. Extracting by manifest.
1625 silly tarball no local data for postcss-colormin@https://registry.npmjs.org/postcss-colormin/-/postcss-colormin-5.3.1.tgz. Extracting by manifest.
1626 silly tarball no local data for postcss@https://registry.npmjs.org/postcss/-/postcss-8.5.6.tgz. Extracting by manifest.
1627 silly tarball no local data for possible-typed-array-names@https://registry.npmjs.org/possible-typed-array-names/-/possible-typed-array-names-1.1.0.tgz. Extracting by manifest.
1628 silly tarball no local data for postcss-calc@https://registry.npmjs.org/postcss-calc/-/postcss-calc-8.2.4.tgz. Extracting by manifest.
1629 silly tarball no local data for pkg-types@https://registry.npmjs.org/pkg-types/-/pkg-types-1.3.1.tgz. Extracting by manifest.
1630 silly tarball no local data for pkg-dir@https://registry.npmjs.org/pkg-dir/-/pkg-dir-4.2.0.tgz. Extracting by manifest.
1631 silly tarball no local data for picomatch@https://registry.npmjs.org/picomatch/-/picomatch-2.3.1.tgz. Extracting by manifest.
1632 silly tarball no local data for picocolors@https://registry.npmjs.org/picocolors/-/picocolors-1.1.1.tgz. Extracting by manifest.
1633 silly tarball no local data for pinia@https://registry.npmjs.org/pinia/-/pinia-3.0.4.tgz. Extracting by manifest.
1634 silly tarball no local data for perfect-debounce@https://registry.npmjs.org/perfect-debounce/-/perfect-debounce-1.0.0.tgz. Extracting by manifest.
1635 silly tarball no local data for pathval@https://registry.npmjs.org/pathval/-/pathval-1.1.1.tgz. Extracting by manifest.
1636 silly tarball no local data for path-to-regexp@https://registry.npmjs.org/path-to-regexp/-/path-to-regexp-0.1.12.tgz. Extracting by manifest.
1637 silly tarball no local data for path-scurry@https://registry.npmjs.org/path-scurry/-/path-scurry-1.11.1.tgz. Extracting by manifest.
1638 silly tarball no local data for portfinder@https://registry.npmjs.org/portfinder/-/portfinder-1.0.38.tgz. Extracting by manifest.
1639 silly tarball no local data for pathe@https://registry.npmjs.org/pathe/-/pathe-1.1.2.tgz. Extracting by manifest.
1640 silly tarball no local data for pdf-lib@https://registry.npmjs.org/pdf-lib/-/pdf-lib-1.17.1.tgz. Extracting by manifest.
1641 silly tarball no local data for path-type@https://registry.npmjs.org/path-type/-/path-type-4.0.0.tgz. Extracting by manifest.
1642 silly tarball no local data for path-is-absolute@https://registry.npmjs.org/path-is-absolute/-/path-is-absolute-1.0.1.tgz. Extracting by manifest.
1643 silly tarball no local data for path-exists@https://registry.npmjs.org/path-exists/-/path-exists-4.0.0.tgz. Extracting by manifest.
1644 silly tarball no local data for path-key@https://registry.npmjs.org/path-key/-/path-key-2.0.1.tgz. Extracting by manifest.
1645 silly tarball no local data for path-parse@https://registry.npmjs.org/path-parse/-/path-parse-1.0.7.tgz. Extracting by manifest.
1646 silly tarball no local data for pascal-case@https://registry.npmjs.org/pascal-case/-/pascal-case-3.1.2.tgz. Extracting by manifest.
1647 silly tarball no local data for parseurl@https://registry.npmjs.org/parseurl/-/parseurl-1.3.3.tgz. Extracting by manifest.
1648 silly tarball no local data for parse-json@https://registry.npmjs.org/parse-json/-/parse-json-5.2.0.tgz. Extracting by manifest.
1649 silly tarball no local data for parse5@https://registry.npmjs.org/parse5/-/parse5-5.1.1.tgz. Extracting by manifest.
1650 silly tarball no local data for parent-module@https://registry.npmjs.org/parent-module/-/parent-module-1.0.1.tgz. Extracting by manifest.
1651 silly tarball no local data for parse5-htmlparser2-tree-adapter@https://registry.npmjs.org/parse5-htmlparser2-tree-adapter/-/parse5-htmlparser2-tree-adapter-6.0.1.tgz. Extracting by manifest.
1652 silly tarball no local data for param-case@https://registry.npmjs.org/param-case/-/param-case-3.0.4.tgz. Extracting by manifest.
1653 silly tarball no local data for pako@https://registry.npmjs.org/pako/-/pako-1.0.11.tgz. Extracting by manifest.
1654 silly tarball no local data for package-json-from-dist@https://registry.npmjs.org/package-json-from-dist/-/package-json-from-dist-1.0.1.tgz. Extracting by manifest.
1655 silly tarball no local data for p-retry@https://registry.npmjs.org/p-retry/-/p-retry-4.6.2.tgz. Extracting by manifest.
1656 silly tarball no local data for p-locate@https://registry.npmjs.org/p-locate/-/p-locate-4.1.0.tgz. Extracting by manifest.
1657 silly tarball no local data for p-limit@https://registry.npmjs.org/p-limit/-/p-limit-2.3.0.tgz. Extracting by manifest.
1658 silly tarball no local data for p-try@https://registry.npmjs.org/p-try/-/p-try-2.2.0.tgz. Extracting by manifest.
1659 silly tarball no local data for p-finally@https://registry.npmjs.org/p-finally/-/p-finally-1.0.0.tgz. Extracting by manifest.
1660 silly tarball no local data for outvariant@https://registry.npmjs.org/outvariant/-/outvariant-1.4.3.tgz. Extracting by manifest.
1661 silly tarball no local data for ora@https://registry.npmjs.org/ora/-/ora-5.4.1.tgz. Extracting by manifest.
1662 silly tarball no local data for opener@https://registry.npmjs.org/opener/-/opener-1.5.2.tgz. Extracting by manifest.
1663 silly tarball no local data for open@https://registry.npmjs.org/open/-/open-8.4.2.tgz. Extracting by manifest.
1664 silly tarball no local data for onetime@https://registry.npmjs.org/onetime/-/onetime-5.1.2.tgz. Extracting by manifest.
1665 silly tarball no local data for optionator@https://registry.npmjs.org/optionator/-/optionator-0.9.4.tgz. Extracting by manifest.
1666 silly tarball no local data for once@https://registry.npmjs.org/once/-/once-1.4.0.tgz. Extracting by manifest.
1667 silly tarball no local data for on-finished@https://registry.npmjs.org/on-finished/-/on-finished-2.4.1.tgz. Extracting by manifest.
1668 silly tarball no local data for on-headers@https://registry.npmjs.org/on-headers/-/on-headers-1.1.0.tgz. Extracting by manifest.
1669 silly tarball no local data for object.assign@https://registry.npmjs.org/object.assign/-/object.assign-4.1.7.tgz. Extracting by manifest.
1670 silly tarball no local data for object-keys@https://registry.npmjs.org/object-keys/-/object-keys-1.1.1.tgz. Extracting by manifest.
1671 silly tarball no local data for obuf@https://registry.npmjs.org/obuf/-/obuf-1.1.2.tgz. Extracting by manifest.
1672 silly tarball no local data for object-is@https://registry.npmjs.org/object-is/-/object-is-1.1.6.tgz. Extracting by manifest.
1673 silly tarball no local data for object-inspect@https://registry.npmjs.org/object-inspect/-/object-inspect-1.13.4.tgz. Extracting by manifest.
1674 silly tarball no local data for object-assign@https://registry.npmjs.org/object-assign/-/object-assign-4.1.1.tgz. Extracting by manifest.
1675 silly tarball no local data for nth-check@https://registry.npmjs.org/nth-check/-/nth-check-2.1.1.tgz. Extracting by manifest.
1676 silly tarball no local data for normalize-url@https://registry.npmjs.org/normalize-url/-/normalize-url-6.1.0.tgz. Extracting by manifest.
1677 silly tarball no local data for npm-run-path@https://registry.npmjs.org/npm-run-path/-/npm-run-path-2.0.2.tgz. Extracting by manifest.
1678 silly tarball no local data for nwsapi@https://registry.npmjs.org/nwsapi/-/nwsapi-2.2.23.tgz. Extracting by manifest.
1679 silly tarball no local data for normalize-path@https://registry.npmjs.org/normalize-path/-/normalize-path-3.0.0.tgz. Extracting by manifest.
1680 silly tarball no local data for nopt@https://registry.npmjs.org/nopt/-/nopt-7.2.1.tgz. Extracting by manifest.
1681 silly tarball no local data for normalize-package-data@https://registry.npmjs.org/normalize-package-data/-/normalize-package-data-2.5.0.tgz. Extracting by manifest.
1682 silly tarball no local data for node-forge@https://registry.npmjs.org/node-forge/-/node-forge-1.3.3.tgz. Extracting by manifest.
1683 silly tarball no local data for node-fetch@https://registry.npmjs.org/node-fetch/-/node-fetch-2.7.0.tgz. Extracting by manifest.
1684 silly tarball no local data for no-case@https://registry.npmjs.org/no-case/-/no-case-3.0.4.tgz. Extracting by manifest.
1685 silly tarball no local data for node-releases@https://registry.npmjs.org/node-releases/-/node-releases-2.0.27.tgz. Extracting by manifest.
1686 silly tarball no local data for nice-try@https://registry.npmjs.org/nice-try/-/nice-try-1.0.5.tgz. Extracting by manifest.
1687 silly tarball no local data for neo-async@https://registry.npmjs.org/neo-async/-/neo-async-2.6.2.tgz. Extracting by manifest.
1688 silly tarball no local data for negotiator@https://registry.npmjs.org/negotiator/-/negotiator-0.6.4.tgz. Extracting by manifest.
1689 silly tarball no local data for nanoid@https://registry.npmjs.org/nanoid/-/nanoid-3.3.11.tgz. Extracting by manifest.
1690 silly tarball no local data for mz@https://registry.npmjs.org/mz/-/mz-2.7.0.tgz. Extracting by manifest.
1691 silly tarball no local data for mute-stream@https://registry.npmjs.org/mute-stream/-/mute-stream-2.0.0.tgz. Extracting by manifest.
1692 silly tarball no local data for natural-compare@https://registry.npmjs.org/natural-compare/-/natural-compare-1.4.0.tgz. Extracting by manifest.
1693 silly tarball no local data for multicast-dns@https://registry.npmjs.org/multicast-dns/-/multicast-dns-7.2.5.tgz. Extracting by manifest.
1694 silly tarball no local data for msw@https://registry.npmjs.org/msw/-/msw-2.12.9.tgz. Extracting by manifest.
1695 silly tarball no local data for ms@https://registry.npmjs.org/ms/-/ms-2.1.3.tgz. Extracting by manifest.
1696 silly tarball no local data for module-alias@https://registry.npmjs.org/module-alias/-/module-alias-2.2.3.tgz. Extracting by manifest.
1697 silly tarball no local data for mrmime@https://registry.npmjs.org/mrmime/-/mrmime-2.0.1.tgz. Extracting by manifest.
1698 silly tarball no local data for mitt@https://registry.npmjs.org/mitt/-/mitt-3.0.1.tgz. Extracting by manifest.
1699 silly tarball no local data for minipass@https://registry.npmjs.org/minipass/-/minipass-3.3.6.tgz. Extracting by manifest.
1700 silly tarball no local data for minimalistic-assert@https://registry.npmjs.org/minimalistic-assert/-/minimalistic-assert-1.0.1.tgz. Extracting by manifest.
1701 silly tarball no local data for mlly@https://registry.npmjs.org/mlly/-/mlly-1.8.0.tgz. Extracting by manifest.
1702 silly tarball no local data for minimist@https://registry.npmjs.org/minimist/-/minimist-1.2.8.tgz. Extracting by manifest.
1703 silly tarball no local data for minimatch@https://registry.npmjs.org/minimatch/-/minimatch-3.1.2.tgz. Extracting by manifest.
1704 silly tarball no local data for mini-css-extract-plugin@https://registry.npmjs.org/mini-css-extract-plugin/-/mini-css-extract-plugin-2.9.4.tgz. Extracting by manifest.
1705 silly tarball no local data for mime-db@https://registry.npmjs.org/mime-db/-/mime-db-1.52.0.tgz. Extracting by manifest.
1706 silly tarball no local data for mime@https://registry.npmjs.org/mime/-/mime-1.6.0.tgz. Extracting by manifest.
1707 silly tarball no local data for micromatch@https://registry.npmjs.org/micromatch/-/micromatch-4.0.8.tgz. Extracting by manifest.
1708 silly tarball no local data for mime-types@https://registry.npmjs.org/mime-types/-/mime-types-2.1.35.tgz. Extracting by manifest.
1709 silly tarball no local data for mimic-fn@https://registry.npmjs.org/mimic-fn/-/mimic-fn-2.1.0.tgz. Extracting by manifest.
1710 silly tarball no local data for methods@https://registry.npmjs.org/methods/-/methods-1.1.2.tgz. Extracting by manifest.
1711 silly tarball no local data for merge2@https://registry.npmjs.org/merge2/-/merge2-1.4.1.tgz. Extracting by manifest.
1712 silly tarball no local data for merge-stream@https://registry.npmjs.org/merge-stream/-/merge-stream-2.0.0.tgz. Extracting by manifest.
1713 silly tarball no local data for merge-descriptors@https://registry.npmjs.org/merge-descriptors/-/merge-descriptors-1.0.3.tgz. Extracting by manifest.
1714 silly tarball no local data for merge-source-map@https://registry.npmjs.org/merge-source-map/-/merge-source-map-1.1.0.tgz. Extracting by manifest.
1715 silly tarball no local data for memfs@https://registry.npmjs.org/memfs/-/memfs-3.5.3.tgz. Extracting by manifest.
1716 silly tarball no local data for media-typer@https://registry.npmjs.org/media-typer/-/media-typer-0.3.0.tgz. Extracting by manifest.
1717 silly tarball no local data for mdn-data@https://registry.npmjs.org/mdn-data/-/mdn-data-2.0.14.tgz. Extracting by manifest.
1718 silly tarball no local data for math-intrinsics@https://registry.npmjs.org/math-intrinsics/-/math-intrinsics-1.1.0.tgz. Extracting by manifest.
1719 silly tarball no local data for make-dir@https://registry.npmjs.org/make-dir/-/make-dir-3.1.0.tgz. Extracting by manifest.
1720 silly tarball no local data for magicast@https://registry.npmjs.org/magicast/-/magicast-0.3.5.tgz. Extracting by manifest.
1721 silly tarball no local data for magic-string@https://registry.npmjs.org/magic-string/-/magic-string-0.30.21.tgz. Extracting by manifest.
1722 silly tarball no local data for lz-string@https://registry.npmjs.org/lz-string/-/lz-string-1.5.0.tgz. Extracting by manifest.
1723 silly tarball no local data for lru-cache@https://registry.npmjs.org/lru-cache/-/lru-cache-5.1.1.tgz. Extracting by manifest.
1724 silly tarball no local data for lower-case@https://registry.npmjs.org/lower-case/-/lower-case-2.0.2.tgz. Extracting by manifest.
1725 silly tarball no local data for loupe@https://registry.npmjs.org/loupe/-/loupe-2.3.7.tgz. Extracting by manifest.
1726 silly tarball no local data for log-update@https://registry.npmjs.org/log-update/-/log-update-2.3.0.tgz. Extracting by manifest.
1727 silly tarball no local data for log-symbols@https://registry.npmjs.org/log-symbols/-/log-symbols-4.1.0.tgz. Extracting by manifest.
1728 silly tarball no local data for lodash.uniq@https://registry.npmjs.org/lodash.uniq/-/lodash.uniq-4.5.0.tgz. Extracting by manifest.
1729 silly tarball no local data for lodash.truncate@https://registry.npmjs.org/lodash.truncate/-/lodash.truncate-4.4.2.tgz. Extracting by manifest.
1730 silly tarball no local data for lodash.merge@https://registry.npmjs.org/lodash.merge/-/lodash.merge-4.6.2.tgz. Extracting by manifest.
1731 silly tarball no local data for lodash.mapvalues@https://registry.npmjs.org/lodash.mapvalues/-/lodash.mapvalues-4.6.0.tgz. Extracting by manifest.
1732 silly tarball no local data for lodash.defaultsdeep@https://registry.npmjs.org/lodash.defaultsdeep/-/lodash.defaultsdeep-4.6.1.tgz. Extracting by manifest.
1733 silly tarball no local data for lodash.kebabcase@https://registry.npmjs.org/lodash.kebabcase/-/lodash.kebabcase-4.1.1.tgz. Extracting by manifest.
1734 silly tarball no local data for lodash.debounce@https://registry.npmjs.org/lodash.debounce/-/lodash.debounce-4.0.8.tgz. Extracting by manifest.
1735 silly tarball no local data for lodash.memoize@https://registry.npmjs.org/lodash.memoize/-/lodash.memoize-4.1.2.tgz. Extracting by manifest.
1736 silly tarball no local data for locate-path@https://registry.npmjs.org/locate-path/-/locate-path-5.0.0.tgz. Extracting by manifest.
1737 silly tarball no local data for lodash@https://registry.npmjs.org/lodash/-/lodash-4.17.23.tgz. Extracting by manifest.
1738 silly tarball no local data for local-pkg@https://registry.npmjs.org/local-pkg/-/local-pkg-0.5.1.tgz. Extracting by manifest.
1739 silly tarball no local data for loader-utils@https://registry.npmjs.org/loader-utils/-/loader-utils-1.4.2.tgz. Extracting by manifest.
1740 silly tarball no local data for loader-runner@https://registry.npmjs.org/loader-runner/-/loader-runner-4.3.1.tgz. Extracting by manifest.
1741 silly tarball no local data for lines-and-columns@https://registry.npmjs.org/lines-and-columns/-/lines-and-columns-1.2.4.tgz. Extracting by manifest.
1742 silly tarball no local data for lilconfig@https://registry.npmjs.org/lilconfig/-/lilconfig-2.1.0.tgz. Extracting by manifest.
1743 silly tarball no local data for levn@https://registry.npmjs.org/levn/-/levn-0.4.1.tgz. Extracting by manifest.
1744 silly tarball no local data for launch-editor@https://registry.npmjs.org/launch-editor/-/launch-editor-2.12.0.tgz. Extracting by manifest.
1745 silly tarball no local data for kind-of@https://registry.npmjs.org/kind-of/-/kind-of-6.0.3.tgz. Extracting by manifest.
1746 silly tarball no local data for launch-editor-middleware@https://registry.npmjs.org/launch-editor-middleware/-/launch-editor-middleware-2.12.0.tgz. Extracting by manifest.
1747 silly tarball no local data for klona@https://registry.npmjs.org/klona/-/klona-2.0.6.tgz. Extracting by manifest.
1748 silly tarball no local data for keyv@https://registry.npmjs.org/keyv/-/keyv-4.5.4.tgz. Extracting by manifest.
1749 silly tarball no local data for jsonfile@https://registry.npmjs.org/jsonfile/-/jsonfile-6.2.0.tgz. Extracting by manifest.
1750 silly tarball no local data for json5@https://registry.npmjs.org/json5/-/json5-2.2.3.tgz. Extracting by manifest.
1751 silly tarball no local data for json-stable-stringify-without-jsonify@https://registry.npmjs.org/json-stable-stringify-without-jsonify/-/json-stable-stringify-without-jsonify-1.0.1.tgz. Extracting by manifest.
1752 silly tarball no local data for json-parse-even-better-errors@https://registry.npmjs.org/json-parse-even-better-errors/-/json-parse-even-better-errors-2.3.1.tgz. Extracting by manifest.
1753 silly tarball no local data for json-buffer@https://registry.npmjs.org/json-buffer/-/json-buffer-3.0.1.tgz. Extracting by manifest.
1754 silly tarball no local data for json-parse-better-errors@https://registry.npmjs.org/json-parse-better-errors/-/json-parse-better-errors-1.0.2.tgz. Extracting by manifest.
1755 silly tarball no local data for jsesc@https://registry.npmjs.org/jsesc/-/jsesc-3.1.0.tgz. Extracting by manifest.
1756 silly tarball no local data for jsdom@https://registry.npmjs.org/jsdom/-/jsdom-22.1.0.tgz. Extracting by manifest.
1757 silly tarball no local data for js-yaml@https://registry.npmjs.org/js-yaml/-/js-yaml-3.14.2.tgz. Extracting by manifest.
1758 silly tarball no local data for json-schema-traverse@https://registry.npmjs.org/json-schema-traverse/-/json-schema-traverse-0.4.1.tgz. Extracting by manifest.
1759 silly tarball no local data for js-tokens@https://registry.npmjs.org/js-tokens/-/js-tokens-4.0.0.tgz. Extracting by manifest.
1760 silly tarball no local data for js-message@https://registry.npmjs.org/js-message/-/js-message-1.0.7.tgz. Extracting by manifest.
1761 silly tarball no local data for js-cookie@https://registry.npmjs.org/js-cookie/-/js-cookie-3.0.5.tgz. Extracting by manifest.
1762 silly tarball no local data for joi@https://registry.npmjs.org/joi/-/joi-17.13.3.tgz. Extracting by manifest.
1763 silly tarball no local data for js-beautify@https://registry.npmjs.org/js-beautify/-/js-beautify-1.15.4.tgz. Extracting by manifest.
1764 silly tarball no local data for jest-worker@https://registry.npmjs.org/jest-worker/-/jest-worker-27.5.1.tgz. Extracting by manifest.
1765 silly tarball no local data for jest-util@https://registry.npmjs.org/jest-util/-/jest-util-30.2.0.tgz. Extracting by manifest.
1766 silly tarball no local data for jest-mock@https://registry.npmjs.org/jest-mock/-/jest-mock-30.2.0.tgz. Extracting by manifest.
1767 silly tarball no local data for jest-message-util@https://registry.npmjs.org/jest-message-util/-/jest-message-util-30.2.0.tgz. Extracting by manifest.
1768 silly tarball no local data for jest-environment-jsdom@https://registry.npmjs.org/jest-environment-jsdom/-/jest-environment-jsdom-30.2.0.tgz. Extracting by manifest.
1769 silly tarball no local data for javascript-stringify@https://registry.npmjs.org/javascript-stringify/-/javascript-stringify-2.1.0.tgz. Extracting by manifest.
1770 silly tarball no local data for jackspeak@https://registry.npmjs.org/jackspeak/-/jackspeak-3.4.3.tgz. Extracting by manifest.
1771 silly tarball no local data for istanbul-reports@https://registry.npmjs.org/istanbul-reports/-/istanbul-reports-3.2.0.tgz. Extracting by manifest.
1772 silly tarball no local data for istanbul-lib-source-maps@https://registry.npmjs.org/istanbul-lib-source-maps/-/istanbul-lib-source-maps-5.0.6.tgz. Extracting by manifest.
1773 silly tarball no local data for istanbul-lib-report@https://registry.npmjs.org/istanbul-lib-report/-/istanbul-lib-report-3.0.1.tgz. Extracting by manifest.
1774 silly tarball no local data for istanbul-lib-coverage@https://registry.npmjs.org/istanbul-lib-coverage/-/istanbul-lib-coverage-3.2.2.tgz. Extracting by manifest.
1775 silly tarball no local data for isobject@https://registry.npmjs.org/isobject/-/isobject-3.0.1.tgz. Extracting by manifest.
1776 silly tarball no local data for isexe@https://registry.npmjs.org/isexe/-/isexe-2.0.0.tgz. Extracting by manifest.
1777 silly tarball no local data for isarray@https://registry.npmjs.org/isarray/-/isarray-1.0.0.tgz. Extracting by manifest.
1778 silly tarball no local data for jest-regex-util@https://registry.npmjs.org/jest-regex-util/-/jest-regex-util-30.0.1.tgz. Extracting by manifest.
1779 silly tarball no local data for is-wsl@https://registry.npmjs.org/is-wsl/-/is-wsl-2.2.0.tgz. Extracting by manifest.
1780 silly tarball no local data for is-what@https://registry.npmjs.org/is-what/-/is-what-5.5.0.tgz. Extracting by manifest.
1781 silly tarball no local data for is-weakset@https://registry.npmjs.org/is-weakset/-/is-weakset-2.0.4.tgz. Extracting by manifest.
1782 silly tarball no local data for is-unicode-supported@https://registry.npmjs.org/is-unicode-supported/-/is-unicode-supported-0.1.0.tgz. Extracting by manifest.
1783 silly tarball no local data for is-symbol@https://registry.npmjs.org/is-symbol/-/is-symbol-1.1.1.tgz. Extracting by manifest.
1784 silly tarball no local data for is-weakmap@https://registry.npmjs.org/is-weakmap/-/is-weakmap-2.0.2.tgz. Extracting by manifest.
1785 silly tarball no local data for is-string@https://registry.npmjs.org/is-string/-/is-string-1.1.1.tgz. Extracting by manifest.
1786 silly tarball no local data for is-stream@https://registry.npmjs.org/is-stream/-/is-stream-1.1.0.tgz. Extracting by manifest.
1787 silly tarball no local data for is-set@https://registry.npmjs.org/is-set/-/is-set-2.0.3.tgz. Extracting by manifest.
1788 silly tarball no local data for is-regex@https://registry.npmjs.org/is-regex/-/is-regex-1.2.1.tgz. Extracting by manifest.
1789 silly tarball no local data for is-potential-custom-element-name@https://registry.npmjs.org/is-potential-custom-element-name/-/is-potential-custom-element-name-1.0.1.tgz. Extracting by manifest.
1790 silly tarball no local data for is-shared-array-buffer@https://registry.npmjs.org/is-shared-array-buffer/-/is-shared-array-buffer-1.0.4.tgz. Extracting by manifest.
1791 silly tarball no local data for is-plain-object@https://registry.npmjs.org/is-plain-object/-/is-plain-object-2.0.4.tgz. Extracting by manifest.
1792 silly tarball no local data for is-plain-obj@https://registry.npmjs.org/is-plain-obj/-/is-plain-obj-3.0.0.tgz. Extracting by manifest.
1793 silly tarball no local data for is-number-object@https://registry.npmjs.org/is-number-object/-/is-number-object-1.1.1.tgz. Extracting by manifest.
1794 silly tarball no local data for is-number@https://registry.npmjs.org/is-number/-/is-number-7.0.0.tgz. Extracting by manifest.
1795 silly tarball no local data for is-node-process@https://registry.npmjs.org/is-node-process/-/is-node-process-1.2.0.tgz. Extracting by manifest.
1796 silly tarball no local data for is-map@https://registry.npmjs.org/is-map/-/is-map-2.0.3.tgz. Extracting by manifest.
1797 silly tarball no local data for is-interactive@https://registry.npmjs.org/is-interactive/-/is-interactive-1.0.0.tgz. Extracting by manifest.
1798 silly tarball no local data for is-fullwidth-code-point@https://registry.npmjs.org/is-fullwidth-code-point/-/is-fullwidth-code-point-3.0.0.tgz. Extracting by manifest.
1799 silly tarball no local data for is-glob@https://registry.npmjs.org/is-glob/-/is-glob-4.0.3.tgz. Extracting by manifest.
1800 silly tarball no local data for is-file-esm@https://registry.npmjs.org/is-file-esm/-/is-file-esm-1.0.0.tgz. Extracting by manifest.
1801 silly tarball no local data for is-extglob@https://registry.npmjs.org/is-extglob/-/is-extglob-2.1.1.tgz. Extracting by manifest.
1802 silly tarball no local data for is-date-object@https://registry.npmjs.org/is-date-object/-/is-date-object-1.1.0.tgz. Extracting by manifest.
1803 silly tarball no local data for is-docker@https://registry.npmjs.org/is-docker/-/is-docker-2.2.1.tgz. Extracting by manifest.
1804 silly tarball no local data for is-ci@https://registry.npmjs.org/is-ci/-/is-ci-1.2.1.tgz. Extracting by manifest.
1805 silly tarball no local data for is-core-module@https://registry.npmjs.org/is-core-module/-/is-core-module-2.16.1.tgz. Extracting by manifest.
1806 silly tarball no local data for is-buffer@https://registry.npmjs.org/is-buffer/-/is-buffer-2.0.5.tgz. Extracting by manifest.
1807 silly tarball no local data for is-callable@https://registry.npmjs.org/is-callable/-/is-callable-1.2.7.tgz. Extracting by manifest.
1808 silly tarball no local data for is-boolean-object@https://registry.npmjs.org/is-boolean-object/-/is-boolean-object-1.2.2.tgz. Extracting by manifest.
1809 silly tarball no local data for is-binary-path@https://registry.npmjs.org/is-binary-path/-/is-binary-path-2.1.0.tgz. Extracting by manifest.
1810 silly tarball no local data for is-arrayish@https://registry.npmjs.org/is-arrayish/-/is-arrayish-0.2.1.tgz. Extracting by manifest.
1811 silly tarball no local data for is-array-buffer@https://registry.npmjs.org/is-array-buffer/-/is-array-buffer-3.0.5.tgz. Extracting by manifest.
1812 silly tarball no local data for is-bigint@https://registry.npmjs.org/is-bigint/-/is-bigint-1.1.0.tgz. Extracting by manifest.
1813 silly tarball no local data for is-arguments@https://registry.npmjs.org/is-arguments/-/is-arguments-1.2.0.tgz. Extracting by manifest.
1814 silly tarball no local data for ipaddr.js@https://registry.npmjs.org/ipaddr.js/-/ipaddr.js-2.3.0.tgz. Extracting by manifest.
1815 silly tarball no local data for internal-slot@https://registry.npmjs.org/internal-slot/-/internal-slot-1.1.0.tgz. Extracting by manifest.
1816 silly tarball no local data for ini@https://registry.npmjs.org/ini/-/ini-1.3.8.tgz. Extracting by manifest.
1817 silly tarball no local data for inherits@https://registry.npmjs.org/inherits/-/inherits-2.0.4.tgz. Extracting by manifest.
1818 silly tarball no local data for inflight@https://registry.npmjs.org/inflight/-/inflight-1.0.6.tgz. Extracting by manifest.
1819 silly tarball no local data for imurmurhash@https://registry.npmjs.org/imurmurhash/-/imurmurhash-0.1.4.tgz. Extracting by manifest.
1820 silly tarball no local data for import-fresh@https://registry.npmjs.org/import-fresh/-/import-fresh-3.3.1.tgz. Extracting by manifest.
1821 silly tarball no local data for ignore@https://registry.npmjs.org/ignore/-/ignore-5.3.2.tgz. Extracting by manifest.
1822 silly tarball no local data for ieee754@https://registry.npmjs.org/ieee754/-/ieee754-1.2.1.tgz. Extracting by manifest.
1823 silly tarball no local data for iconv-lite@https://registry.npmjs.org/iconv-lite/-/iconv-lite-0.4.24.tgz. Extracting by manifest.
1824 silly tarball no local data for human-signals@https://registry.npmjs.org/human-signals/-/human-signals-2.1.0.tgz. Extracting by manifest.
1825 silly tarball no local data for https-proxy-agent@https://registry.npmjs.org/https-proxy-agent/-/https-proxy-agent-5.0.1.tgz. Extracting by manifest.
1826 silly tarball no local data for http-proxy-agent@https://registry.npmjs.org/http-proxy-agent/-/http-proxy-agent-5.0.0.tgz. Extracting by manifest.
1827 silly tarball no local data for http-proxy-middleware@https://registry.npmjs.org/http-proxy-middleware/-/http-proxy-middleware-2.0.9.tgz. Extracting by manifest.
1828 silly tarball no local data for http-proxy@https://registry.npmjs.org/http-proxy/-/http-proxy-1.18.1.tgz. Extracting by manifest.
1829 silly tarball no local data for icss-utils@https://registry.npmjs.org/icss-utils/-/icss-utils-5.1.0.tgz. Extracting by manifest.
1830 silly tarball no local data for http-parser-js@https://registry.npmjs.org/http-parser-js/-/http-parser-js-0.5.10.tgz. Extracting by manifest.
1831 silly tarball no local data for http-deceiver@https://registry.npmjs.org/http-deceiver/-/http-deceiver-1.2.7.tgz. Extracting by manifest.
1832 silly tarball no local data for http-errors@https://registry.npmjs.org/http-errors/-/http-errors-2.0.1.tgz. Extracting by manifest.
1833 silly tarball no local data for html-webpack-plugin@https://registry.npmjs.org/html-webpack-plugin/-/html-webpack-plugin-5.6.5.tgz. Extracting by manifest.
1834 silly tarball no local data for htmlparser2@https://registry.npmjs.org/htmlparser2/-/htmlparser2-6.1.0.tgz. Extracting by manifest.
1835 silly tarball no local data for html-tags@https://registry.npmjs.org/html-tags/-/html-tags-2.0.0.tgz. Extracting by manifest.
1836 silly tarball no local data for html-minifier-terser@https://registry.npmjs.org/html-minifier-terser/-/html-minifier-terser-6.1.0.tgz. Extracting by manifest.
1837 silly tarball no local data for html-escaper@https://registry.npmjs.org/html-escaper/-/html-escaper-2.0.2.tgz. Extracting by manifest.
1838 silly tarball no local data for html-entities@https://registry.npmjs.org/html-entities/-/html-entities-2.6.0.tgz. Extracting by manifest.
1839 silly tarball no local data for hpack.js@https://registry.npmjs.org/hpack.js/-/hpack.js-2.1.6.tgz. Extracting by manifest.
1840 silly tarball no local data for html-encoding-sniffer@https://registry.npmjs.org/html-encoding-sniffer/-/html-encoding-sniffer-3.0.0.tgz. Extracting by manifest.
1841 silly tarball no local data for hosted-git-info@https://registry.npmjs.org/hosted-git-info/-/hosted-git-info-2.8.9.tgz. Extracting by manifest.
1842 silly tarball no local data for hookable@https://registry.npmjs.org/hookable/-/hookable-5.5.3.tgz. Extracting by manifest.
1843 silly tarball no local data for headers-polyfill@https://registry.npmjs.org/headers-polyfill/-/headers-polyfill-4.0.3.tgz. Extracting by manifest.
1844 silly tarball no local data for highlight.js@https://registry.npmjs.org/highlight.js/-/highlight.js-10.7.3.tgz. Extracting by manifest.
1845 silly tarball no local data for he@https://registry.npmjs.org/he/-/he-1.2.0.tgz. Extracting by manifest.
1846 silly tarball no local data for hasown@https://registry.npmjs.org/hasown/-/hasown-2.0.2.tgz. Extracting by manifest.
1847 silly tarball no local data for has-symbols@https://registry.npmjs.org/has-symbols/-/has-symbols-1.1.0.tgz. Extracting by manifest.
1848 silly tarball no local data for has-tostringtag@https://registry.npmjs.org/has-tostringtag/-/has-tostringtag-1.0.2.tgz. Extracting by manifest.
1849 silly tarball no local data for has-property-descriptors@https://registry.npmjs.org/has-property-descriptors/-/has-property-descriptors-1.0.2.tgz. Extracting by manifest.
1850 silly tarball no local data for has-flag@https://registry.npmjs.org/has-flag/-/has-flag-4.0.0.tgz. Extracting by manifest.
1851 silly tarball no local data for has-bigints@https://registry.npmjs.org/has-bigints/-/has-bigints-1.1.0.tgz. Extracting by manifest.
1852 silly tarball no local data for hash-sum@https://registry.npmjs.org/hash-sum/-/hash-sum-2.0.0.tgz. Extracting by manifest.
1853 silly tarball no local data for handle-thing@https://registry.npmjs.org/handle-thing/-/handle-thing-2.0.1.tgz. Extracting by manifest.
1854 silly tarball no local data for graphql@https://registry.npmjs.org/graphql/-/graphql-16.12.0.tgz. Extracting by manifest.
1855 silly tarball no local data for gopd@https://registry.npmjs.org/gopd/-/gopd-1.2.0.tgz. Extracting by manifest.
1856 silly tarball no local data for graceful-fs@https://registry.npmjs.org/graceful-fs/-/graceful-fs-4.2.11.tgz. Extracting by manifest.
1857 silly tarball no local data for gzip-size@https://registry.npmjs.org/gzip-size/-/gzip-size-6.0.0.tgz. Extracting by manifest.
1858 silly tarball no local data for globby@https://registry.npmjs.org/globby/-/globby-11.1.0.tgz. Extracting by manifest.
1859 silly tarball no local data for globals@https://registry.npmjs.org/globals/-/globals-13.24.0.tgz. Extracting by manifest.
1860 silly tarball no local data for glob-to-regexp@https://registry.npmjs.org/glob-to-regexp/-/glob-to-regexp-0.4.1.tgz. Extracting by manifest.
1861 silly tarball no local data for glob-parent@https://registry.npmjs.org/glob-parent/-/glob-parent-6.0.2.tgz. Extracting by manifest.
1862 silly tarball no local data for glob@https://registry.npmjs.org/glob/-/glob-7.2.3.tgz. Extracting by manifest.
1863 silly tarball no local data for get-intrinsic@https://registry.npmjs.org/get-intrinsic/-/get-intrinsic-1.3.0.tgz. Extracting by manifest.
1864 silly tarball no local data for get-func-name@https://registry.npmjs.org/get-func-name/-/get-func-name-2.0.2.tgz. Extracting by manifest.
1865 silly tarball no local data for get-caller-file@https://registry.npmjs.org/get-caller-file/-/get-caller-file-2.0.5.tgz. Extracting by manifest.
1866 silly tarball no local data for get-stream@https://registry.npmjs.org/get-stream/-/get-stream-4.1.0.tgz. Extracting by manifest.
1867 silly tarball no local data for functions-have-names@https://registry.npmjs.org/functions-have-names/-/functions-have-names-1.2.3.tgz. Extracting by manifest.
1868 silly tarball no local data for get-proto@https://registry.npmjs.org/get-proto/-/get-proto-1.0.1.tgz. Extracting by manifest.
1869 silly tarball no local data for functional-red-black-tree@https://registry.npmjs.org/functional-red-black-tree/-/functional-red-black-tree-1.0.1.tgz. Extracting by manifest.
1870 silly tarball no local data for gensync@https://registry.npmjs.org/gensync/-/gensync-1.0.0-beta.2.tgz. Extracting by manifest.
1871 silly tarball no local data for function-bind@https://registry.npmjs.org/function-bind/-/function-bind-1.1.2.tgz. Extracting by manifest.
1872 silly tarball no local data for fs-monkey@https://registry.npmjs.org/fs-monkey/-/fs-monkey-1.1.0.tgz. Extracting by manifest.
1873 silly tarball no local data for fs.realpath@https://registry.npmjs.org/fs.realpath/-/fs.realpath-1.0.0.tgz. Extracting by manifest.
1874 silly tarball no local data for fs-extra@https://registry.npmjs.org/fs-extra/-/fs-extra-9.1.0.tgz. Extracting by manifest.
1875 silly tarball no local data for fresh@https://registry.npmjs.org/fresh/-/fresh-0.5.2.tgz. Extracting by manifest.
1876 silly tarball no local data for fraction.js@https://registry.npmjs.org/fraction.js/-/fraction.js-5.3.4.tgz. Extracting by manifest.
1877 silly tarball no local data for forwarded@https://registry.npmjs.org/forwarded/-/forwarded-0.2.0.tgz. Extracting by manifest.
1878 silly tarball no local data for form-data@https://registry.npmjs.org/form-data/-/form-data-4.0.5.tgz. Extracting by manifest.
1879 silly tarball no local data for foreground-child@https://registry.npmjs.org/foreground-child/-/foreground-child-3.3.1.tgz. Extracting by manifest.
1880 silly tarball no local data for flatted@https://registry.npmjs.org/flatted/-/flatted-3.3.3.tgz. Extracting by manifest.
1881 silly tarball no local data for follow-redirects@https://registry.npmjs.org/follow-redirects/-/follow-redirects-1.15.11.tgz. Extracting by manifest.
1882 silly tarball no local data for flat-cache@https://registry.npmjs.org/flat-cache/-/flat-cache-3.2.0.tgz. Extracting by manifest.
1883 silly tarball no local data for for-each@https://registry.npmjs.org/for-each/-/for-each-0.3.5.tgz. Extracting by manifest.
1884 silly tarball no local data for find-cache-dir@https://registry.npmjs.org/find-cache-dir/-/find-cache-dir-3.3.2.tgz. Extracting by manifest.
1885 silly tarball no local data for flat@https://registry.npmjs.org/flat/-/flat-5.0.2.tgz. Extracting by manifest.
1886 silly tarball no local data for find-up@https://registry.npmjs.org/find-up/-/find-up-4.1.0.tgz. Extracting by manifest.
1887 silly tarball no local data for finalhandler@https://registry.npmjs.org/finalhandler/-/finalhandler-1.3.2.tgz. Extracting by manifest.
1888 silly tarball no local data for fill-range@https://registry.npmjs.org/fill-range/-/fill-range-7.1.1.tgz. Extracting by manifest.
1889 silly tarball no local data for file-entry-cache@https://registry.npmjs.org/file-entry-cache/-/file-entry-cache-6.0.1.tgz. Extracting by manifest.
1890 silly tarball no local data for figures@https://registry.npmjs.org/figures/-/figures-2.0.0.tgz. Extracting by manifest.
1891 silly tarball no local data for fflate@https://registry.npmjs.org/fflate/-/fflate-0.8.2.tgz. Extracting by manifest.
1892 silly tarball no local data for faye-websocket@https://registry.npmjs.org/faye-websocket/-/faye-websocket-0.11.4.tgz. Extracting by manifest.
1893 silly tarball no local data for fast-uri@https://registry.npmjs.org/fast-uri/-/fast-uri-3.1.0.tgz. Extracting by manifest.
1894 silly tarball no local data for fast-levenshtein@https://registry.npmjs.org/fast-levenshtein/-/fast-levenshtein-2.0.6.tgz. Extracting by manifest.
1895 silly tarball no local data for fast-glob@https://registry.npmjs.org/fast-glob/-/fast-glob-3.3.3.tgz. Extracting by manifest.
1896 silly tarball no local data for fastq@https://registry.npmjs.org/fastq/-/fastq-1.19.1.tgz. Extracting by manifest.
1897 silly tarball no local data for fast-diff@https://registry.npmjs.org/fast-diff/-/fast-diff-1.3.0.tgz. Extracting by manifest.
1898 silly tarball no local data for fast-json-stable-stringify@https://registry.npmjs.org/fast-json-stable-stringify/-/fast-json-stable-stringify-2.1.0.tgz. Extracting by manifest.
1899 silly tarball no local data for fast-deep-equal@https://registry.npmjs.org/fast-deep-equal/-/fast-deep-equal-3.1.3.tgz. Extracting by manifest.
1900 silly tarball no local data for express@https://registry.npmjs.org/express/-/express-4.22.1.tgz. Extracting by manifest.
1901 silly tarball no local data for execa@https://registry.npmjs.org/execa/-/execa-1.0.0.tgz. Extracting by manifest.
1902 silly tarball no local data for events@https://registry.npmjs.org/events/-/events-3.3.0.tgz. Extracting by manifest.
1903 silly tarball no local data for eventemitter3@https://registry.npmjs.org/eventemitter3/-/eventemitter3-4.0.7.tgz. Extracting by manifest.
1904 silly tarball no local data for event-pubsub@https://registry.npmjs.org/event-pubsub/-/event-pubsub-4.3.0.tgz. Extracting by manifest.
1905 silly tarball no local data for esutils@https://registry.npmjs.org/esutils/-/esutils-2.0.3.tgz. Extracting by manifest.
1906 silly tarball no local data for etag@https://registry.npmjs.org/etag/-/etag-1.8.1.tgz. Extracting by manifest.
1907 silly tarball no local data for estraverse@https://registry.npmjs.org/estraverse/-/estraverse-4.3.0.tgz. Extracting by manifest.
1908 silly tarball no local data for estree-walker@https://registry.npmjs.org/estree-walker/-/estree-walker-2.0.2.tgz. Extracting by manifest.
1909 silly tarball no local data for esrecurse@https://registry.npmjs.org/esrecurse/-/esrecurse-4.3.0.tgz. Extracting by manifest.
1910 silly tarball no local data for esquery@https://registry.npmjs.org/esquery/-/esquery-1.6.0.tgz. Extracting by manifest.
1911 silly tarball no local data for esprima@https://registry.npmjs.org/esprima/-/esprima-4.0.1.tgz. Extracting by manifest.
1912 silly tarball no local data for espree@https://registry.npmjs.org/espree/-/espree-7.3.1.tgz. Extracting by manifest.
1913 silly tarball no local data for eslint-webpack-plugin@https://registry.npmjs.org/eslint-webpack-plugin/-/eslint-webpack-plugin-3.2.0.tgz. Extracting by manifest.
1914 silly tarball no local data for eslint-utils@https://registry.npmjs.org/eslint-utils/-/eslint-utils-3.0.0.tgz. Extracting by manifest.
1915 silly tarball no local data for eslint-visitor-keys@https://registry.npmjs.org/eslint-visitor-keys/-/eslint-visitor-keys-2.1.0.tgz. Extracting by manifest.
1916 silly tarball no local data for eslint-scope@https://registry.npmjs.org/eslint-scope/-/eslint-scope-5.1.1.tgz. Extracting by manifest.
1917 silly tarball no local data for eslint-plugin-vue@https://registry.npmjs.org/eslint-plugin-vue/-/eslint-plugin-vue-8.7.1.tgz. Extracting by manifest.
1918 silly tarball no local data for eslint-plugin-prettier@https://registry.npmjs.org/eslint-plugin-prettier/-/eslint-plugin-prettier-3.4.1.tgz. Extracting by manifest.
1919 silly tarball no local data for eslint-config-prettier@https://registry.npmjs.org/eslint-config-prettier/-/eslint-config-prettier-10.1.8.tgz. Extracting by manifest.
1920 silly tarball no local data for eslint@https://registry.npmjs.org/eslint/-/eslint-7.32.0.tgz. Extracting by manifest.
1921 silly tarball no local data for escape-string-regexp@https://registry.npmjs.org/escape-string-regexp/-/escape-string-regexp-1.0.5.tgz. Extracting by manifest.
1922 silly tarball no local data for escape-html@https://registry.npmjs.org/escape-html/-/escape-html-1.0.3.tgz. Extracting by manifest.
1923 silly tarball no local data for escalade@https://registry.npmjs.org/escalade/-/escalade-3.2.0.tgz. Extracting by manifest.
1924 silly tarball no local data for es-set-tostringtag@https://registry.npmjs.org/es-set-tostringtag/-/es-set-tostringtag-2.1.0.tgz. Extracting by manifest.
1925 silly tarball no local data for es-object-atoms@https://registry.npmjs.org/es-object-atoms/-/es-object-atoms-1.1.1.tgz. Extracting by manifest.
1926 silly tarball no local data for esbuild@https://registry.npmjs.org/esbuild/-/esbuild-0.21.5.tgz. Extracting by manifest.
1927 silly tarball no local data for es-module-lexer@https://registry.npmjs.org/es-module-lexer/-/es-module-lexer-2.0.0.tgz. Extracting by manifest.
1928 silly tarball no local data for es-get-iterator@https://registry.npmjs.org/es-get-iterator/-/es-get-iterator-1.1.3.tgz. Extracting by manifest.
1929 silly tarball no local data for es-errors@https://registry.npmjs.org/es-errors/-/es-errors-1.3.0.tgz. Extracting by manifest.
1930 silly tarball no local data for error-stack-parser@https://registry.npmjs.org/error-stack-parser/-/error-stack-parser-2.1.4.tgz. Extracting by manifest.
1931 silly tarball no local data for es-define-property@https://registry.npmjs.org/es-define-property/-/es-define-property-1.0.1.tgz. Extracting by manifest.
1932 silly tarball no local data for error-ex@https://registry.npmjs.org/error-ex/-/error-ex-1.3.4.tgz. Extracting by manifest.
1933 silly tarball no local data for entities@https://registry.npmjs.org/entities/-/entities-4.5.0.tgz. Extracting by manifest.
1934 silly tarball no local data for enquirer@https://registry.npmjs.org/enquirer/-/enquirer-2.4.1.tgz. Extracting by manifest.
1935 silly tarball no local data for enhanced-resolve@https://registry.npmjs.org/enhanced-resolve/-/enhanced-resolve-5.19.0.tgz. Extracting by manifest.
1936 silly tarball no local data for end-of-stream@https://registry.npmjs.org/end-of-stream/-/end-of-stream-1.4.5.tgz. Extracting by manifest.
1937 silly tarball no local data for encodeurl@https://registry.npmjs.org/encodeurl/-/encodeurl-2.0.0.tgz. Extracting by manifest.
1938 silly tarball no local data for emojis-list@https://registry.npmjs.org/emojis-list/-/emojis-list-3.0.0.tgz. Extracting by manifest.
1939 silly tarball no local data for electron-to-chromium@https://registry.npmjs.org/electron-to-chromium/-/electron-to-chromium-1.5.267.tgz. Extracting by manifest.
1940 silly tarball no local data for ee-first@https://registry.npmjs.org/ee-first/-/ee-first-1.1.1.tgz. Extracting by manifest.
1941 silly tarball no local data for editorconfig@https://registry.npmjs.org/editorconfig/-/editorconfig-1.0.4.tgz. Extracting by manifest.
1942 silly tarball no local data for emoji-regex@https://registry.npmjs.org/emoji-regex/-/emoji-regex-8.0.0.tgz. Extracting by manifest.
1943 silly tarball no local data for easy-stack@https://registry.npmjs.org/easy-stack/-/easy-stack-1.0.1.tgz. Extracting by manifest.
1944 silly tarball no local data for duplexer@https://registry.npmjs.org/duplexer/-/duplexer-0.1.2.tgz. Extracting by manifest.
1945 silly tarball no local data for dunder-proto@https://registry.npmjs.org/dunder-proto/-/dunder-proto-1.0.1.tgz. Extracting by manifest.
1946 silly tarball no local data for dotenv@https://registry.npmjs.org/dotenv/-/dotenv-10.0.0.tgz. Extracting by manifest.
1947 silly tarball no local data for dotenv-expand@https://registry.npmjs.org/dotenv-expand/-/dotenv-expand-5.1.0.tgz. Extracting by manifest.
1948 silly tarball no local data for domutils@https://registry.npmjs.org/domutils/-/domutils-2.8.0.tgz. Extracting by manifest.
1949 silly tarball no local data for dompurify@https://registry.npmjs.org/dompurify/-/dompurify-3.3.1.tgz. Extracting by manifest.
1950 silly tarball no local data for eastasianwidth@https://registry.npmjs.org/eastasianwidth/-/eastasianwidth-0.2.0.tgz. Extracting by manifest.
1951 silly tarball no local data for domhandler@https://registry.npmjs.org/domhandler/-/domhandler-4.3.1.tgz. Extracting by manifest.
1952 silly tarball no local data for domexception@https://registry.npmjs.org/domexception/-/domexception-4.0.0.tgz. Extracting by manifest.
1953 silly tarball no local data for domelementtype@https://registry.npmjs.org/domelementtype/-/domelementtype-2.3.0.tgz. Extracting by manifest.
1954 silly tarball no local data for dom-serializer@https://registry.npmjs.org/dom-serializer/-/dom-serializer-1.4.1.tgz. Extracting by manifest.
1955 silly tarball no local data for dom-converter@https://registry.npmjs.org/dom-converter/-/dom-converter-0.2.0.tgz. Extracting by manifest.
1956 silly tarball no local data for dom-accessibility-api@https://registry.npmjs.org/dom-accessibility-api/-/dom-accessibility-api-0.5.16.tgz. Extracting by manifest.
1957 silly tarball no local data for dot-case@https://registry.npmjs.org/dot-case/-/dot-case-3.0.4.tgz. Extracting by manifest.
1958 silly tarball no local data for doctrine@https://registry.npmjs.org/doctrine/-/doctrine-3.0.0.tgz. Extracting by manifest.
1959 silly tarball no local data for dir-glob@https://registry.npmjs.org/dir-glob/-/dir-glob-3.0.1.tgz. Extracting by manifest.
1960 silly tarball no local data for dns-packet@https://registry.npmjs.org/dns-packet/-/dns-packet-5.6.1.tgz. Extracting by manifest.
1961 silly tarball no local data for detect-node@https://registry.npmjs.org/detect-node/-/detect-node-2.1.0.tgz. Extracting by manifest.
1962 silly tarball no local data for destroy@https://registry.npmjs.org/destroy/-/destroy-1.2.0.tgz. Extracting by manifest.
1963 silly tarball no local data for diff-sequences@https://registry.npmjs.org/diff-sequences/-/diff-sequences-29.6.3.tgz. Extracting by manifest.
1964 silly tarball no local data for delayed-stream@https://registry.npmjs.org/delayed-stream/-/delayed-stream-1.0.0.tgz. Extracting by manifest.
1965 silly tarball no local data for define-properties@https://registry.npmjs.org/define-properties/-/define-properties-1.2.1.tgz. Extracting by manifest.
1966 silly tarball no local data for define-lazy-prop@https://registry.npmjs.org/define-lazy-prop/-/define-lazy-prop-2.0.0.tgz. Extracting by manifest.
1967 silly tarball no local data for depd@https://registry.npmjs.org/depd/-/depd-2.0.0.tgz. Extracting by manifest.
1968 silly tarball no local data for define-data-property@https://registry.npmjs.org/define-data-property/-/define-data-property-1.1.4.tgz. Extracting by manifest.
1969 silly tarball no local data for defaults@https://registry.npmjs.org/defaults/-/defaults-1.0.4.tgz. Extracting by manifest.
1970 silly tarball no local data for default-gateway@https://registry.npmjs.org/default-gateway/-/default-gateway-6.0.3.tgz. Extracting by manifest.
1971 silly tarball no local data for deepmerge@https://registry.npmjs.org/deepmerge/-/deepmerge-1.5.2.tgz. Extracting by manifest.
1972 silly tarball no local data for deep-is@https://registry.npmjs.org/deep-is/-/deep-is-0.1.4.tgz. Extracting by manifest.
1973 silly tarball no local data for deep-equal@https://registry.npmjs.org/deep-equal/-/deep-equal-2.2.3.tgz. Extracting by manifest.
1974 silly tarball no local data for deep-eql@https://registry.npmjs.org/deep-eql/-/deep-eql-4.1.4.tgz. Extracting by manifest.
1975 silly tarball no local data for decimal.js@https://registry.npmjs.org/decimal.js/-/decimal.js-10.6.0.tgz. Extracting by manifest.
1976 silly tarball no local data for debug@https://registry.npmjs.org/debug/-/debug-4.4.3.tgz. Extracting by manifest.
1977 silly tarball no local data for debounce@https://registry.npmjs.org/debounce/-/debounce-1.2.1.tgz. Extracting by manifest.
1978 silly tarball no local data for data-urls@https://registry.npmjs.org/data-urls/-/data-urls-4.0.0.tgz. Extracting by manifest.
1979 silly tarball no local data for cssstyle@https://registry.npmjs.org/cssstyle/-/cssstyle-3.0.0.tgz. Extracting by manifest.
1980 silly tarball no local data for csstype@https://registry.npmjs.org/csstype/-/csstype-3.2.3.tgz. Extracting by manifest.
1981 silly tarball no local data for csso@https://registry.npmjs.org/csso/-/csso-4.2.0.tgz. Extracting by manifest.
1982 silly tarball no local data for cssnano-utils@https://registry.npmjs.org/cssnano-utils/-/cssnano-utils-3.1.0.tgz. Extracting by manifest.
1983 silly tarball no local data for cssnano-preset-default@https://registry.npmjs.org/cssnano-preset-default/-/cssnano-preset-default-5.2.14.tgz. Extracting by manifest.
1984 silly tarball no local data for cssnano@https://registry.npmjs.org/cssnano/-/cssnano-5.1.15.tgz. Extracting by manifest.
1985 silly tarball no local data for cssesc@https://registry.npmjs.org/cssesc/-/cssesc-3.0.0.tgz. Extracting by manifest.
1986 silly tarball no local data for css-what@https://registry.npmjs.org/css-what/-/css-what-6.2.2.tgz. Extracting by manifest.
1987 silly tarball no local data for css-tree@https://registry.npmjs.org/css-tree/-/css-tree-1.1.3.tgz. Extracting by manifest.
1988 silly tarball no local data for css-select@https://registry.npmjs.org/css-select/-/css-select-4.3.0.tgz. Extracting by manifest.
1989 silly tarball no local data for css-loader@https://registry.npmjs.org/css-loader/-/css-loader-6.11.0.tgz. Extracting by manifest.
1990 silly tarball no local data for css-minimizer-webpack-plugin@https://registry.npmjs.org/css-minimizer-webpack-plugin/-/css-minimizer-webpack-plugin-3.4.1.tgz. Extracting by manifest.
1991 silly tarball no local data for cosmiconfig@https://registry.npmjs.org/cosmiconfig/-/cosmiconfig-7.1.0.tgz. Extracting by manifest.
1992 silly tarball no local data for cross-spawn@https://registry.npmjs.org/cross-spawn/-/cross-spawn-6.0.6.tgz. Extracting by manifest.
1993 silly tarball no local data for css-declaration-sorter@https://registry.npmjs.org/css-declaration-sorter/-/css-declaration-sorter-6.4.1.tgz. Extracting by manifest.
1994 silly tarball no local data for core-util-is@https://registry.npmjs.org/core-util-is/-/core-util-is-1.0.3.tgz. Extracting by manifest.
1995 silly tarball no local data for core-js-compat@https://registry.npmjs.org/core-js-compat/-/core-js-compat-3.48.0.tgz. Extracting by manifest.
1996 silly tarball no local data for copy-webpack-plugin@https://registry.npmjs.org/copy-webpack-plugin/-/copy-webpack-plugin-9.1.0.tgz. Extracting by manifest.
1997 silly tarball no local data for copy-anything@https://registry.npmjs.org/copy-anything/-/copy-anything-4.0.5.tgz. Extracting by manifest.
1998 silly tarball no local data for cookie-signature@https://registry.npmjs.org/cookie-signature/-/cookie-signature-1.0.7.tgz. Extracting by manifest.
1999 silly tarball no local data for cookie@https://registry.npmjs.org/cookie/-/cookie-0.7.2.tgz. Extracting by manifest.
2000 silly tarball no local data for convert-source-map@https://registry.npmjs.org/convert-source-map/-/convert-source-map-2.0.0.tgz. Extracting by manifest.
2001 silly tarball no local data for content-type@https://registry.npmjs.org/content-type/-/content-type-1.0.5.tgz. Extracting by manifest.
2002 silly tarball no local data for core-js@https://registry.npmjs.org/core-js/-/core-js-3.48.0.tgz. Extracting by manifest.
2003 silly tarball no local data for content-disposition@https://registry.npmjs.org/content-disposition/-/content-disposition-0.5.4.tgz. Extracting by manifest.
2004 silly tarball no local data for connect-history-api-fallback@https://registry.npmjs.org/connect-history-api-fallback/-/connect-history-api-fallback-2.0.0.tgz. Extracting by manifest.
2005 silly tarball no local data for config-chain@https://registry.npmjs.org/config-chain/-/config-chain-1.1.13.tgz. Extracting by manifest.
2006 silly tarball no local data for consolidate@https://registry.npmjs.org/consolidate/-/consolidate-0.15.1.tgz. Extracting by manifest.
2007 silly tarball no local data for confbox@https://registry.npmjs.org/confbox/-/confbox-0.1.8.tgz. Extracting by manifest.
2008 silly tarball no local data for concat-map@https://registry.npmjs.org/concat-map/-/concat-map-0.0.1.tgz. Extracting by manifest.
2009 silly tarball no local data for compressible@https://registry.npmjs.org/compressible/-/compressible-2.0.18.tgz. Extracting by manifest.
2010 silly tarball no local data for commondir@https://registry.npmjs.org/commondir/-/commondir-1.0.1.tgz. Extracting by manifest.
2011 silly tarball no local data for compression@https://registry.npmjs.org/compression/-/compression-1.8.1.tgz. Extracting by manifest.
2012 silly tarball no local data for commander@https://registry.npmjs.org/commander/-/commander-8.3.0.tgz. Extracting by manifest.
2013 silly tarball no local data for combined-stream@https://registry.npmjs.org/combined-stream/-/combined-stream-1.0.8.tgz. Extracting by manifest.
2014 silly tarball no local data for colorette@https://registry.npmjs.org/colorette/-/colorette-2.0.20.tgz. Extracting by manifest.
2015 silly tarball no local data for colord@https://registry.npmjs.org/colord/-/colord-2.9.3.tgz. Extracting by manifest.
2016 silly tarball no local data for color-name@https://registry.npmjs.org/color-name/-/color-name-1.1.4.tgz. Extracting by manifest.
2017 silly tarball no local data for color-convert@https://registry.npmjs.org/color-convert/-/color-convert-2.0.1.tgz. Extracting by manifest.
2018 silly tarball no local data for clone-deep@https://registry.npmjs.org/clone-deep/-/clone-deep-4.0.1.tgz. Extracting by manifest.
2019 silly tarball no local data for clone@https://registry.npmjs.org/clone/-/clone-1.0.4.tgz. Extracting by manifest.
2020 silly tarball no local data for cliui@https://registry.npmjs.org/cliui/-/cliui-7.0.4.tgz. Extracting by manifest.
2021 silly tarball no local data for clipboardy@https://registry.npmjs.org/clipboardy/-/clipboardy-2.3.0.tgz. Extracting by manifest.
2022 silly tarball no local data for cli-width@https://registry.npmjs.org/cli-width/-/cli-width-4.1.0.tgz. Extracting by manifest.
2023 silly tarball no local data for cli-highlight@https://registry.npmjs.org/cli-highlight/-/cli-highlight-2.1.11.tgz. Extracting by manifest.
2024 silly tarball no local data for cli-spinners@https://registry.npmjs.org/cli-spinners/-/cli-spinners-2.9.2.tgz. Extracting by manifest.
2025 silly tarball no local data for cli-cursor@https://registry.npmjs.org/cli-cursor/-/cli-cursor-3.1.0.tgz. Extracting by manifest.
2026 silly tarball no local data for clean-css@https://registry.npmjs.org/clean-css/-/clean-css-5.3.3.tgz. Extracting by manifest.
2027 silly tarball no local data for ci-info@https://registry.npmjs.org/ci-info/-/ci-info-1.6.0.tgz. Extracting by manifest.
2028 silly tarball no local data for chokidar@https://registry.npmjs.org/chokidar/-/chokidar-3.6.0.tgz. Extracting by manifest.
2029 silly tarball no local data for chrome-trace-event@https://registry.npmjs.org/chrome-trace-event/-/chrome-trace-event-1.0.4.tgz. Extracting by manifest.
2030 silly tarball no local data for check-error@https://registry.npmjs.org/check-error/-/check-error-1.0.3.tgz. Extracting by manifest.
2031 silly tarball no local data for chalk@https://registry.npmjs.org/chalk/-/chalk-3.0.0.tgz. Extracting by manifest.
2032 silly tarball no local data for chai@https://registry.npmjs.org/chai/-/chai-4.5.0.tgz. Extracting by manifest.
2033 silly tarball no local data for case-sensitive-paths-webpack-plugin@https://registry.npmjs.org/case-sensitive-paths-webpack-plugin/-/case-sensitive-paths-webpack-plugin-2.4.0.tgz. Extracting by manifest.
2034 silly tarball no local data for caniuse-api@https://registry.npmjs.org/caniuse-api/-/caniuse-api-3.0.0.tgz. Extracting by manifest.
2035 silly tarball no local data for camelcase@https://registry.npmjs.org/camelcase/-/camelcase-5.3.1.tgz. Extracting by manifest.
2036 silly tarball no local data for camel-case@https://registry.npmjs.org/camel-case/-/camel-case-4.1.2.tgz. Extracting by manifest.
2037 silly tarball no local data for caniuse-lite@https://registry.npmjs.org/caniuse-lite/-/caniuse-lite-1.0.30001760.tgz. Extracting by manifest.
2038 silly tarball no local data for callsites@https://registry.npmjs.org/callsites/-/callsites-3.1.0.tgz. Extracting by manifest.
2039 silly tarball no local data for call-bound@https://registry.npmjs.org/call-bound/-/call-bound-1.0.4.tgz. Extracting by manifest.
2040 silly tarball no local data for call-bind-apply-helpers@https://registry.npmjs.org/call-bind-apply-helpers/-/call-bind-apply-helpers-1.0.2.tgz. Extracting by manifest.
2041 silly tarball no local data for cac@https://registry.npmjs.org/cac/-/cac-6.7.14.tgz. Extracting by manifest.
2042 silly tarball no local data for bytes@https://registry.npmjs.org/bytes/-/bytes-3.1.2.tgz. Extracting by manifest.
2043 silly tarball no local data for buffer-from@https://registry.npmjs.org/buffer-from/-/buffer-from-1.1.2.tgz. Extracting by manifest.
2044 silly tarball no local data for call-bind@https://registry.npmjs.org/call-bind/-/call-bind-1.0.8.tgz. Extracting by manifest.
2045 silly tarball no local data for buffer@https://registry.npmjs.org/buffer/-/buffer-5.7.1.tgz. Extracting by manifest.
2046 silly tarball no local data for browserslist@https://registry.npmjs.org/browserslist/-/browserslist-4.28.1.tgz. Extracting by manifest.
2047 silly tarball no local data for brace-expansion@https://registry.npmjs.org/brace-expansion/-/brace-expansion-1.1.12.tgz. Extracting by manifest.
2048 silly tarball no local data for braces@https://registry.npmjs.org/braces/-/braces-3.0.3.tgz. Extracting by manifest.
2049 silly tarball no local data for boolbase@https://registry.npmjs.org/boolbase/-/boolbase-1.0.0.tgz. Extracting by manifest.
2050 silly tarball no local data for bonjour-service@https://registry.npmjs.org/bonjour-service/-/bonjour-service-1.3.0.tgz. Extracting by manifest.
2051 silly tarball no local data for body-parser@https://registry.npmjs.org/body-parser/-/body-parser-1.20.4.tgz. Extracting by manifest.
2052 silly tarball no local data for bluebird@https://registry.npmjs.org/bluebird/-/bluebird-3.7.2.tgz. Extracting by manifest.
2053 silly tarball no local data for birpc@https://registry.npmjs.org/birpc/-/birpc-2.9.0.tgz. Extracting by manifest.
2054 silly tarball no local data for bl@https://registry.npmjs.org/bl/-/bl-4.1.0.tgz. Extracting by manifest.
2055 silly tarball no local data for binary-extensions@https://registry.npmjs.org/binary-extensions/-/binary-extensions-2.3.0.tgz. Extracting by manifest.
2056 silly tarball no local data for big.js@https://registry.npmjs.org/big.js/-/big.js-5.2.2.tgz. Extracting by manifest.
2057 silly tarball no local data for batch@https://registry.npmjs.org/batch/-/batch-0.6.1.tgz. Extracting by manifest.
2058 silly tarball no local data for base64-js@https://registry.npmjs.org/base64-js/-/base64-js-1.5.1.tgz. Extracting by manifest.
2059 silly tarball no local data for baseline-browser-mapping@https://registry.npmjs.org/baseline-browser-mapping/-/baseline-browser-mapping-2.9.7.tgz. Extracting by manifest.
2060 silly tarball no local data for balanced-match@https://registry.npmjs.org/balanced-match/-/balanced-match-1.0.2.tgz. Extracting by manifest.
2061 silly tarball no local data for babel-plugin-polyfill-regenerator@https://registry.npmjs.org/babel-plugin-polyfill-regenerator/-/babel-plugin-polyfill-regenerator-0.6.6.tgz. Extracting by manifest.
2062 silly tarball no local data for babel-plugin-polyfill-corejs2@https://registry.npmjs.org/babel-plugin-polyfill-corejs2/-/babel-plugin-polyfill-corejs2-0.4.15.tgz. Extracting by manifest.
2063 silly tarball no local data for babel-plugin-polyfill-corejs3@https://registry.npmjs.org/babel-plugin-polyfill-corejs3/-/babel-plugin-polyfill-corejs3-0.13.0.tgz. Extracting by manifest.
2064 silly tarball no local data for babel-plugin-dynamic-import-node@https://registry.npmjs.org/babel-plugin-dynamic-import-node/-/babel-plugin-dynamic-import-node-2.3.3.tgz. Extracting by manifest.
2065 silly tarball no local data for babel-loader@https://registry.npmjs.org/babel-loader/-/babel-loader-8.4.1.tgz. Extracting by manifest.
2066 silly tarball no local data for axios-mock-adapter@https://registry.npmjs.org/axios-mock-adapter/-/axios-mock-adapter-1.22.0.tgz. Extracting by manifest.
2067 silly tarball no local data for axios@https://registry.npmjs.org/axios/-/axios-1.13.2.tgz. Extracting by manifest.
2068 silly tarball no local data for available-typed-arrays@https://registry.npmjs.org/available-typed-arrays/-/available-typed-arrays-1.0.7.tgz. Extracting by manifest.
2069 silly tarball no local data for autoprefixer@https://registry.npmjs.org/autoprefixer/-/autoprefixer-10.4.23.tgz. Extracting by manifest.
2070 silly tarball no local data for at-least-node@https://registry.npmjs.org/at-least-node/-/at-least-node-1.0.0.tgz. Extracting by manifest.
2071 silly tarball no local data for async@https://registry.npmjs.org/async/-/async-3.2.6.tgz. Extracting by manifest.
2072 silly tarball no local data for asynckit@https://registry.npmjs.org/asynckit/-/asynckit-0.4.0.tgz. Extracting by manifest.
2073 silly tarball no local data for astral-regex@https://registry.npmjs.org/astral-regex/-/astral-regex-2.0.0.tgz. Extracting by manifest.
2074 silly tarball no local data for assertion-error@https://registry.npmjs.org/assertion-error/-/assertion-error-1.1.0.tgz. Extracting by manifest.
2075 silly tarball no local data for array-union@https://registry.npmjs.org/array-union/-/array-union-2.1.0.tgz. Extracting by manifest.
2076 silly tarball no local data for array-flatten@https://registry.npmjs.org/array-flatten/-/array-flatten-1.1.1.tgz. Extracting by manifest.
2077 silly tarball no local data for array-buffer-byte-length@https://registry.npmjs.org/array-buffer-byte-length/-/array-buffer-byte-length-1.0.2.tgz. Extracting by manifest.
2078 silly tarball no local data for argparse@https://registry.npmjs.org/argparse/-/argparse-1.0.10.tgz. Extracting by manifest.
2079 silly tarball no local data for aria-query@https://registry.npmjs.org/aria-query/-/aria-query-5.1.3.tgz. Extracting by manifest.
2080 silly tarball no local data for any-promise@https://registry.npmjs.org/any-promise/-/any-promise-1.3.0.tgz. Extracting by manifest.
2081 silly tarball no local data for arch@https://registry.npmjs.org/arch/-/arch-2.2.0.tgz. Extracting by manifest.
2082 silly tarball no local data for anymatch@https://registry.npmjs.org/anymatch/-/anymatch-3.1.3.tgz. Extracting by manifest.
2083 silly tarball no local data for ansi-styles@https://registry.npmjs.org/ansi-styles/-/ansi-styles-4.3.0.tgz. Extracting by manifest.
2084 silly tarball no local data for ansi-regex@https://registry.npmjs.org/ansi-regex/-/ansi-regex-5.0.1.tgz. Extracting by manifest.
2085 silly tarball no local data for ansi-escapes@https://registry.npmjs.org/ansi-escapes/-/ansi-escapes-3.2.0.tgz. Extracting by manifest.
2086 silly tarball no local data for ansi-html-community@https://registry.npmjs.org/ansi-html-community/-/ansi-html-community-0.0.8.tgz. Extracting by manifest.
2087 silly tarball no local data for ansi-colors@https://registry.npmjs.org/ansi-colors/-/ansi-colors-4.1.3.tgz. Extracting by manifest.
2088 silly tarball no local data for ajv-keywords@https://registry.npmjs.org/ajv-keywords/-/ajv-keywords-3.5.2.tgz. Extracting by manifest.
2089 silly tarball no local data for ajv-formats@https://registry.npmjs.org/ajv-formats/-/ajv-formats-2.1.1.tgz. Extracting by manifest.
2090 silly tarball no local data for ajv@https://registry.npmjs.org/ajv/-/ajv-6.12.6.tgz. Extracting by manifest.
2091 silly tarball no local data for agent-base@https://registry.npmjs.org/agent-base/-/agent-base-6.0.2.tgz. Extracting by manifest.
2092 silly tarball no local data for address@https://registry.npmjs.org/address/-/address-1.2.2.tgz. Extracting by manifest.
2093 silly tarball no local data for acorn-jsx@https://registry.npmjs.org/acorn-jsx/-/acorn-jsx-5.3.2.tgz. Extracting by manifest.
2094 silly tarball no local data for acorn-walk@https://registry.npmjs.org/acorn-walk/-/acorn-walk-8.3.4.tgz. Extracting by manifest.
2095 silly tarball no local data for acorn-import-phases@https://registry.npmjs.org/acorn-import-phases/-/acorn-import-phases-1.0.4.tgz. Extracting by manifest.
2096 silly tarball no local data for acorn@https://registry.npmjs.org/acorn/-/acorn-8.15.0.tgz. Extracting by manifest.
2097 silly tarball no local data for accepts@https://registry.npmjs.org/accepts/-/accepts-1.3.8.tgz. Extracting by manifest.
2098 silly tarball no local data for abbrev@https://registry.npmjs.org/abbrev/-/abbrev-2.0.0.tgz. Extracting by manifest.
2099 silly tarball no local data for @xtuc/long@https://registry.npmjs.org/@xtuc/long/-/long-4.2.2.tgz. Extracting by manifest.
2100 silly tarball no local data for abab@https://registry.npmjs.org/abab/-/abab-2.0.6.tgz. Extracting by manifest.
2101 silly tarball no local data for @webassemblyjs/wast-printer@https://registry.npmjs.org/@webassemblyjs/wast-printer/-/wast-printer-1.14.1.tgz. Extracting by manifest.
2102 silly tarball no local data for @webassemblyjs/wasm-parser@https://registry.npmjs.org/@webassemblyjs/wasm-parser/-/wasm-parser-1.14.1.tgz. Extracting by manifest.
2103 silly tarball no local data for @xtuc/ieee754@https://registry.npmjs.org/@xtuc/ieee754/-/ieee754-1.2.0.tgz. Extracting by manifest.
2104 silly tarball no local data for @webassemblyjs/wasm-opt@https://registry.npmjs.org/@webassemblyjs/wasm-opt/-/wasm-opt-1.14.1.tgz. Extracting by manifest.
2105 silly tarball no local data for @webassemblyjs/wasm-edit@https://registry.npmjs.org/@webassemblyjs/wasm-edit/-/wasm-edit-1.14.1.tgz. Extracting by manifest.
2106 silly tarball no local data for @webassemblyjs/wasm-gen@https://registry.npmjs.org/@webassemblyjs/wasm-gen/-/wasm-gen-1.14.1.tgz. Extracting by manifest.
2107 silly tarball no local data for @webassemblyjs/leb128@https://registry.npmjs.org/@webassemblyjs/leb128/-/leb128-1.13.2.tgz. Extracting by manifest.
2108 silly tarball no local data for @webassemblyjs/utf8@https://registry.npmjs.org/@webassemblyjs/utf8/-/utf8-1.13.2.tgz. Extracting by manifest.
2109 silly tarball no local data for @webassemblyjs/ieee754@https://registry.npmjs.org/@webassemblyjs/ieee754/-/ieee754-1.13.2.tgz. Extracting by manifest.
2110 silly tarball no local data for @webassemblyjs/helper-wasm-section@https://registry.npmjs.org/@webassemblyjs/helper-wasm-section/-/helper-wasm-section-1.14.1.tgz. Extracting by manifest.
2111 silly tarball no local data for @webassemblyjs/helper-numbers@https://registry.npmjs.org/@webassemblyjs/helper-numbers/-/helper-numbers-1.13.2.tgz. Extracting by manifest.
2112 silly tarball no local data for @webassemblyjs/helper-wasm-bytecode@https://registry.npmjs.org/@webassemblyjs/helper-wasm-bytecode/-/helper-wasm-bytecode-1.13.2.tgz. Extracting by manifest.
2113 silly tarball no local data for @webassemblyjs/helper-buffer@https://registry.npmjs.org/@webassemblyjs/helper-buffer/-/helper-buffer-1.14.1.tgz. Extracting by manifest.
2114 silly tarball no local data for @webassemblyjs/helper-api-error@https://registry.npmjs.org/@webassemblyjs/helper-api-error/-/helper-api-error-1.13.2.tgz. Extracting by manifest.
2115 silly tarball no local data for @vue/vue-loader-v15@https://registry.npmjs.org/vue-loader/-/vue-loader-15.11.1.tgz. Extracting by manifest.
2116 silly tarball no local data for @webassemblyjs/ast@https://registry.npmjs.org/@webassemblyjs/ast/-/ast-1.14.1.tgz. Extracting by manifest.
2117 silly tarball no local data for @webassemblyjs/floating-point-hex-parser@https://registry.npmjs.org/@webassemblyjs/floating-point-hex-parser/-/floating-point-hex-parser-1.13.2.tgz. Extracting by manifest.
2118 silly tarball no local data for @vue/test-utils@https://registry.npmjs.org/@vue/test-utils/-/test-utils-2.4.6.tgz. Extracting by manifest.
2119 silly tarball no local data for @vue/shared@https://registry.npmjs.org/@vue/shared/-/shared-3.5.25.tgz. Extracting by manifest.
2120 silly tarball no local data for @vue/server-renderer@https://registry.npmjs.org/@vue/server-renderer/-/server-renderer-3.5.25.tgz. Extracting by manifest.
2121 silly tarball no local data for @vue/runtime-dom@https://registry.npmjs.org/@vue/runtime-dom/-/runtime-dom-3.5.25.tgz. Extracting by manifest.
2122 silly tarball no local data for @vue/runtime-core@https://registry.npmjs.org/@vue/runtime-core/-/runtime-core-3.5.25.tgz. Extracting by manifest.
2123 silly tarball no local data for @vue/reactivity@https://registry.npmjs.org/@vue/reactivity/-/reactivity-3.5.25.tgz. Extracting by manifest.
2124 silly tarball no local data for @vue/eslint-config-prettier@https://registry.npmjs.org/@vue/eslint-config-prettier/-/eslint-config-prettier-7.1.0.tgz. Extracting by manifest.
2125 silly tarball no local data for @vue/web-component-wrapper@https://registry.npmjs.org/@vue/web-component-wrapper/-/web-component-wrapper-1.3.0.tgz. Extracting by manifest.
2126 silly tarball no local data for @vue/devtools-shared@https://registry.npmjs.org/@vue/devtools-shared/-/devtools-shared-7.7.9.tgz. Extracting by manifest.
2127 silly tarball no local data for @vue/devtools-kit@https://registry.npmjs.org/@vue/devtools-kit/-/devtools-kit-7.7.9.tgz. Extracting by manifest.
2128 silly tarball no local data for @vue/devtools-api@https://registry.npmjs.org/@vue/devtools-api/-/devtools-api-6.6.4.tgz. Extracting by manifest.
2129 silly tarball no local data for @vue/component-compiler-utils@https://registry.npmjs.org/@vue/component-compiler-utils/-/component-compiler-utils-3.3.0.tgz. Extracting by manifest.
2130 silly tarball no local data for @vue/compiler-ssr@https://registry.npmjs.org/@vue/compiler-ssr/-/compiler-ssr-3.5.25.tgz. Extracting by manifest.
2131 silly tarball no local data for @vue/compiler-sfc@https://registry.npmjs.org/@vue/compiler-sfc/-/compiler-sfc-3.5.25.tgz. Extracting by manifest.
2132 silly tarball no local data for @vue/compiler-dom@https://registry.npmjs.org/@vue/compiler-dom/-/compiler-dom-3.5.25.tgz. Extracting by manifest.
2133 silly tarball no local data for @vue/compiler-core@https://registry.npmjs.org/@vue/compiler-core/-/compiler-core-3.5.25.tgz. Extracting by manifest.
2134 silly tarball no local data for @vue/cli-shared-utils@https://registry.npmjs.org/@vue/cli-shared-utils/-/cli-shared-utils-5.0.9.tgz. Extracting by manifest.
2135 silly tarball no local data for @vue/cli-service@https://registry.npmjs.org/@vue/cli-service/-/cli-service-5.0.9.tgz. Extracting by manifest.
2136 silly tarball no local data for @vue/cli-plugin-vuex@https://registry.npmjs.org/@vue/cli-plugin-vuex/-/cli-plugin-vuex-5.0.9.tgz. Extracting by manifest.
2137 silly tarball no local data for @vue/cli-overlay@https://registry.npmjs.org/@vue/cli-overlay/-/cli-overlay-5.0.9.tgz. Extracting by manifest.
2138 silly tarball no local data for @vue/cli-plugin-router@https://registry.npmjs.org/@vue/cli-plugin-router/-/cli-plugin-router-5.0.9.tgz. Extracting by manifest.
2139 silly tarball no local data for @vue/cli-plugin-babel@https://registry.npmjs.org/@vue/cli-plugin-babel/-/cli-plugin-babel-5.0.9.tgz. Extracting by manifest.
2140 silly tarball no local data for @vue/babel-sugar-v-on@https://registry.npmjs.org/@vue/babel-sugar-v-on/-/babel-sugar-v-on-1.4.0.tgz. Extracting by manifest.
2141 silly tarball no local data for @vue/cli-plugin-eslint@https://registry.npmjs.org/@vue/cli-plugin-eslint/-/cli-plugin-eslint-5.0.9.tgz. Extracting by manifest.
2142 silly tarball no local data for @vue/babel-sugar-v-model@https://registry.npmjs.org/@vue/babel-sugar-v-model/-/babel-sugar-v-model-1.4.0.tgz. Extracting by manifest.
2143 silly tarball no local data for @vue/babel-sugar-inject-h@https://registry.npmjs.org/@vue/babel-sugar-inject-h/-/babel-sugar-inject-h-1.4.0.tgz. Extracting by manifest.
2144 silly tarball no local data for @vue/babel-sugar-functional-vue@https://registry.npmjs.org/@vue/babel-sugar-functional-vue/-/babel-sugar-functional-vue-1.4.0.tgz. Extracting by manifest.
2145 silly tarball no local data for @vue/babel-preset-jsx@https://registry.npmjs.org/@vue/babel-preset-jsx/-/babel-preset-jsx-1.4.0.tgz. Extracting by manifest.
2146 silly tarball no local data for @vue/babel-sugar-composition-api-render-instance@https://registry.npmjs.org/@vue/babel-sugar-composition-api-render-instance/-/babel-sugar-composition-api-render-instance-1.4.0.tgz. Extracting by manifest.
2147 silly tarball no local data for @vue/babel-sugar-composition-api-inject-h@https://registry.npmjs.org/@vue/babel-sugar-composition-api-inject-h/-/babel-sugar-composition-api-inject-h-1.4.0.tgz. Extracting by manifest.
2148 silly tarball no local data for @vue/babel-plugin-transform-vue-jsx@https://registry.npmjs.org/@vue/babel-plugin-transform-vue-jsx/-/babel-plugin-transform-vue-jsx-1.4.0.tgz. Extracting by manifest.
2149 silly tarball no local data for @vue/babel-preset-app@https://registry.npmjs.org/@vue/babel-preset-app/-/babel-preset-app-5.0.9.tgz. Extracting by manifest.
2150 silly tarball no local data for @vue/babel-plugin-jsx@https://registry.npmjs.org/@vue/babel-plugin-jsx/-/babel-plugin-jsx-1.5.0.tgz. Extracting by manifest.
2151 silly tarball no local data for @vitest/utils@https://registry.npmjs.org/@vitest/utils/-/utils-1.6.1.tgz. Extracting by manifest.
2152 silly tarball no local data for @vitest/ui@https://registry.npmjs.org/@vitest/ui/-/ui-1.6.1.tgz. Extracting by manifest.
2153 silly tarball no local data for @vue/babel-plugin-resolve-type@https://registry.npmjs.org/@vue/babel-plugin-resolve-type/-/babel-plugin-resolve-type-1.5.0.tgz. Extracting by manifest.
2154 silly tarball no local data for @vue/babel-helper-vue-transform-on@https://registry.npmjs.org/@vue/babel-helper-vue-transform-on/-/babel-helper-vue-transform-on-1.5.0.tgz. Extracting by manifest.
2155 silly tarball no local data for @vue/babel-helper-vue-jsx-merge-props@https://registry.npmjs.org/@vue/babel-helper-vue-jsx-merge-props/-/babel-helper-vue-jsx-merge-props-1.4.0.tgz. Extracting by manifest.
2156 silly tarball no local data for @vitest/spy@https://registry.npmjs.org/@vitest/spy/-/spy-1.6.1.tgz. Extracting by manifest.
2157 silly tarball no local data for @vitest/snapshot@https://registry.npmjs.org/@vitest/snapshot/-/snapshot-1.6.1.tgz. Extracting by manifest.
2158 silly tarball no local data for @vitest/coverage-v8@https://registry.npmjs.org/@vitest/coverage-v8/-/coverage-v8-1.6.1.tgz. Extracting by manifest.
2159 silly tarball no local data for @vitest/runner@https://registry.npmjs.org/@vitest/runner/-/runner-1.6.1.tgz. Extracting by manifest.
2160 silly tarball no local data for @vitest/expect@https://registry.npmjs.org/@vitest/expect/-/expect-1.6.1.tgz. Extracting by manifest.
2161 silly tarball no local data for @vitejs/plugin-vue@https://registry.npmjs.org/@vitejs/plugin-vue/-/plugin-vue-4.6.2.tgz. Extracting by manifest.
2162 silly tarball no local data for @types/yargs-parser@https://registry.npmjs.org/@types/yargs-parser/-/yargs-parser-21.0.3.tgz. Extracting by manifest.
2163 silly tarball no local data for @types/ws@https://registry.npmjs.org/@types/ws/-/ws-8.18.1.tgz. Extracting by manifest.
2164 silly tarball no local data for @types/trusted-types@https://registry.npmjs.org/@types/trusted-types/-/trusted-types-2.0.7.tgz. Extracting by manifest.
2165 silly tarball no local data for @types/tough-cookie@https://registry.npmjs.org/@types/tough-cookie/-/tough-cookie-4.0.5.tgz. Extracting by manifest.
2166 silly tarball no local data for @types/yargs@https://registry.npmjs.org/@types/yargs/-/yargs-17.0.35.tgz. Extracting by manifest.
2167 silly tarball no local data for @types/statuses@https://registry.npmjs.org/@types/statuses/-/statuses-2.0.6.tgz. Extracting by manifest.
2168 silly tarball no local data for @types/stack-utils@https://registry.npmjs.org/@types/stack-utils/-/stack-utils-2.0.3.tgz. Extracting by manifest.
2169 silly tarball no local data for @types/serve-static@https://registry.npmjs.org/@types/serve-static/-/serve-static-1.15.10.tgz. Extracting by manifest.
2170 silly tarball no local data for @types/serve-index@https://registry.npmjs.org/@types/serve-index/-/serve-index-1.9.4.tgz. Extracting by manifest.
2171 silly tarball no local data for @types/retry@https://registry.npmjs.org/@types/retry/-/retry-0.12.0.tgz. Extracting by manifest.
2172 silly tarball no local data for @types/range-parser@https://registry.npmjs.org/@types/range-parser/-/range-parser-1.2.7.tgz. Extracting by manifest.
2173 silly tarball no local data for @types/send@https://registry.npmjs.org/@types/send/-/send-1.2.1.tgz. Extracting by manifest.
2174 silly tarball no local data for @types/sockjs@https://registry.npmjs.org/@types/sockjs/-/sockjs-0.3.36.tgz. Extracting by manifest.
2175 silly tarball no local data for @types/qs@https://registry.npmjs.org/@types/qs/-/qs-6.14.0.tgz. Extracting by manifest.
2176 silly tarball no local data for @types/parse-json@https://registry.npmjs.org/@types/parse-json/-/parse-json-4.0.2.tgz. Extracting by manifest.
2177 silly tarball no local data for @types/normalize-package-data@https://registry.npmjs.org/@types/normalize-package-data/-/normalize-package-data-2.4.4.tgz. Extracting by manifest.
2178 silly tarball no local data for @types/minimist@https://registry.npmjs.org/@types/minimist/-/minimist-1.2.5.tgz. Extracting by manifest.
2179 silly tarball no local data for @types/node-forge@https://registry.npmjs.org/@types/node-forge/-/node-forge-1.3.14.tgz. Extracting by manifest.
2180 silly tarball no local data for @types/mime@https://registry.npmjs.org/@types/mime/-/mime-1.3.5.tgz. Extracting by manifest.
2181 silly tarball no local data for @types/node@https://registry.npmjs.org/@types/node/-/node-25.0.2.tgz. Extracting by manifest.
2182 silly tarball no local data for @types/json-schema@https://registry.npmjs.org/@types/json-schema/-/json-schema-7.0.15.tgz. Extracting by manifest.
2183 silly tarball no local data for @types/jsdom@https://registry.npmjs.org/@types/jsdom/-/jsdom-21.1.7.tgz. Extracting by manifest.
2184 silly tarball no local data for @types/istanbul-reports@https://registry.npmjs.org/@types/istanbul-reports/-/istanbul-reports-3.0.4.tgz. Extracting by manifest.
2185 silly tarball no local data for @types/istanbul-lib-report@https://registry.npmjs.org/@types/istanbul-lib-report/-/istanbul-lib-report-3.0.3.tgz. Extracting by manifest.
2186 silly tarball no local data for @types/istanbul-lib-coverage@https://registry.npmjs.org/@types/istanbul-lib-coverage/-/istanbul-lib-coverage-2.0.6.tgz. Extracting by manifest.
2187 silly tarball no local data for @types/http-errors@https://registry.npmjs.org/@types/http-errors/-/http-errors-2.0.5.tgz. Extracting by manifest.
2188 silly tarball no local data for @types/http-proxy@https://registry.npmjs.org/@types/http-proxy/-/http-proxy-1.17.17.tgz. Extracting by manifest.
2189 silly tarball no local data for @types/html-minifier-terser@https://registry.npmjs.org/@types/html-minifier-terser/-/html-minifier-terser-6.1.0.tgz. Extracting by manifest.
2190 silly tarball no local data for @types/express-serve-static-core@https://registry.npmjs.org/@types/express-serve-static-core/-/express-serve-static-core-5.1.0.tgz. Extracting by manifest.
2191 silly tarball no local data for @types/express@https://registry.npmjs.org/@types/express/-/express-4.17.25.tgz. Extracting by manifest.
2192 silly tarball no local data for @types/estree@https://registry.npmjs.org/@types/estree/-/estree-1.0.8.tgz. Extracting by manifest.
2193 silly tarball no local data for @types/eslint-scope@https://registry.npmjs.org/@types/eslint-scope/-/eslint-scope-3.7.7.tgz. Extracting by manifest.
2194 silly tarball no local data for @types/eslint@https://registry.npmjs.org/@types/eslint/-/eslint-8.56.12.tgz. Extracting by manifest.
2195 silly tarball no local data for @types/connect@https://registry.npmjs.org/@types/connect/-/connect-3.4.38.tgz. Extracting by manifest.
2196 silly tarball no local data for @trysound/sax@https://registry.npmjs.org/@trysound/sax/-/sax-0.2.0.tgz. Extracting by manifest.
2197 silly tarball no local data for @types/connect-history-api-fallback@https://registry.npmjs.org/@types/connect-history-api-fallback/-/connect-history-api-fallback-1.5.4.tgz. Extracting by manifest.
2198 silly tarball no local data for @types/bonjour@https://registry.npmjs.org/@types/bonjour/-/bonjour-3.5.13.tgz. Extracting by manifest.
2199 silly tarball no local data for @types/body-parser@https://registry.npmjs.org/@types/body-parser/-/body-parser-1.19.6.tgz. Extracting by manifest.
2200 silly tarball no local data for @tootallnate/once@https://registry.npmjs.org/@tootallnate/once/-/once-2.0.0.tgz. Extracting by manifest.
2201 silly tarball no local data for @types/aria-query@https://registry.npmjs.org/@types/aria-query/-/aria-query-5.0.4.tgz. Extracting by manifest.
2202 silly tarball no local data for @soda/get-current-script@https://registry.npmjs.org/@soda/get-current-script/-/get-current-script-1.0.2.tgz. Extracting by manifest.
2203 silly tarball no local data for @testing-library/vue@https://registry.npmjs.org/@testing-library/vue/-/vue-8.1.0.tgz. Extracting by manifest.
2204 silly tarball no local data for @testing-library/dom@https://registry.npmjs.org/@testing-library/dom/-/dom-9.3.4.tgz. Extracting by manifest.
2205 silly tarball no local data for @soda/friendly-errors-webpack-plugin@https://registry.npmjs.org/@soda/friendly-errors-webpack-plugin/-/friendly-errors-webpack-plugin-1.8.1.tgz. Extracting by manifest.
2206 silly tarball no local data for @sinonjs/commons@https://registry.npmjs.org/@sinonjs/commons/-/commons-3.0.1.tgz. Extracting by manifest.
2207 silly tarball no local data for @sinonjs/fake-timers@https://registry.npmjs.org/@sinonjs/fake-timers/-/fake-timers-13.0.5.tgz. Extracting by manifest.
2208 silly tarball no local data for @sideway/formula@https://registry.npmjs.org/@sideway/formula/-/formula-3.0.1.tgz. Extracting by manifest.
2209 silly tarball no local data for @sideway/pinpoint@https://registry.npmjs.org/@sideway/pinpoint/-/pinpoint-2.0.0.tgz. Extracting by manifest.
2210 silly tarball no local data for @sideway/address@https://registry.npmjs.org/@sideway/address/-/address-4.1.5.tgz. Extracting by manifest.
2211 silly tarball no local data for @rollup/rollup-win32-x64-msvc@https://registry.npmjs.org/@rollup/rollup-win32-x64-msvc/-/rollup-win32-x64-msvc-4.57.1.tgz. Extracting by manifest.
2212 silly tarball no local data for @rollup/rollup-win32-x64-gnu@https://registry.npmjs.org/@rollup/rollup-win32-x64-gnu/-/rollup-win32-x64-gnu-4.57.1.tgz. Extracting by manifest.
2213 silly tarball no local data for @pkgjs/parseargs@https://registry.npmjs.org/@pkgjs/parseargs/-/parseargs-0.11.0.tgz. Extracting by manifest.
2214 silly tarball no local data for @sinclair/typebox@https://registry.npmjs.org/@sinclair/typebox/-/typebox-0.34.48.tgz. Extracting by manifest.
2215 silly tarball no local data for @polka/url@https://registry.npmjs.org/@polka/url/-/url-1.0.0-next.29.tgz. Extracting by manifest.
2216 silly tarball no local data for @pdf-lib/upng@https://registry.npmjs.org/@pdf-lib/upng/-/upng-1.0.1.tgz. Extracting by manifest.
2217 silly tarball no local data for @pdf-lib/standard-fonts@https://registry.npmjs.org/@pdf-lib/standard-fonts/-/standard-fonts-1.0.0.tgz. Extracting by manifest.
2218 silly tarball no local data for @pdf-lib/fontkit@https://registry.npmjs.org/@pdf-lib/fontkit/-/fontkit-1.1.1.tgz. Extracting by manifest.
2219 silly tarball no local data for @one-ini/wasm@https://registry.npmjs.org/@one-ini/wasm/-/wasm-0.1.1.tgz. Extracting by manifest.
2220 silly tarball no local data for @open-draft/logger@https://registry.npmjs.org/@open-draft/logger/-/logger-0.3.0.tgz. Extracting by manifest.
2221 silly tarball no local data for @open-draft/until@https://registry.npmjs.org/@open-draft/until/-/until-2.1.0.tgz. Extracting by manifest.
2222 silly tarball no local data for @open-draft/deferred-promise@https://registry.npmjs.org/@open-draft/deferred-promise/-/deferred-promise-2.2.0.tgz. Extracting by manifest.
2223 silly tarball no local data for @node-ipc/js-queue@https://registry.npmjs.org/@node-ipc/js-queue/-/js-queue-2.0.3.tgz. Extracting by manifest.
2224 silly tarball no local data for @mswjs/interceptors@https://registry.npmjs.org/@mswjs/interceptors/-/interceptors-0.41.2.tgz. Extracting by manifest.
2225 silly tarball no local data for @leichtgewicht/ip-codec@https://registry.npmjs.org/@leichtgewicht/ip-codec/-/ip-codec-2.0.5.tgz. Extracting by manifest.
2226 silly tarball no local data for @nodelib/fs.stat@https://registry.npmjs.org/@nodelib/fs.stat/-/fs.stat-2.0.5.tgz. Extracting by manifest.
2227 silly tarball no local data for @nodelib/fs.walk@https://registry.npmjs.org/@nodelib/fs.walk/-/fs.walk-1.2.8.tgz. Extracting by manifest.
2228 silly tarball no local data for @nodelib/fs.scandir@https://registry.npmjs.org/@nodelib/fs.scandir/-/fs.scandir-2.1.5.tgz. Extracting by manifest.
2229 silly tarball no local data for @jridgewell/trace-mapping@https://registry.npmjs.org/@jridgewell/trace-mapping/-/trace-mapping-0.3.31.tgz. Extracting by manifest.
2230 silly tarball no local data for @jridgewell/sourcemap-codec@https://registry.npmjs.org/@jridgewell/sourcemap-codec/-/sourcemap-codec-1.5.5.tgz. Extracting by manifest.
2231 silly tarball no local data for @jridgewell/source-map@https://registry.npmjs.org/@jridgewell/source-map/-/source-map-0.3.11.tgz. Extracting by manifest.
2232 silly tarball no local data for @jridgewell/resolve-uri@https://registry.npmjs.org/@jridgewell/resolve-uri/-/resolve-uri-3.1.2.tgz. Extracting by manifest.
2233 silly tarball no local data for @jest/types@https://registry.npmjs.org/@jest/types/-/types-30.2.0.tgz. Extracting by manifest.
2234 silly tarball no local data for @jridgewell/remapping@https://registry.npmjs.org/@jridgewell/remapping/-/remapping-2.3.5.tgz. Extracting by manifest.
2235 silly tarball no local data for @jridgewell/gen-mapping@https://registry.npmjs.org/@jridgewell/gen-mapping/-/gen-mapping-0.3.13.tgz. Extracting by manifest.
2236 silly tarball no local data for @jest/schemas@https://registry.npmjs.org/@jest/schemas/-/schemas-30.0.5.tgz. Extracting by manifest.
2237 silly tarball no local data for @jest/pattern@https://registry.npmjs.org/@jest/pattern/-/pattern-30.0.1.tgz. Extracting by manifest.
2238 silly tarball no local data for @jest/fake-timers@https://registry.npmjs.org/@jest/fake-timers/-/fake-timers-30.2.0.tgz. Extracting by manifest.
2239 silly tarball no local data for @istanbuljs/schema@https://registry.npmjs.org/@istanbuljs/schema/-/schema-0.1.3.tgz. Extracting by manifest.
2240 silly tarball no local data for @jest/environment-jsdom-abstract@https://registry.npmjs.org/@jest/environment-jsdom-abstract/-/environment-jsdom-abstract-30.2.0.tgz. Extracting by manifest.
2241 silly tarball no local data for @jest/environment@https://registry.npmjs.org/@jest/environment/-/environment-30.2.0.tgz. Extracting by manifest.
2242 silly tarball no local data for @isaacs/cliui@https://registry.npmjs.org/@isaacs/cliui/-/cliui-8.0.2.tgz. Extracting by manifest.
2243 silly tarball no local data for @inquirer/type@https://registry.npmjs.org/@inquirer/type/-/type-3.0.10.tgz. Extracting by manifest.
2244 silly tarball no local data for @inquirer/figures@https://registry.npmjs.org/@inquirer/figures/-/figures-1.0.15.tgz. Extracting by manifest.
2245 silly tarball no local data for @intlify/message-compiler@https://registry.npmjs.org/@intlify/message-compiler/-/message-compiler-9.14.5.tgz. Extracting by manifest.
2246 silly tarball no local data for @intlify/shared@https://registry.npmjs.org/@intlify/shared/-/shared-9.14.5.tgz. Extracting by manifest.
2247 silly tarball no local data for @intlify/core-base@https://registry.npmjs.org/@intlify/core-base/-/core-base-9.14.5.tgz. Extracting by manifest.
2248 silly tarball no local data for @humanwhocodes/object-schema@https://registry.npmjs.org/@humanwhocodes/object-schema/-/object-schema-1.2.1.tgz. Extracting by manifest.
2249 silly tarball no local data for @humanwhocodes/config-array@https://registry.npmjs.org/@humanwhocodes/config-array/-/config-array-0.5.0.tgz. Extracting by manifest.
2250 silly tarball no local data for @inquirer/core@https://registry.npmjs.org/@inquirer/core/-/core-10.3.2.tgz. Extracting by manifest.
2251 silly tarball no local data for @hapi/topo@https://registry.npmjs.org/@hapi/topo/-/topo-5.1.0.tgz. Extracting by manifest.
2252 silly tarball no local data for @inquirer/ansi@https://registry.npmjs.org/@inquirer/ansi/-/ansi-1.0.2.tgz. Extracting by manifest.
2253 silly tarball no local data for @inquirer/confirm@https://registry.npmjs.org/@inquirer/confirm/-/confirm-5.1.21.tgz. Extracting by manifest.
2254 silly tarball no local data for @hapi/hoek@https://registry.npmjs.org/@hapi/hoek/-/hoek-9.3.0.tgz. Extracting by manifest.
2255 silly tarball no local data for @eslint/eslintrc@https://registry.npmjs.org/@eslint/eslintrc/-/eslintrc-0.4.3.tgz. Extracting by manifest.
2256 silly tarball no local data for @discoveryjs/json-ext@https://registry.npmjs.org/@discoveryjs/json-ext/-/json-ext-0.5.7.tgz. Extracting by manifest.
2257 silly tarball no local data for @esbuild/win32-x64@https://registry.npmjs.org/@esbuild/win32-x64/-/win32-x64-0.21.5.tgz. Extracting by manifest.
2258 silly tarball no local data for @csstools/css-tokenizer@https://registry.npmjs.org/@csstools/css-tokenizer/-/css-tokenizer-3.0.4.tgz. Extracting by manifest.
2259 silly tarball no local data for @csstools/css-color-parser@https://registry.npmjs.org/@csstools/css-color-parser/-/css-color-parser-3.1.0.tgz. Extracting by manifest.
2260 silly tarball no local data for @bcoe/v8-coverage@https://registry.npmjs.org/@bcoe/v8-coverage/-/v8-coverage-0.2.3.tgz. Extracting by manifest.
2261 silly tarball no local data for @csstools/css-parser-algorithms@https://registry.npmjs.org/@csstools/css-parser-algorithms/-/css-parser-algorithms-3.0.5.tgz. Extracting by manifest.
2262 silly tarball no local data for @csstools/css-calc@https://registry.npmjs.org/@csstools/css-calc/-/css-calc-2.1.4.tgz. Extracting by manifest.
2263 silly tarball no local data for @csstools/color-helpers@https://registry.npmjs.org/@csstools/color-helpers/-/color-helpers-5.1.0.tgz. Extracting by manifest.
2264 silly tarball no local data for @babel/types@https://registry.npmjs.org/@babel/types/-/types-7.29.0.tgz. Extracting by manifest.
2265 silly tarball no local data for @babel/traverse@https://registry.npmjs.org/@babel/traverse/-/traverse-7.29.0.tgz. Extracting by manifest.
2266 silly tarball no local data for @babel/template@https://registry.npmjs.org/@babel/template/-/template-7.28.6.tgz. Extracting by manifest.
2267 silly tarball no local data for @babel/runtime@https://registry.npmjs.org/@babel/runtime/-/runtime-7.28.6.tgz. Extracting by manifest.
2268 silly tarball no local data for @babel/preset-modules@https://registry.npmjs.org/@babel/preset-modules/-/preset-modules-0.1.6-no-external-plugins.tgz. Extracting by manifest.
2269 silly tarball no local data for @babel/preset-env@https://registry.npmjs.org/@babel/preset-env/-/preset-env-7.29.0.tgz. Extracting by manifest.
2270 silly tarball no local data for @babel/plugin-transform-unicode-sets-regex@https://registry.npmjs.org/@babel/plugin-transform-unicode-sets-regex/-/plugin-transform-unicode-sets-regex-7.28.6.tgz. Extracting by manifest.
2271 silly tarball no local data for @babel/plugin-transform-unicode-regex@https://registry.npmjs.org/@babel/plugin-transform-unicode-regex/-/plugin-transform-unicode-regex-7.27.1.tgz. Extracting by manifest.
2272 silly tarball no local data for @babel/plugin-transform-unicode-property-regex@https://registry.npmjs.org/@babel/plugin-transform-unicode-property-regex/-/plugin-transform-unicode-property-regex-7.28.6.tgz. Extracting by manifest.
2273 silly tarball no local data for @babel/plugin-transform-unicode-escapes@https://registry.npmjs.org/@babel/plugin-transform-unicode-escapes/-/plugin-transform-unicode-escapes-7.27.1.tgz. Extracting by manifest.
2274 silly tarball no local data for @babel/plugin-transform-typeof-symbol@https://registry.npmjs.org/@babel/plugin-transform-typeof-symbol/-/plugin-transform-typeof-symbol-7.27.1.tgz. Extracting by manifest.
2275 silly tarball no local data for @babel/plugin-transform-template-literals@https://registry.npmjs.org/@babel/plugin-transform-template-literals/-/plugin-transform-template-literals-7.27.1.tgz. Extracting by manifest.
2276 silly tarball no local data for @babel/plugin-transform-sticky-regex@https://registry.npmjs.org/@babel/plugin-transform-sticky-regex/-/plugin-transform-sticky-regex-7.27.1.tgz. Extracting by manifest.
2277 silly tarball no local data for @babel/plugin-transform-spread@https://registry.npmjs.org/@babel/plugin-transform-spread/-/plugin-transform-spread-7.28.6.tgz. Extracting by manifest.
2278 silly tarball no local data for @babel/plugin-transform-shorthand-properties@https://registry.npmjs.org/@babel/plugin-transform-shorthand-properties/-/plugin-transform-shorthand-properties-7.27.1.tgz. Extracting by manifest.
2279 silly tarball no local data for @babel/plugin-transform-runtime@https://registry.npmjs.org/@babel/plugin-transform-runtime/-/plugin-transform-runtime-7.29.0.tgz. Extracting by manifest.
2280 silly tarball no local data for @babel/plugin-transform-reserved-words@https://registry.npmjs.org/@babel/plugin-transform-reserved-words/-/plugin-transform-reserved-words-7.27.1.tgz. Extracting by manifest.
2281 silly tarball no local data for @babel/plugin-transform-regexp-modifiers@https://registry.npmjs.org/@babel/plugin-transform-regexp-modifiers/-/plugin-transform-regexp-modifiers-7.28.6.tgz. Extracting by manifest.
2282 silly tarball no local data for @babel/plugin-transform-regenerator@https://registry.npmjs.org/@babel/plugin-transform-regenerator/-/plugin-transform-regenerator-7.29.0.tgz. Extracting by manifest.
2283 silly tarball no local data for @babel/plugin-transform-property-literals@https://registry.npmjs.org/@babel/plugin-transform-property-literals/-/plugin-transform-property-literals-7.27.1.tgz. Extracting by manifest.
2284 silly tarball no local data for @babel/plugin-transform-private-property-in-object@https://registry.npmjs.org/@babel/plugin-transform-private-property-in-object/-/plugin-transform-private-property-in-object-7.28.6.tgz. Extracting by manifest.
2285 silly tarball no local data for @babel/plugin-transform-private-methods@https://registry.npmjs.org/@babel/plugin-transform-private-methods/-/plugin-transform-private-methods-7.28.6.tgz. Extracting by manifest.
2286 silly tarball no local data for @babel/plugin-transform-optional-chaining@https://registry.npmjs.org/@babel/plugin-transform-optional-chaining/-/plugin-transform-optional-chaining-7.28.6.tgz. Extracting by manifest.
2287 silly tarball no local data for @babel/plugin-transform-parameters@https://registry.npmjs.org/@babel/plugin-transform-parameters/-/plugin-transform-parameters-7.27.7.tgz. Extracting by manifest.
2288 silly tarball no local data for @babel/plugin-transform-optional-catch-binding@https://registry.npmjs.org/@babel/plugin-transform-optional-catch-binding/-/plugin-transform-optional-catch-binding-7.28.6.tgz. Extracting by manifest.
2289 silly tarball no local data for @babel/plugin-transform-object-super@https://registry.npmjs.org/@babel/plugin-transform-object-super/-/plugin-transform-object-super-7.27.1.tgz. Extracting by manifest.
2290 silly tarball no local data for @babel/plugin-transform-object-rest-spread@https://registry.npmjs.org/@babel/plugin-transform-object-rest-spread/-/plugin-transform-object-rest-spread-7.28.6.tgz. Extracting by manifest.
2291 silly tarball no local data for @babel/plugin-transform-numeric-separator@https://registry.npmjs.org/@babel/plugin-transform-numeric-separator/-/plugin-transform-numeric-separator-7.28.6.tgz. Extracting by manifest.
2292 silly tarball no local data for @babel/plugin-transform-new-target@https://registry.npmjs.org/@babel/plugin-transform-new-target/-/plugin-transform-new-target-7.27.1.tgz. Extracting by manifest.
2293 silly tarball no local data for @babel/plugin-transform-named-capturing-groups-regex@https://registry.npmjs.org/@babel/plugin-transform-named-capturing-groups-regex/-/plugin-transform-named-capturing-groups-regex-7.29.0.tgz. Extracting by manifest.
2294 silly tarball no local data for @babel/plugin-transform-modules-umd@https://registry.npmjs.org/@babel/plugin-transform-modules-umd/-/plugin-transform-modules-umd-7.27.1.tgz. Extracting by manifest.
2295 silly tarball no local data for @babel/plugin-transform-modules-systemjs@https://registry.npmjs.org/@babel/plugin-transform-modules-systemjs/-/plugin-transform-modules-systemjs-7.29.0.tgz. Extracting by manifest.
2296 silly tarball no local data for @babel/plugin-transform-nullish-coalescing-operator@https://registry.npmjs.org/@babel/plugin-transform-nullish-coalescing-operator/-/plugin-transform-nullish-coalescing-operator-7.28.6.tgz. Extracting by manifest.
2297 silly tarball no local data for @babel/plugin-transform-modules-commonjs@https://registry.npmjs.org/@babel/plugin-transform-modules-commonjs/-/plugin-transform-modules-commonjs-7.28.6.tgz. Extracting by manifest.
2298 silly tarball no local data for @babel/plugin-transform-modules-amd@https://registry.npmjs.org/@babel/plugin-transform-modules-amd/-/plugin-transform-modules-amd-7.27.1.tgz. Extracting by manifest.
2299 silly tarball no local data for @babel/plugin-transform-member-expression-literals@https://registry.npmjs.org/@babel/plugin-transform-member-expression-literals/-/plugin-transform-member-expression-literals-7.27.1.tgz. Extracting by manifest.
2300 silly tarball no local data for @babel/plugin-transform-literals@https://registry.npmjs.org/@babel/plugin-transform-literals/-/plugin-transform-literals-7.27.1.tgz. Extracting by manifest.
2301 silly tarball no local data for @babel/plugin-transform-json-strings@https://registry.npmjs.org/@babel/plugin-transform-json-strings/-/plugin-transform-json-strings-7.28.6.tgz. Extracting by manifest.
2302 silly tarball no local data for @babel/plugin-transform-function-name@https://registry.npmjs.org/@babel/plugin-transform-function-name/-/plugin-transform-function-name-7.27.1.tgz. Extracting by manifest.
2303 silly tarball no local data for @babel/plugin-transform-for-of@https://registry.npmjs.org/@babel/plugin-transform-for-of/-/plugin-transform-for-of-7.27.1.tgz. Extracting by manifest.
2304 silly tarball no local data for @babel/plugin-transform-export-namespace-from@https://registry.npmjs.org/@babel/plugin-transform-export-namespace-from/-/plugin-transform-export-namespace-from-7.27.1.tgz. Extracting by manifest.
2305 silly tarball no local data for @babel/plugin-transform-logical-assignment-operators@https://registry.npmjs.org/@babel/plugin-transform-logical-assignment-operators/-/plugin-transform-logical-assignment-operators-7.28.6.tgz. Extracting by manifest.
2306 silly tarball no local data for @babel/plugin-transform-explicit-resource-management@https://registry.npmjs.org/@babel/plugin-transform-explicit-resource-management/-/plugin-transform-explicit-resource-management-7.28.6.tgz. Extracting by manifest.
2307 silly tarball no local data for @babel/plugin-transform-dynamic-import@https://registry.npmjs.org/@babel/plugin-transform-dynamic-import/-/plugin-transform-dynamic-import-7.27.1.tgz. Extracting by manifest.
2308 silly tarball no local data for @babel/plugin-transform-exponentiation-operator@https://registry.npmjs.org/@babel/plugin-transform-exponentiation-operator/-/plugin-transform-exponentiation-operator-7.28.6.tgz. Extracting by manifest.
2309 silly tarball no local data for @babel/plugin-transform-duplicate-keys@https://registry.npmjs.org/@babel/plugin-transform-duplicate-keys/-/plugin-transform-duplicate-keys-7.27.1.tgz. Extracting by manifest.
2310 silly tarball no local data for @babel/plugin-transform-duplicate-named-capturing-groups-regex@https://registry.npmjs.org/@babel/plugin-transform-duplicate-named-capturing-groups-regex/-/plugin-transform-duplicate-named-capturing-groups-regex-7.29.0.tgz. Extracting by manifest.
2311 silly tarball no local data for @babel/plugin-transform-dotall-regex@https://registry.npmjs.org/@babel/plugin-transform-dotall-regex/-/plugin-transform-dotall-regex-7.28.6.tgz. Extracting by manifest.
2312 silly tarball no local data for @babel/plugin-transform-computed-properties@https://registry.npmjs.org/@babel/plugin-transform-computed-properties/-/plugin-transform-computed-properties-7.28.6.tgz. Extracting by manifest.
2313 silly tarball no local data for @babel/plugin-transform-destructuring@https://registry.npmjs.org/@babel/plugin-transform-destructuring/-/plugin-transform-destructuring-7.28.5.tgz. Extracting by manifest.
2314 silly tarball no local data for @babel/plugin-transform-classes@https://registry.npmjs.org/@babel/plugin-transform-classes/-/plugin-transform-classes-7.28.6.tgz. Extracting by manifest.
2315 silly tarball no local data for @babel/plugin-transform-class-properties@https://registry.npmjs.org/@babel/plugin-transform-class-properties/-/plugin-transform-class-properties-7.28.6.tgz. Extracting by manifest.
2316 silly tarball no local data for @babel/plugin-transform-class-static-block@https://registry.npmjs.org/@babel/plugin-transform-class-static-block/-/plugin-transform-class-static-block-7.28.6.tgz. Extracting by manifest.
2317 silly tarball no local data for @babel/plugin-transform-block-scoping@https://registry.npmjs.org/@babel/plugin-transform-block-scoping/-/plugin-transform-block-scoping-7.28.6.tgz. Extracting by manifest.
2318 silly tarball no local data for @babel/plugin-transform-block-scoped-functions@https://registry.npmjs.org/@babel/plugin-transform-block-scoped-functions/-/plugin-transform-block-scoped-functions-7.27.1.tgz. Extracting by manifest.
2319 silly tarball no local data for @babel/plugin-transform-async-to-generator@https://registry.npmjs.org/@babel/plugin-transform-async-to-generator/-/plugin-transform-async-to-generator-7.28.6.tgz. Extracting by manifest.
2320 silly tarball no local data for @babel/plugin-transform-async-generator-functions@https://registry.npmjs.org/@babel/plugin-transform-async-generator-functions/-/plugin-transform-async-generator-functions-7.29.0.tgz. Extracting by manifest.
2321 silly tarball no local data for @babel/plugin-transform-arrow-functions@https://registry.npmjs.org/@babel/plugin-transform-arrow-functions/-/plugin-transform-arrow-functions-7.27.1.tgz. Extracting by manifest.
2322 silly tarball no local data for @babel/plugin-syntax-unicode-sets-regex@https://registry.npmjs.org/@babel/plugin-syntax-unicode-sets-regex/-/plugin-syntax-unicode-sets-regex-7.18.6.tgz. Extracting by manifest.
2323 silly tarball no local data for @babel/plugin-syntax-jsx@https://registry.npmjs.org/@babel/plugin-syntax-jsx/-/plugin-syntax-jsx-7.28.6.tgz. Extracting by manifest.
2324 silly tarball no local data for @babel/plugin-syntax-import-assertions@https://registry.npmjs.org/@babel/plugin-syntax-import-assertions/-/plugin-syntax-import-assertions-7.28.6.tgz. Extracting by manifest.
2325 silly tarball no local data for @babel/plugin-syntax-import-attributes@https://registry.npmjs.org/@babel/plugin-syntax-import-attributes/-/plugin-syntax-import-attributes-7.28.6.tgz. Extracting by manifest.
2326 silly tarball no local data for @babel/plugin-syntax-decorators@https://registry.npmjs.org/@babel/plugin-syntax-decorators/-/plugin-syntax-decorators-7.28.6.tgz. Extracting by manifest.
2327 silly tarball no local data for @babel/plugin-syntax-dynamic-import@https://registry.npmjs.org/@babel/plugin-syntax-dynamic-import/-/plugin-syntax-dynamic-import-7.8.3.tgz. Extracting by manifest.
2328 silly tarball no local data for @babel/plugin-proposal-decorators@https://registry.npmjs.org/@babel/plugin-proposal-decorators/-/plugin-proposal-decorators-7.29.0.tgz. Extracting by manifest.
2329 silly tarball no local data for @babel/plugin-proposal-private-property-in-object@https://registry.npmjs.org/@babel/plugin-proposal-private-property-in-object/-/plugin-proposal-private-property-in-object-7.21.0-placeholder-for-preset-env.2.tgz. Extracting by manifest.
2330 silly tarball no local data for @babel/plugin-proposal-class-properties@https://registry.npmjs.org/@babel/plugin-proposal-class-properties/-/plugin-proposal-class-properties-7.18.6.tgz. Extracting by manifest.
2331 silly tarball no local data for @babel/plugin-bugfix-v8-static-class-fields-redefine-readonly@https://registry.npmjs.org/@babel/plugin-bugfix-v8-static-class-fields-redefine-readonly/-/plugin-bugfix-v8-static-class-fields-redefine-readonly-7.28.6.tgz. Extracting by manifest.
2332 silly tarball no local data for @babel/plugin-bugfix-v8-spread-parameters-in-optional-chaining@https://registry.npmjs.org/@babel/plugin-bugfix-v8-spread-parameters-in-optional-chaining/-/plugin-bugfix-v8-spread-parameters-in-optional-chaining-7.27.1.tgz. Extracting by manifest.
2333 silly tarball no local data for @babel/plugin-bugfix-safari-id-destructuring-collision-in-function-expression@https://registry.npmjs.org/@babel/plugin-bugfix-safari-id-destructuring-collision-in-function-expression/-/plugin-bugfix-safari-id-destructuring-collision-in-function-expression-7.27.1.tgz. Extracting by manifest.
2334 silly tarball no local data for @babel/plugin-bugfix-safari-class-field-initializer-scope@https://registry.npmjs.org/@babel/plugin-bugfix-safari-class-field-initializer-scope/-/plugin-bugfix-safari-class-field-initializer-scope-7.27.1.tgz. Extracting by manifest.
2335 silly tarball no local data for @babel/parser@https://registry.npmjs.org/@babel/parser/-/parser-7.29.0.tgz. Extracting by manifest.
2336 silly tarball no local data for @babel/highlight@https://registry.npmjs.org/@babel/highlight/-/highlight-7.25.9.tgz. Extracting by manifest.
2337 silly tarball no local data for @babel/plugin-bugfix-firefox-class-in-computed-class-key@https://registry.npmjs.org/@babel/plugin-bugfix-firefox-class-in-computed-class-key/-/plugin-bugfix-firefox-class-in-computed-class-key-7.28.5.tgz. Extracting by manifest.
2338 silly tarball no local data for @babel/helper-wrap-function@https://registry.npmjs.org/@babel/helper-wrap-function/-/helper-wrap-function-7.28.6.tgz. Extracting by manifest.
2339 silly tarball no local data for @babel/helper-validator-option@https://registry.npmjs.org/@babel/helper-validator-option/-/helper-validator-option-7.27.1.tgz. Extracting by manifest.
2340 silly tarball no local data for @babel/helper-validator-identifier@https://registry.npmjs.org/@babel/helper-validator-identifier/-/helper-validator-identifier-7.28.5.tgz. Extracting by manifest.
2341 silly tarball no local data for @babel/helpers@https://registry.npmjs.org/@babel/helpers/-/helpers-7.28.4.tgz. Extracting by manifest.
2342 silly tarball no local data for @babel/helper-string-parser@https://registry.npmjs.org/@babel/helper-string-parser/-/helper-string-parser-7.27.1.tgz. Extracting by manifest.
2343 silly tarball no local data for @babel/helper-skip-transparent-expression-wrappers@https://registry.npmjs.org/@babel/helper-skip-transparent-expression-wrappers/-/helper-skip-transparent-expression-wrappers-7.27.1.tgz. Extracting by manifest.
2344 silly tarball no local data for @babel/helper-replace-supers@https://registry.npmjs.org/@babel/helper-replace-supers/-/helper-replace-supers-7.28.6.tgz. Extracting by manifest.
2345 silly tarball no local data for @babel/helper-plugin-utils@https://registry.npmjs.org/@babel/helper-plugin-utils/-/helper-plugin-utils-7.28.6.tgz. Extracting by manifest.
2346 silly tarball no local data for @babel/helper-module-transforms@https://registry.npmjs.org/@babel/helper-module-transforms/-/helper-module-transforms-7.28.6.tgz. Extracting by manifest.
2347 silly tarball no local data for @babel/helper-optimise-call-expression@https://registry.npmjs.org/@babel/helper-optimise-call-expression/-/helper-optimise-call-expression-7.27.1.tgz. Extracting by manifest.
2348 silly tarball no local data for @babel/helper-remap-async-to-generator@https://registry.npmjs.org/@babel/helper-remap-async-to-generator/-/helper-remap-async-to-generator-7.27.1.tgz. Extracting by manifest.
2349 silly tarball no local data for @babel/helper-module-imports@https://registry.npmjs.org/@babel/helper-module-imports/-/helper-module-imports-7.28.6.tgz. Extracting by manifest.
2350 silly tarball no local data for @babel/helper-member-expression-to-functions@https://registry.npmjs.org/@babel/helper-member-expression-to-functions/-/helper-member-expression-to-functions-7.28.5.tgz. Extracting by manifest.
2351 silly tarball no local data for @babel/helper-globals@https://registry.npmjs.org/@babel/helper-globals/-/helper-globals-7.28.0.tgz. Extracting by manifest.
2352 silly tarball no local data for @babel/helper-define-polyfill-provider@https://registry.npmjs.org/@babel/helper-define-polyfill-provider/-/helper-define-polyfill-provider-0.6.6.tgz. Extracting by manifest.
2353 silly tarball no local data for @babel/helper-create-regexp-features-plugin@https://registry.npmjs.org/@babel/helper-create-regexp-features-plugin/-/helper-create-regexp-features-plugin-7.28.5.tgz. Extracting by manifest.
2354 silly tarball no local data for @babel/helper-compilation-targets@https://registry.npmjs.org/@babel/helper-compilation-targets/-/helper-compilation-targets-7.28.6.tgz. Extracting by manifest.
2355 silly tarball no local data for @babel/helper-create-class-features-plugin@https://registry.npmjs.org/@babel/helper-create-class-features-plugin/-/helper-create-class-features-plugin-7.28.6.tgz. Extracting by manifest.
2356 silly tarball no local data for @babel/generator@https://registry.npmjs.org/@babel/generator/-/generator-7.29.1.tgz. Extracting by manifest.
2357 silly tarball no local data for @babel/helper-annotate-as-pure@https://registry.npmjs.org/@babel/helper-annotate-as-pure/-/helper-annotate-as-pure-7.27.3.tgz. Extracting by manifest.
2358 silly tarball no local data for @asamuzakjp/css-color@https://registry.npmjs.org/@asamuzakjp/css-color/-/css-color-3.2.0.tgz. Extracting by manifest.
2359 silly tarball no local data for @ampproject/remapping@https://registry.npmjs.org/@ampproject/remapping/-/remapping-2.3.0.tgz. Extracting by manifest.
2360 silly tarball no local data for @achrinza/node-ipc@https://registry.npmjs.org/@achrinza/node-ipc/-/node-ipc-9.2.9.tgz. Extracting by manifest.
2361 silly tarball no local data for @babel/compat-data@https://registry.npmjs.org/@babel/compat-data/-/compat-data-7.29.0.tgz. Extracting by manifest.
2362 silly tarball no local data for @babel/code-frame@https://registry.npmjs.org/@babel/code-frame/-/code-frame-7.29.0.tgz. Extracting by manifest.
2363 silly tarball no local data for @babel/core@https://registry.npmjs.org/@babel/core/-/core-7.28.5.tgz. Extracting by manifest.
2364 silly tarball no local data for yallist@https://registry.npmjs.org/yallist/-/yallist-2.1.2.tgz. Extracting by manifest.
2365 silly tarball no local data for normalize-path@https://registry.npmjs.org/normalize-path/-/normalize-path-1.0.0.tgz. Extracting by manifest.
2366 silly tarball no local data for lru-cache@https://registry.npmjs.org/lru-cache/-/lru-cache-4.1.5.tgz. Extracting by manifest.
2367 silly tarball no local data for iconv-lite@https://registry.npmjs.org/iconv-lite/-/iconv-lite-0.6.3.tgz. Extracting by manifest.
2368 silly tarball no local data for get-stream@https://registry.npmjs.org/get-stream/-/get-stream-3.0.0.tgz. Extracting by manifest.
2369 silly tarball no local data for execa@https://registry.npmjs.org/execa/-/execa-0.8.0.tgz. Extracting by manifest.
2370 silly tarball no local data for cross-spawn@https://registry.npmjs.org/cross-spawn/-/cross-spawn-5.1.0.tgz. Extracting by manifest.
2371 silly tarball no local data for ws@https://registry.npmjs.org/ws/-/ws-8.18.3.tgz. Extracting by manifest.
2372 silly tarball no local data for schema-utils@https://registry.npmjs.org/schema-utils/-/schema-utils-4.3.3.tgz. Extracting by manifest.
2373 silly tarball no local data for json-schema-traverse@https://registry.npmjs.org/json-schema-traverse/-/json-schema-traverse-1.0.0.tgz. Extracting by manifest.
2374 silly tarball no local data for schema-utils@https://registry.npmjs.org/schema-utils/-/schema-utils-4.3.3.tgz. Extracting by manifest.
2375 silly tarball no local data for escape-string-regexp@https://registry.npmjs.org/escape-string-regexp/-/escape-string-regexp-4.0.0.tgz. Extracting by manifest.
2376 silly tarball no local data for commander@https://registry.npmjs.org/commander/-/commander-7.2.0.tgz. Extracting by manifest.
2377 silly tarball no local data for json-schema-traverse@https://registry.npmjs.org/json-schema-traverse/-/json-schema-traverse-1.0.0.tgz. Extracting by manifest.
2378 silly tarball no local data for ajv@https://registry.npmjs.org/ajv/-/ajv-8.17.1.tgz. Extracting by manifest.
2379 silly tarball no local data for watchpack@https://registry.npmjs.org/watchpack/-/watchpack-2.5.1.tgz. Extracting by manifest.
2380 silly tarball no local data for ajv-keywords@https://registry.npmjs.org/ajv-keywords/-/ajv-keywords-5.1.0.tgz. Extracting by manifest.
2381 silly tarball no local data for json-schema-traverse@https://registry.npmjs.org/json-schema-traverse/-/json-schema-traverse-1.0.0.tgz. Extracting by manifest.
2382 silly tarball no local data for schema-utils@https://registry.npmjs.org/schema-utils/-/schema-utils-4.3.3.tgz. Extracting by manifest.
2383 silly tarball no local data for hash-sum@https://registry.npmjs.org/hash-sum/-/hash-sum-1.0.2.tgz. Extracting by manifest.
2384 silly tarball no local data for chalk@https://registry.npmjs.org/chalk/-/chalk-4.1.2.tgz. Extracting by manifest.
2385 silly tarball no local data for ajv-keywords@https://registry.npmjs.org/ajv-keywords/-/ajv-keywords-5.1.0.tgz. Extracting by manifest.
2386 silly tarball no local data for ajv-keywords@https://registry.npmjs.org/ajv-keywords/-/ajv-keywords-5.1.0.tgz. Extracting by manifest.
2387 silly tarball no local data for semver@https://registry.npmjs.org/semver/-/semver-7.7.3.tgz. Extracting by manifest.
2388 silly tarball no local data for which@https://registry.npmjs.org/which/-/which-2.0.2.tgz. Extracting by manifest.
2389 silly tarball no local data for estraverse@https://registry.npmjs.org/estraverse/-/estraverse-5.3.0.tgz. Extracting by manifest.
2390 silly tarball no local data for ajv@https://registry.npmjs.org/ajv/-/ajv-8.17.1.tgz. Extracting by manifest.
2391 silly tarball no local data for strip-final-newline@https://registry.npmjs.org/strip-final-newline/-/strip-final-newline-3.0.0.tgz. Extracting by manifest.
2392 silly tarball no local data for espree@https://registry.npmjs.org/espree/-/espree-9.6.1.tgz. Extracting by manifest.
2393 silly tarball no local data for shebang-command@https://registry.npmjs.org/shebang-command/-/shebang-command-2.0.0.tgz. Extracting by manifest.
2394 silly tarball no local data for shebang-regex@https://registry.npmjs.org/shebang-regex/-/shebang-regex-3.0.0.tgz. Extracting by manifest.
2395 silly tarball no local data for eslint-scope@https://registry.npmjs.org/eslint-scope/-/eslint-scope-7.2.2.tgz. Extracting by manifest.
2396 silly tarball no local data for ajv@https://registry.npmjs.org/ajv/-/ajv-8.17.1.tgz. Extracting by manifest.
2397 silly tarball no local data for eslint-visitor-keys@https://registry.npmjs.org/eslint-visitor-keys/-/eslint-visitor-keys-3.4.3.tgz. Extracting by manifest.
2398 silly tarball no local data for path-key@https://registry.npmjs.org/path-key/-/path-key-4.0.0.tgz. Extracting by manifest.
2399 silly tarball no local data for signal-exit@https://registry.npmjs.org/signal-exit/-/signal-exit-4.1.0.tgz. Extracting by manifest.
2400 silly tarball no local data for mimic-fn@https://registry.npmjs.org/mimic-fn/-/mimic-fn-4.0.0.tgz. Extracting by manifest.
2401 silly tarball no local data for path-key@https://registry.npmjs.org/path-key/-/path-key-3.1.1.tgz. Extracting by manifest.
2402 silly tarball no local data for is-stream@https://registry.npmjs.org/is-stream/-/is-stream-3.0.0.tgz. Extracting by manifest.
2403 silly tarball no local data for npm-run-path@https://registry.npmjs.org/npm-run-path/-/npm-run-path-5.3.0.tgz. Extracting by manifest.
2404 silly tarball no local data for universalify@https://registry.npmjs.org/universalify/-/universalify-0.2.0.tgz. Extracting by manifest.
2405 silly tarball no local data for schema-utils@https://registry.npmjs.org/schema-utils/-/schema-utils-3.3.0.tgz. Extracting by manifest.
2406 silly tarball no local data for human-signals@https://registry.npmjs.org/human-signals/-/human-signals-5.0.0.tgz. Extracting by manifest.
2407 silly tarball no local data for onetime@https://registry.npmjs.org/onetime/-/onetime-6.0.0.tgz. Extracting by manifest.
2408 silly tarball no local data for loader-utils@https://registry.npmjs.org/loader-utils/-/loader-utils-2.0.4.tgz. Extracting by manifest.
2409 silly tarball no local data for get-stream@https://registry.npmjs.org/get-stream/-/get-stream-8.0.1.tgz. Extracting by manifest.
2410 silly tarball no local data for cross-spawn@https://registry.npmjs.org/cross-spawn/-/cross-spawn-7.0.6.tgz. Extracting by manifest.
2411 silly tarball no local data for schema-utils@https://registry.npmjs.org/schema-utils/-/schema-utils-4.3.3.tgz. Extracting by manifest.
2412 silly tarball no local data for commander@https://registry.npmjs.org/commander/-/commander-2.20.3.tgz. Extracting by manifest.
2413 silly tarball no local data for json-schema-traverse@https://registry.npmjs.org/json-schema-traverse/-/json-schema-traverse-1.0.0.tgz. Extracting by manifest.
2414 silly tarball no local data for commander@https://registry.npmjs.org/commander/-/commander-7.2.0.tgz. Extracting by manifest.
2415 silly tarball no local data for ajv-keywords@https://registry.npmjs.org/ajv-keywords/-/ajv-keywords-5.1.0.tgz. Extracting by manifest.
2416 silly tarball no local data for ajv@https://registry.npmjs.org/ajv/-/ajv-8.17.1.tgz. Extracting by manifest.
2417 silly tarball no local data for ajv@https://registry.npmjs.org/ajv/-/ajv-8.17.1.tgz. Extracting by manifest.
2418 silly tarball no local data for json-schema-traverse@https://registry.npmjs.org/json-schema-traverse/-/json-schema-traverse-1.0.0.tgz. Extracting by manifest.
2419 silly tarball no local data for execa@https://registry.npmjs.org/execa/-/execa-8.0.1.tgz. Extracting by manifest.
2420 silly tarball no local data for escape-string-regexp@https://registry.npmjs.org/escape-string-regexp/-/escape-string-regexp-2.0.0.tgz. Extracting by manifest.
2421 silly tarball no local data for encodeurl@https://registry.npmjs.org/encodeurl/-/encodeurl-1.0.2.tgz. Extracting by manifest.
2422 silly tarball no local data for http-errors@https://registry.npmjs.org/http-errors/-/http-errors-2.0.0.tgz. Extracting by manifest.
2423 silly tarball no local data for statuses@https://registry.npmjs.org/statuses/-/statuses-2.0.1.tgz. Extracting by manifest.
2424 silly tarball no local data for statuses@https://registry.npmjs.org/statuses/-/statuses-1.5.0.tgz. Extracting by manifest.
2425 silly tarball no local data for ms@https://registry.npmjs.org/ms/-/ms-2.0.0.tgz. Extracting by manifest.
2426 silly tarball no local data for js-tokens@https://registry.npmjs.org/js-tokens/-/js-tokens-9.0.1.tgz. Extracting by manifest.
2427 silly tarball no local data for debug@https://registry.npmjs.org/debug/-/debug-2.6.9.tgz. Extracting by manifest.
2428 silly tarball no local data for send@https://registry.npmjs.org/send/-/send-0.19.0.tgz. Extracting by manifest.
2429 silly tarball no local data for setprototypeof@https://registry.npmjs.org/setprototypeof/-/setprototypeof-1.1.0.tgz. Extracting by manifest.
2430 silly tarball no local data for http-errors@https://registry.npmjs.org/http-errors/-/http-errors-2.0.0.tgz. Extracting by manifest.
2431 silly tarball no local data for http-errors@https://registry.npmjs.org/http-errors/-/http-errors-1.6.3.tgz. Extracting by manifest.
2432 silly tarball no local data for debug@https://registry.npmjs.org/debug/-/debug-2.6.9.tgz. Extracting by manifest.
2433 silly tarball no local data for statuses@https://registry.npmjs.org/statuses/-/statuses-2.0.1.tgz. Extracting by manifest.
2434 silly tarball no local data for inherits@https://registry.npmjs.org/inherits/-/inherits-2.0.3.tgz. Extracting by manifest.
2435 silly tarball no local data for type-fest@https://registry.npmjs.org/type-fest/-/type-fest-0.8.1.tgz. Extracting by manifest.
2436 silly tarball no local data for ipaddr.js@https://registry.npmjs.org/ipaddr.js/-/ipaddr.js-1.9.1.tgz. Extracting by manifest.
2437 silly tarball no local data for ms@https://registry.npmjs.org/ms/-/ms-2.0.0.tgz. Extracting by manifest.
2438 silly tarball no local data for depd@https://registry.npmjs.org/depd/-/depd-1.1.2.tgz. Extracting by manifest.
2439 silly tarball no local data for debug@https://registry.npmjs.org/debug/-/debug-2.6.9.tgz. Extracting by manifest.
2440 silly tarball no local data for ms@https://registry.npmjs.org/ms/-/ms-2.0.0.tgz. Extracting by manifest.
2441 silly tarball no local data for has-flag@https://registry.npmjs.org/has-flag/-/has-flag-3.0.0.tgz. Extracting by manifest.
2442 silly tarball no local data for color-name@https://registry.npmjs.org/color-name/-/color-name-1.1.3.tgz. Extracting by manifest.
2443 silly tarball no local data for color-convert@https://registry.npmjs.org/color-convert/-/color-convert-1.9.3.tgz. Extracting by manifest.
2444 silly tarball no local data for ansi-styles@https://registry.npmjs.org/ansi-styles/-/ansi-styles-5.2.0.tgz. Extracting by manifest.
2445 silly tarball no local data for semver@https://registry.npmjs.org/semver/-/semver-7.7.3.tgz. Extracting by manifest.
2446 silly tarball no local data for postcss-selector-parser@https://registry.npmjs.org/postcss-selector-parser/-/postcss-selector-parser-7.1.1.tgz. Extracting by manifest.
2447 silly tarball no local data for chalk@https://registry.npmjs.org/chalk/-/chalk-2.4.2.tgz. Extracting by manifest.
2448 silly tarball no local data for @vue/devtools-api@https://registry.npmjs.org/@vue/devtools-api/-/devtools-api-7.7.9.tgz. Extracting by manifest.
2449 silly tarball no local data for supports-color@https://registry.npmjs.org/supports-color/-/supports-color-5.5.0.tgz. Extracting by manifest.
2450 silly tarball no local data for ansi-styles@https://registry.npmjs.org/ansi-styles/-/ansi-styles-3.2.1.tgz. Extracting by manifest.
2451 silly tarball no local data for postcss-selector-parser@https://registry.npmjs.org/postcss-selector-parser/-/postcss-selector-parser-7.1.1.tgz. Extracting by manifest.
2452 silly tarball no local data for pathe@https://registry.npmjs.org/pathe/-/pathe-2.0.3.tgz. Extracting by manifest.
2453 silly tarball no local data for tslib@https://registry.npmjs.org/tslib/-/tslib-1.14.1.tgz. Extracting by manifest.
2454 silly tarball no local data for minipass@https://registry.npmjs.org/minipass/-/minipass-7.1.2.tgz. Extracting by manifest.
2455 silly tarball no local data for semver@https://registry.npmjs.org/semver/-/semver-5.7.2.tgz. Extracting by manifest.
2456 silly tarball no local data for lru-cache@https://registry.npmjs.org/lru-cache/-/lru-cache-10.4.3.tgz. Extracting by manifest.
2457 silly tarball no local data for parse5@https://registry.npmjs.org/parse5/-/parse5-6.0.1.tgz. Extracting by manifest.
2458 silly tarball no local data for chalk@https://registry.npmjs.org/chalk/-/chalk-4.1.2.tgz. Extracting by manifest.
2459 silly tarball no local data for yargs-parser@https://registry.npmjs.org/yargs-parser/-/yargs-parser-21.1.1.tgz. Extracting by manifest.
2460 silly tarball no local data for type-fest@https://registry.npmjs.org/type-fest/-/type-fest-5.4.3.tgz. Extracting by manifest.
2461 silly tarball no local data for tough-cookie@https://registry.npmjs.org/tough-cookie/-/tough-cookie-6.0.0.tgz. Extracting by manifest.
2462 silly tarball no local data for pathe@https://registry.npmjs.org/pathe/-/pathe-2.0.3.tgz. Extracting by manifest.
2463 silly tarball no local data for yargs@https://registry.npmjs.org/yargs/-/yargs-17.7.2.tgz. Extracting by manifest.
2464 silly tarball no local data for tldts-core@https://registry.npmjs.org/tldts-core/-/tldts-core-7.0.22.tgz. Extracting by manifest.
2465 silly tarball no local data for cookie@https://registry.npmjs.org/cookie/-/cookie-1.1.1.tgz. Extracting by manifest.
2466 silly tarball no local data for tldts@https://registry.npmjs.org/tldts/-/tldts-7.0.22.tgz. Extracting by manifest.
2467 silly tarball no local data for cliui@https://registry.npmjs.org/cliui/-/cliui-8.0.1.tgz. Extracting by manifest.
2468 silly tarball no local data for yallist@https://registry.npmjs.org/yallist/-/yallist-4.0.0.tgz. Extracting by manifest.
2469 silly tarball no local data for json-schema-traverse@https://registry.npmjs.org/json-schema-traverse/-/json-schema-traverse-1.0.0.tgz. Extracting by manifest.
2470 silly tarball no local data for path-to-regexp@https://registry.npmjs.org/path-to-regexp/-/path-to-regexp-6.3.0.tgz. Extracting by manifest.
2471 silly tarball no local data for wrap-ansi@https://registry.npmjs.org/wrap-ansi/-/wrap-ansi-3.0.1.tgz. Extracting by manifest.
2472 silly tarball no local data for strip-ansi@https://registry.npmjs.org/strip-ansi/-/strip-ansi-4.0.0.tgz. Extracting by manifest.
2473 silly tarball no local data for schema-utils@https://registry.npmjs.org/schema-utils/-/schema-utils-4.3.3.tgz. Extracting by manifest.
2474 silly tarball no local data for ajv@https://registry.npmjs.org/ajv/-/ajv-8.17.1.tgz. Extracting by manifest.
2475 silly tarball no local data for string-width@https://registry.npmjs.org/string-width/-/string-width-2.1.1.tgz. Extracting by manifest.
2476 silly tarball no local data for restore-cursor@https://registry.npmjs.org/restore-cursor/-/restore-cursor-2.0.0.tgz. Extracting by manifest.
2477 silly tarball no local data for ajv-keywords@https://registry.npmjs.org/ajv-keywords/-/ajv-keywords-5.1.0.tgz. Extracting by manifest.
2478 silly tarball no local data for onetime@https://registry.npmjs.org/onetime/-/onetime-2.0.1.tgz. Extracting by manifest.
2479 silly tarball no local data for mimic-fn@https://registry.npmjs.org/mimic-fn/-/mimic-fn-1.2.0.tgz. Extracting by manifest.
2480 silly tarball no local data for chalk@https://registry.npmjs.org/chalk/-/chalk-4.1.2.tgz. Extracting by manifest.
2481 silly tarball no local data for cli-cursor@https://registry.npmjs.org/cli-cursor/-/cli-cursor-2.1.0.tgz. Extracting by manifest.
2482 silly tarball no local data for json5@https://registry.npmjs.org/json5/-/json5-1.0.2.tgz. Extracting by manifest.
2483 silly tarball no local data for is-fullwidth-code-point@https://registry.npmjs.org/is-fullwidth-code-point/-/is-fullwidth-code-point-2.0.0.tgz. Extracting by manifest.
2484 silly tarball no local data for ws@https://registry.npmjs.org/ws/-/ws-8.19.0.tgz. Extracting by manifest.
2485 silly tarball no local data for ansi-regex@https://registry.npmjs.org/ansi-regex/-/ansi-regex-3.0.1.tgz. Extracting by manifest.
2486 silly tarball no local data for whatwg-url@https://registry.npmjs.org/whatwg-url/-/whatwg-url-12.0.1.tgz. Extracting by manifest.
2487 silly tarball no local data for webidl-conversions@https://registry.npmjs.org/webidl-conversions/-/webidl-conversions-7.0.0.tgz. Extracting by manifest.
2488 silly tarball no local data for parse5@https://registry.npmjs.org/parse5/-/parse5-7.3.0.tgz. Extracting by manifest.
2489 silly tarball no local data for entities@https://registry.npmjs.org/entities/-/entities-6.0.1.tgz. Extracting by manifest.
2490 silly tarball no local data for tr46@https://registry.npmjs.org/tr46/-/tr46-4.1.1.tgz. Extracting by manifest.
2491 silly tarball no local data for minimatch@https://registry.npmjs.org/minimatch/-/minimatch-9.0.5.tgz. Extracting by manifest.
2492 silly tarball no local data for supports-color@https://registry.npmjs.org/supports-color/-/supports-color-8.1.1.tgz. Extracting by manifest.
2493 silly tarball no local data for picomatch@https://registry.npmjs.org/picomatch/-/picomatch-4.0.3.tgz. Extracting by manifest.
2494 silly tarball no local data for minipass@https://registry.npmjs.org/minipass/-/minipass-7.1.2.tgz. Extracting by manifest.
2495 silly tarball no local data for ci-info@https://registry.npmjs.org/ci-info/-/ci-info-4.4.0.tgz. Extracting by manifest.
2496 silly tarball no local data for glob@https://registry.npmjs.org/glob/-/glob-10.5.0.tgz. Extracting by manifest.
2497 silly tarball no local data for chalk@https://registry.npmjs.org/chalk/-/chalk-4.1.2.tgz. Extracting by manifest.
2498 silly tarball no local data for brace-expansion@https://registry.npmjs.org/brace-expansion/-/brace-expansion-2.0.2.tgz. Extracting by manifest.
2499 silly tarball no local data for chalk@https://registry.npmjs.org/chalk/-/chalk-4.1.2.tgz. Extracting by manifest.
2500 silly tarball no local data for ws@https://registry.npmjs.org/ws/-/ws-8.19.0.tgz. Extracting by manifest.
2501 silly tarball no local data for whatwg-url@https://registry.npmjs.org/whatwg-url/-/whatwg-url-14.2.0.tgz. Extracting by manifest.
2502 silly tarball no local data for whatwg-encoding@https://registry.npmjs.org/whatwg-encoding/-/whatwg-encoding-3.1.1.tgz. Extracting by manifest.
2503 silly tarball no local data for webidl-conversions@https://registry.npmjs.org/webidl-conversions/-/webidl-conversions-7.0.0.tgz. Extracting by manifest.
2504 silly tarball no local data for tough-cookie@https://registry.npmjs.org/tough-cookie/-/tough-cookie-5.1.2.tgz. Extracting by manifest.
2505 silly tarball no local data for w3c-xmlserializer@https://registry.npmjs.org/w3c-xmlserializer/-/w3c-xmlserializer-5.0.0.tgz. Extracting by manifest.
2506 silly tarball no local data for whatwg-mimetype@https://registry.npmjs.org/whatwg-mimetype/-/whatwg-mimetype-4.0.0.tgz. Extracting by manifest.
2507 silly tarball no local data for tr46@https://registry.npmjs.org/tr46/-/tr46-5.1.1.tgz. Extracting by manifest.
2508 silly tarball no local data for rrweb-cssom@https://registry.npmjs.org/rrweb-cssom/-/rrweb-cssom-0.8.0.tgz. Extracting by manifest.
2509 silly tarball no local data for jsdom@https://registry.npmjs.org/jsdom/-/jsdom-26.1.0.tgz. Extracting by manifest.
2510 silly tarball no local data for xml-name-validator@https://registry.npmjs.org/xml-name-validator/-/xml-name-validator-5.0.0.tgz. Extracting by manifest.
2511 silly tarball no local data for parse5@https://registry.npmjs.org/parse5/-/parse5-7.3.0.tgz. Extracting by manifest.
2512 silly tarball no local data for iconv-lite@https://registry.npmjs.org/iconv-lite/-/iconv-lite-0.6.3.tgz. Extracting by manifest.
2513 silly tarball no local data for http-proxy-agent@https://registry.npmjs.org/http-proxy-agent/-/http-proxy-agent-7.0.2.tgz. Extracting by manifest.
2514 silly tarball no local data for https-proxy-agent@https://registry.npmjs.org/https-proxy-agent/-/https-proxy-agent-7.0.6.tgz. Extracting by manifest.
2515 silly tarball no local data for semver@https://registry.npmjs.org/semver/-/semver-7.7.4.tgz. Extracting by manifest.
2516 silly tarball no local data for make-dir@https://registry.npmjs.org/make-dir/-/make-dir-4.0.0.tgz. Extracting by manifest.
2517 silly tarball no local data for entities@https://registry.npmjs.org/entities/-/entities-6.0.1.tgz. Extracting by manifest.
2518 silly tarball no local data for data-urls@https://registry.npmjs.org/data-urls/-/data-urls-5.0.0.tgz. Extracting by manifest.
2519 silly tarball no local data for html-encoding-sniffer@https://registry.npmjs.org/html-encoding-sniffer/-/html-encoding-sniffer-4.0.0.tgz. Extracting by manifest.
2520 silly tarball no local data for cssstyle@https://registry.npmjs.org/cssstyle/-/cssstyle-4.6.0.tgz. Extracting by manifest.
2521 silly tarball no local data for entities@https://registry.npmjs.org/entities/-/entities-2.2.0.tgz. Extracting by manifest.
2522 silly tarball no local data for agent-base@https://registry.npmjs.org/agent-base/-/agent-base-7.1.4.tgz. Extracting by manifest.
2523 silly tarball no local data for type-fest@https://registry.npmjs.org/type-fest/-/type-fest-0.20.2.tgz. Extracting by manifest.
2524 silly tarball no local data for which@https://registry.npmjs.org/which/-/which-2.0.2.tgz. Extracting by manifest.
2525 silly tarball no local data for shebang-regex@https://registry.npmjs.org/shebang-regex/-/shebang-regex-3.0.0.tgz. Extracting by manifest.
2526 silly tarball no local data for string_decoder@https://registry.npmjs.org/string_decoder/-/string_decoder-1.1.1.tgz. Extracting by manifest.
2527 silly tarball no local data for safe-buffer@https://registry.npmjs.org/safe-buffer/-/safe-buffer-5.1.2.tgz. Extracting by manifest.
2528 silly tarball no local data for signal-exit@https://registry.npmjs.org/signal-exit/-/signal-exit-4.1.0.tgz. Extracting by manifest.
2529 silly tarball no local data for readable-stream@https://registry.npmjs.org/readable-stream/-/readable-stream-2.3.8.tgz. Extracting by manifest.
2530 silly tarball no local data for ms@https://registry.npmjs.org/ms/-/ms-2.0.0.tgz. Extracting by manifest.
2531 silly tarball no local data for debug@https://registry.npmjs.org/debug/-/debug-2.6.9.tgz. Extracting by manifest.
2532 silly tarball no local data for glob-parent@https://registry.npmjs.org/glob-parent/-/glob-parent-5.1.2.tgz. Extracting by manifest.
2533 silly tarball no local data for shebang-command@https://registry.npmjs.org/shebang-command/-/shebang-command-2.0.0.tgz. Extracting by manifest.
2534 silly tarball no local data for estraverse@https://registry.npmjs.org/estraverse/-/estraverse-5.3.0.tgz. Extracting by manifest.
2535 silly tarball no local data for path-key@https://registry.npmjs.org/path-key/-/path-key-3.1.1.tgz. Extracting by manifest.
2536 silly tarball no local data for cross-spawn@https://registry.npmjs.org/cross-spawn/-/cross-spawn-7.0.6.tgz. Extracting by manifest.
2537 silly tarball no local data for debug@https://registry.npmjs.org/debug/-/debug-2.6.9.tgz. Extracting by manifest.
2538 silly tarball no local data for ms@https://registry.npmjs.org/ms/-/ms-2.0.0.tgz. Extracting by manifest.
2539 silly tarball no local data for estraverse@https://registry.npmjs.org/estraverse/-/estraverse-5.3.0.tgz. Extracting by manifest.
2540 silly tarball no local data for acorn@https://registry.npmjs.org/acorn/-/acorn-7.4.1.tgz. Extracting by manifest.
2541 silly tarball no local data for eslint-visitor-keys@https://registry.npmjs.org/eslint-visitor-keys/-/eslint-visitor-keys-1.3.0.tgz. Extracting by manifest.
2542 silly tarball no local data for schema-utils@https://registry.npmjs.org/schema-utils/-/schema-utils-4.3.3.tgz. Extracting by manifest.
2543 silly tarball no local data for semver@https://registry.npmjs.org/semver/-/semver-7.7.3.tgz. Extracting by manifest.
2544 silly tarball no local data for supports-color@https://registry.npmjs.org/supports-color/-/supports-color-8.1.1.tgz. Extracting by manifest.
2545 silly tarball no local data for json-schema-traverse@https://registry.npmjs.org/json-schema-traverse/-/json-schema-traverse-1.0.0.tgz. Extracting by manifest.
2546 silly tarball no local data for shebang-regex@https://registry.npmjs.org/shebang-regex/-/shebang-regex-3.0.0.tgz. Extracting by manifest.
2547 silly tarball no local data for jest-worker@https://registry.npmjs.org/jest-worker/-/jest-worker-28.1.3.tgz. Extracting by manifest.
2548 silly tarball no local data for ajv@https://registry.npmjs.org/ajv/-/ajv-8.17.1.tgz. Extracting by manifest.
2549 silly tarball no local data for ajv-keywords@https://registry.npmjs.org/ajv-keywords/-/ajv-keywords-5.1.0.tgz. Extracting by manifest.
2550 silly tarball no local data for shebang-command@https://registry.npmjs.org/shebang-command/-/shebang-command-2.0.0.tgz. Extracting by manifest.
2551 silly tarball no local data for eslint-visitor-keys@https://registry.npmjs.org/eslint-visitor-keys/-/eslint-visitor-keys-1.3.0.tgz. Extracting by manifest.
2552 silly tarball no local data for semver@https://registry.npmjs.org/semver/-/semver-7.7.3.tgz. Extracting by manifest.
2553 silly tarball no local data for path-key@https://registry.npmjs.org/path-key/-/path-key-3.1.1.tgz. Extracting by manifest.
2554 silly tarball no local data for ignore@https://registry.npmjs.org/ignore/-/ignore-4.0.6.tgz. Extracting by manifest.
2555 silly tarball no local data for glob-parent@https://registry.npmjs.org/glob-parent/-/glob-parent-5.1.2.tgz. Extracting by manifest.
2556 silly tarball no local data for cross-spawn@https://registry.npmjs.org/cross-spawn/-/cross-spawn-7.0.6.tgz. Extracting by manifest.
2557 silly tarball no local data for which@https://registry.npmjs.org/which/-/which-2.0.2.tgz. Extracting by manifest.
2558 silly tarball no local data for isarray@https://registry.npmjs.org/isarray/-/isarray-2.0.5.tgz. Extracting by manifest.
2559 silly tarball no local data for eslint-utils@https://registry.npmjs.org/eslint-utils/-/eslint-utils-2.1.0.tgz. Extracting by manifest.
2560 silly tarball no local data for escape-string-regexp@https://registry.npmjs.org/escape-string-regexp/-/escape-string-regexp-4.0.0.tgz. Extracting by manifest.
2561 silly tarball no local data for chalk@https://registry.npmjs.org/chalk/-/chalk-4.1.2.tgz. Extracting by manifest.
2562 silly tarball no local data for webidl-conversions@https://registry.npmjs.org/webidl-conversions/-/webidl-conversions-7.0.0.tgz. Extracting by manifest.
2563 silly tarball no local data for @babel/code-frame@https://registry.npmjs.org/@babel/code-frame/-/code-frame-7.12.11.tgz. Extracting by manifest.
2564 silly tarball no local data for semver@https://registry.npmjs.org/semver/-/semver-7.7.4.tgz. Extracting by manifest.
2565 silly tarball no local data for minimatch@https://registry.npmjs.org/minimatch/-/minimatch-9.0.1.tgz. Extracting by manifest.
2566 silly tarball no local data for commander@https://registry.npmjs.org/commander/-/commander-10.0.1.tgz. Extracting by manifest.
2567 silly tarball no local data for brace-expansion@https://registry.npmjs.org/brace-expansion/-/brace-expansion-2.0.2.tgz. Extracting by manifest.
2568 silly tarball no local data for entities@https://registry.npmjs.org/entities/-/entities-2.2.0.tgz. Extracting by manifest.
2569 silly tarball no local data for which@https://registry.npmjs.org/which/-/which-2.0.2.tgz. Extracting by manifest.
2570 silly tarball no local data for shebang-command@https://registry.npmjs.org/shebang-command/-/shebang-command-2.0.0.tgz. Extracting by manifest.
2571 silly tarball no local data for shebang-regex@https://registry.npmjs.org/shebang-regex/-/shebang-regex-3.0.0.tgz. Extracting by manifest.
2572 silly tarball no local data for path-key@https://registry.npmjs.org/path-key/-/path-key-3.1.1.tgz. Extracting by manifest.
2573 silly tarball no local data for isarray@https://registry.npmjs.org/isarray/-/isarray-2.0.5.tgz. Extracting by manifest.
2574 silly tarball no local data for whatwg-url@https://registry.npmjs.org/whatwg-url/-/whatwg-url-12.0.1.tgz. Extracting by manifest.
2575 silly tarball no local data for npm-run-path@https://registry.npmjs.org/npm-run-path/-/npm-run-path-4.0.1.tgz. Extracting by manifest.
2576 silly tarball no local data for is-stream@https://registry.npmjs.org/is-stream/-/is-stream-2.0.1.tgz. Extracting by manifest.
2577 silly tarball no local data for get-stream@https://registry.npmjs.org/get-stream/-/get-stream-6.0.1.tgz. Extracting by manifest.
2578 silly tarball no local data for execa@https://registry.npmjs.org/execa/-/execa-5.1.1.tgz. Extracting by manifest.
2579 silly tarball no local data for cross-spawn@https://registry.npmjs.org/cross-spawn/-/cross-spawn-7.0.6.tgz. Extracting by manifest.
2580 silly tarball no local data for tr46@https://registry.npmjs.org/tr46/-/tr46-4.1.1.tgz. Extracting by manifest.
2581 silly tarball no local data for schema-utils@https://registry.npmjs.org/schema-utils/-/schema-utils-4.3.3.tgz. Extracting by manifest.
2582 silly tarball no local data for semver@https://registry.npmjs.org/semver/-/semver-7.7.3.tgz. Extracting by manifest.
2583 silly tarball no local data for webidl-conversions@https://registry.npmjs.org/webidl-conversions/-/webidl-conversions-7.0.0.tgz. Extracting by manifest.
2584 silly tarball no local data for json-schema-traverse@https://registry.npmjs.org/json-schema-traverse/-/json-schema-traverse-1.0.0.tgz. Extracting by manifest.
2585 silly tarball no local data for ajv@https://registry.npmjs.org/ajv/-/ajv-8.17.1.tgz. Extracting by manifest.
2586 silly tarball no local data for schema-utils@https://registry.npmjs.org/schema-utils/-/schema-utils-3.3.0.tgz. Extracting by manifest.
2587 silly tarball no local data for semver@https://registry.npmjs.org/semver/-/semver-5.7.2.tgz. Extracting by manifest.
2588 silly tarball no local data for ajv-keywords@https://registry.npmjs.org/ajv-keywords/-/ajv-keywords-5.1.0.tgz. Extracting by manifest.
2589 silly tarball no local data for chalk@https://registry.npmjs.org/chalk/-/chalk-4.1.2.tgz. Extracting by manifest.
2590 silly tarball no local data for glob-parent@https://registry.npmjs.org/glob-parent/-/glob-parent-5.1.2.tgz. Extracting by manifest.
2591 silly tarball no local data for debug@https://registry.npmjs.org/debug/-/debug-2.6.9.tgz. Extracting by manifest.
2592 silly tarball no local data for type-detect@https://registry.npmjs.org/type-detect/-/type-detect-4.1.0.tgz. Extracting by manifest.
2593 silly tarball no local data for ms@https://registry.npmjs.org/ms/-/ms-2.0.0.tgz. Extracting by manifest.
2594 silly tarball no local data for loader-utils@https://registry.npmjs.org/loader-utils/-/loader-utils-2.0.4.tgz. Extracting by manifest.
2595 silly tarball no local data for ms@https://registry.npmjs.org/ms/-/ms-2.0.0.tgz. Extracting by manifest.
2596 silly tarball no local data for json-schema-traverse@https://registry.npmjs.org/json-schema-traverse/-/json-schema-traverse-1.0.0.tgz. Extracting by manifest.
2597 silly tarball no local data for negotiator@https://registry.npmjs.org/negotiator/-/negotiator-0.6.3.tgz. Extracting by manifest.
2598 silly tarball no local data for ajv@https://registry.npmjs.org/ajv/-/ajv-8.17.1.tgz. Extracting by manifest.
2599 silly tarball no local data for hash-sum@https://registry.npmjs.org/hash-sum/-/hash-sum-1.0.2.tgz. Extracting by manifest.
2600 silly tarball no local data for yallist@https://registry.npmjs.org/yallist/-/yallist-2.1.2.tgz. Extracting by manifest.
2601 silly tarball no local data for eslint-config-prettier@https://registry.npmjs.org/eslint-config-prettier/-/eslint-config-prettier-8.10.2.tgz. Extracting by manifest.
2602 silly tarball no local data for debug@https://registry.npmjs.org/debug/-/debug-2.6.9.tgz. Extracting by manifest.
2603 silly tarball no local data for eslint-plugin-prettier@https://registry.npmjs.org/eslint-plugin-prettier/-/eslint-plugin-prettier-4.2.5.tgz. Extracting by manifest.
2604 silly tarball no local data for postcss@https://registry.npmjs.org/postcss/-/postcss-7.0.39.tgz. Extracting by manifest.
2605 silly tarball no local data for picocolors@https://registry.npmjs.org/picocolors/-/picocolors-0.2.1.tgz. Extracting by manifest.
2606 silly tarball no local data for yallist@https://registry.npmjs.org/yallist/-/yallist-4.0.0.tgz. Extracting by manifest.
2607 silly tarball no local data for semver@https://registry.npmjs.org/semver/-/semver-7.7.3.tgz. Extracting by manifest.
2608 silly tarball no local data for lru-cache@https://registry.npmjs.org/lru-cache/-/lru-cache-4.1.5.tgz. Extracting by manifest.
2609 silly tarball no local data for lru-cache@https://registry.npmjs.org/lru-cache/-/lru-cache-6.0.0.tgz. Extracting by manifest.
2610 silly tarball no local data for hash-sum@https://registry.npmjs.org/hash-sum/-/hash-sum-1.0.2.tgz. Extracting by manifest.
2611 silly tarball no local data for chalk@https://registry.npmjs.org/chalk/-/chalk-4.1.2.tgz. Extracting by manifest.
2612 silly tarball no local data for semver@https://registry.npmjs.org/semver/-/semver-7.7.4.tgz. Extracting by manifest.
2613 silly tarball no local data for pretty-format@https://registry.npmjs.org/pretty-format/-/pretty-format-29.7.0.tgz. Extracting by manifest.
2614 silly tarball no local data for estree-walker@https://registry.npmjs.org/estree-walker/-/estree-walker-3.0.3.tgz. Extracting by manifest.
2615 silly tarball no local data for ansi-styles@https://registry.npmjs.org/ansi-styles/-/ansi-styles-5.2.0.tgz. Extracting by manifest.
2616 silly tarball no local data for @sinclair/typebox@https://registry.npmjs.org/@sinclair/typebox/-/typebox-0.27.10.tgz. Extracting by manifest.
2617 silly tarball no local data for @sinclair/typebox@https://registry.npmjs.org/@sinclair/typebox/-/typebox-0.27.10.tgz. Extracting by manifest.
2618 silly tarball no local data for p-limit@https://registry.npmjs.org/p-limit/-/p-limit-5.0.0.tgz. Extracting by manifest.
2619 silly tarball no local data for ansi-styles@https://registry.npmjs.org/ansi-styles/-/ansi-styles-5.2.0.tgz. Extracting by manifest.
2620 silly tarball no local data for @jest/schemas@https://registry.npmjs.org/@jest/schemas/-/schemas-29.6.3.tgz. Extracting by manifest.
2621 silly tarball no local data for @jest/schemas@https://registry.npmjs.org/@jest/schemas/-/schemas-29.6.3.tgz. Extracting by manifest.
2622 silly tarball no local data for pretty-format@https://registry.npmjs.org/pretty-format/-/pretty-format-29.7.0.tgz. Extracting by manifest.
2623 silly tarball no local data for @types/send@https://registry.npmjs.org/@types/send/-/send-0.17.6.tgz. Extracting by manifest.
2624 silly tarball no local data for react-is@https://registry.npmjs.org/react-is/-/react-is-17.0.2.tgz. Extracting by manifest.
2625 silly tarball no local data for @types/express-serve-static-core@https://registry.npmjs.org/@types/express-serve-static-core/-/express-serve-static-core-4.19.7.tgz. Extracting by manifest.
2626 silly tarball no local data for parse5@https://registry.npmjs.org/parse5/-/parse5-7.3.0.tgz. Extracting by manifest.
2627 silly tarball no local data for pretty-format@https://registry.npmjs.org/pretty-format/-/pretty-format-27.5.1.tgz. Extracting by manifest.
2628 silly tarball no local data for entities@https://registry.npmjs.org/entities/-/entities-6.0.1.tgz. Extracting by manifest.
2629 silly tarball no local data for chalk@https://registry.npmjs.org/chalk/-/chalk-4.1.2.tgz. Extracting by manifest.
2630 silly tarball no local data for ansi-styles@https://registry.npmjs.org/ansi-styles/-/ansi-styles-5.2.0.tgz. Extracting by manifest.
2631 silly tarball no local data for chalk@https://registry.npmjs.org/chalk/-/chalk-4.1.2.tgz. Extracting by manifest.
2632 silly tarball no local data for wrap-ansi@https://registry.npmjs.org/wrap-ansi/-/wrap-ansi-8.1.0.tgz. Extracting by manifest.
2633 silly tarball no local data for emoji-regex@https://registry.npmjs.org/emoji-regex/-/emoji-regex-9.2.2.tgz. Extracting by manifest.
2634 silly tarball no local data for string-width@https://registry.npmjs.org/string-width/-/string-width-5.1.2.tgz. Extracting by manifest.
2635 silly tarball no local data for strip-ansi@https://registry.npmjs.org/strip-ansi/-/strip-ansi-7.1.2.tgz. Extracting by manifest.
2636 silly tarball no local data for wrap-ansi@https://registry.npmjs.org/wrap-ansi/-/wrap-ansi-6.2.0.tgz. Extracting by manifest.
2637 silly tarball no local data for ansi-styles@https://registry.npmjs.org/ansi-styles/-/ansi-styles-6.2.3.tgz. Extracting by manifest.
2638 silly tarball no local data for ansi-regex@https://registry.npmjs.org/ansi-regex/-/ansi-regex-6.2.2.tgz. Extracting by manifest.
2639 silly tarball no local data for signal-exit@https://registry.npmjs.org/signal-exit/-/signal-exit-4.1.0.tgz. Extracting by manifest.
2640 silly tarball no local data for ignore@https://registry.npmjs.org/ignore/-/ignore-4.0.6.tgz. Extracting by manifest.
2641 silly tarball no local data for babel-plugin-polyfill-corejs3@https://registry.npmjs.org/babel-plugin-polyfill-corejs3/-/babel-plugin-polyfill-corejs3-0.14.0.tgz. Extracting by manifest.
2642 silly tarball no local data for supports-color@https://registry.npmjs.org/supports-color/-/supports-color-5.5.0.tgz. Extracting by manifest.
2643 silly tarball no local data for color-name@https://registry.npmjs.org/color-name/-/color-name-1.1.3.tgz. Extracting by manifest.
2644 silly tarball no local data for has-flag@https://registry.npmjs.org/has-flag/-/has-flag-3.0.0.tgz. Extracting by manifest.
2645 silly tarball no local data for lru-cache@https://registry.npmjs.org/lru-cache/-/lru-cache-10.4.3.tgz. Extracting by manifest.
2646 silly tarball no local data for color-convert@https://registry.npmjs.org/color-convert/-/color-convert-1.9.3.tgz. Extracting by manifest.
2647 silly tarball no local data for ansi-styles@https://registry.npmjs.org/ansi-styles/-/ansi-styles-3.2.1.tgz. Extracting by manifest.
2648 silly tarball no local data for chalk@https://registry.npmjs.org/chalk/-/chalk-2.4.2.tgz. Extracting by manifest.
2649 verbose reify failed optional dependency C:\Users\Yusuf\OneDrive\Desktop\rakez-poject\node_modules\@types\trusted-types
2650 silly reify mark deleted [
2650 silly reify   'C:\\Users\\Yusuf\\OneDrive\\Desktop\\rakez-poject\\node_modules\\@types\\trusted-types'
2650 silly reify ]
2651 verbose reify failed optional dependency C:\Users\Yusuf\OneDrive\Desktop\rakez-poject\node_modules\@rollup\rollup-win32-x64-msvc
2652 silly reify mark deleted [
2652 silly reify   'C:\\Users\\Yusuf\\OneDrive\\Desktop\\rakez-poject\\node_modules\\@rollup\\rollup-win32-x64-msvc'
2652 silly reify ]
2653 verbose reify failed optional dependency C:\Users\Yusuf\OneDrive\Desktop\rakez-poject\node_modules\@rollup\rollup-win32-x64-gnu
2654 silly reify mark deleted [
2654 silly reify   'C:\\Users\\Yusuf\\OneDrive\\Desktop\\rakez-poject\\node_modules\\@rollup\\rollup-win32-x64-gnu'
2654 silly reify ]
2655 verbose reify failed optional dependency C:\Users\Yusuf\OneDrive\Desktop\rakez-poject\node_modules\@pkgjs\parseargs
2656 silly reify mark deleted [
2656 silly reify   'C:\\Users\\Yusuf\\OneDrive\\Desktop\\rakez-poject\\node_modules\\@pkgjs\\parseargs'
2656 silly reify ]
2657 verbose reify failed optional dependency C:\Users\Yusuf\OneDrive\Desktop\rakez-poject\node_modules\@esbuild\win32-x64
2658 silly reify mark deleted [
2658 silly reify   'C:\\Users\\Yusuf\\OneDrive\\Desktop\\rakez-poject\\node_modules\\@esbuild\\win32-x64'
2658 silly reify ]
2659 warn cleanup Failed to remove some directories [
2659 warn cleanup   [
2659 warn cleanup     '\\\\?\\C:\\Users\\Yusuf\\OneDrive\\Desktop\\rakez-poject\\node_modules',
2659 warn cleanup     [Error: EPERM: operation not permitted, rmdir 'C:\Users\Yusuf\OneDrive\Desktop\rakez-poject\node_modules\@asamuzakjp\css-color\node_modules'] {
2659 warn cleanup       errno: -4048,
2659 warn cleanup       code: 'EPERM',
2659 warn cleanup       syscall: 'rmdir',
2659 warn cleanup       path: 'C:\\Users\\Yusuf\\OneDrive\\Desktop\\rakez-poject\\node_modules\\@asamuzakjp\\css-color\\node_modules'
2659 warn cleanup     }
2659 warn cleanup   ],
2659 warn cleanup   [
2659 warn cleanup     '\\\\?\\C:\\Users\\Yusuf\\OneDrive\\Desktop\\rakez-poject\\node_modules\\serve-static',
2659 warn cleanup     [Error: EPERM: operation not permitted, rmdir 'C:\Users\Yusuf\OneDrive\Desktop\rakez-poject\node_modules\serve-static'] {
2659 warn cleanup       errno: -4048,
2659 warn cleanup       code: 'EPERM',
2659 warn cleanup       syscall: 'rmdir',
2659 warn cleanup       path: 'C:\\Users\\Yusuf\\OneDrive\\Desktop\\rakez-poject\\node_modules\\serve-static'
2659 warn cleanup     }
2659 warn cleanup   ],
2659 warn cleanup   [
2659 warn cleanup     '\\\\?\\C:\\Users\\Yusuf\\OneDrive\\Desktop\\rakez-poject\\node_modules\\@types\\express',
2659 warn cleanup     [Error: EPERM: operation not permitted, rmdir 'C:\Users\Yusuf\OneDrive\Desktop\rakez-poject\node_modules\@types\express'] {
2659 warn cleanup       errno: -4048,
2659 warn cleanup       code: 'EPERM',
2659 warn cleanup       syscall: 'rmdir',
2659 warn cleanup       path: 'C:\\Users\\Yusuf\\OneDrive\\Desktop\\rakez-poject\\node_modules\\@types\\express'
2659 warn cleanup     }
2659 warn cleanup   ]
2659 warn cleanup ]
2660 verbose stack Error: request to https://registry.npmjs.org/yorkie/-/yorkie-2.0.0.tgz failed: cache mode is 'only-if-cached' but no cached response is available.
2660 verbose stack     at cacheFetch (C:\Program Files\nodejs\node_modules\npm\node_modules\make-fetch-happen\lib\cache\index.js:12:13)
2660 verbose stack     at async fetch (C:\Program Files\nodejs\node_modules\npm\node_modules\make-fetch-happen\lib\fetch.js:98:7)
2661 error code ENOTCACHED
2662 error request to https://registry.npmjs.org/yorkie/-/yorkie-2.0.0.tgz failed: cache mode is 'only-if-cached' but no cached response is available.
2663 silly unfinished npm timer reify 1770916054867
2664 silly unfinished npm timer reify:unpack 1770916055374
2665 silly unfinished npm timer reifyNode:node_modules/yorkie 1770916055374
2666 silly unfinished npm timer reifyNode:node_modules/yorkie/node_modules/yallist 1770916055374
2667 silly unfinished npm timer reifyNode:node_modules/yorkie/node_modules/normalize-path 1770916055374
2668 silly unfinished npm timer reifyNode:node_modules/yorkie/node_modules/lru-cache 1770916055374
2669 silly unfinished npm timer reifyNode:node_modules/yorkie/node_modules/get-stream 1770916055374
2670 silly unfinished npm timer reifyNode:node_modules/yorkie/node_modules/execa 1770916055374
2671 silly unfinished npm timer reifyNode:node_modules/yorkie/node_modules/cross-spawn 1770916055374
2672 silly unfinished npm timer reifyNode:node_modules/yoctocolors-cjs 1770916055374
2673 silly unfinished npm timer reifyNode:node_modules/yocto-queue 1770916055374
2674 silly unfinished npm timer reifyNode:node_modules/yargs-parser 1770916055375
2675 silly unfinished npm timer reifyNode:node_modules/yargs 1770916055375
2676 silly unfinished npm timer reifyNode:node_modules/yaml 1770916055375
2677 silly unfinished npm timer reifyNode:node_modules/yallist 1770916055375
2678 silly unfinished npm timer reifyNode:node_modules/y18n 1770916055375
2679 silly unfinished npm timer reifyNode:node_modules/xmlchars 1770916055375
2680 silly unfinished npm timer reifyNode:node_modules/xml-name-validator 1770916055375
2681 silly unfinished npm timer reifyNode:node_modules/ws 1770916055375
2682 silly unfinished npm timer reifyNode:node_modules/wrappy 1770916055375
2683 silly unfinished npm timer reifyNode:node_modules/wrap-ansi-cjs 1770916055375
2684 silly unfinished npm timer reifyNode:node_modules/wrap-ansi 1770916055375
2685 silly unfinished npm timer reifyNode:node_modules/word-wrap 1770916055375
2686 silly unfinished npm timer reifyNode:node_modules/wildcard 1770916055375
2687 silly unfinished npm timer reifyNode:node_modules/why-is-node-running 1770916055375
2688 silly unfinished npm timer reifyNode:node_modules/which-typed-array 1770916055375
2689 silly unfinished npm timer reifyNode:node_modules/which-collection 1770916055375
2690 silly unfinished npm timer reifyNode:node_modules/which-boxed-primitive 1770916055375
2691 silly unfinished npm timer reifyNode:node_modules/which 1770916055375
2692 silly unfinished npm timer reifyNode:node_modules/whatwg-url 1770916055375
2693 silly unfinished npm timer reifyNode:node_modules/whatwg-mimetype 1770916055375
2694 silly unfinished npm timer reifyNode:node_modules/whatwg-fetch 1770916055375
2695 silly unfinished npm timer reifyNode:node_modules/whatwg-encoding 1770916055375
2696 silly unfinished npm timer reifyNode:node_modules/whatwg-encoding/node_modules/iconv-lite 1770916055375
2697 silly unfinished npm timer reifyNode:node_modules/websocket-extensions 1770916055375
2698 silly unfinished npm timer reifyNode:node_modules/websocket-driver 1770916055375
2699 silly unfinished npm timer reifyNode:node_modules/webpack-virtual-modules 1770916055375
2700 silly unfinished npm timer reifyNode:node_modules/webpack-sources 1770916055375
2701 silly unfinished npm timer reifyNode:node_modules/webpack-merge 1770916055375
2702 silly unfinished npm timer reifyNode:node_modules/webpack-dev-server 1770916055375
2703 silly unfinished npm timer reifyNode:node_modules/webpack-dev-server/node_modules/ws 1770916055375
2704 silly unfinished npm timer reifyNode:node_modules/webpack-dev-server/node_modules/schema-utils 1770916055375
2705 silly unfinished npm timer reifyNode:node_modules/webpack-dev-server/node_modules/json-schema-traverse 1770916055375
2706 silly unfinished npm timer reifyNode:node_modules/webpack-dev-server/node_modules/ajv-keywords 1770916055375
2707 silly unfinished npm timer reifyNode:node_modules/webpack-dev-server/node_modules/ajv 1770916055375
2708 silly unfinished npm timer reifyNode:node_modules/webpack-dev-middleware 1770916055375
2709 silly unfinished npm timer reifyNode:node_modules/webpack-dev-middleware/node_modules/schema-utils 1770916055375
2710 silly unfinished npm timer reifyNode:node_modules/webpack-dev-middleware/node_modules/json-schema-traverse 1770916055375
2711 silly unfinished npm timer reifyNode:node_modules/webpack-dev-middleware/node_modules/ajv-keywords 1770916055375
2712 silly unfinished npm timer reifyNode:node_modules/webpack-dev-middleware/node_modules/ajv 1770916055375
2713 silly unfinished npm timer reifyNode:node_modules/webpack-chain 1770916055375
2714 silly unfinished npm timer reifyNode:node_modules/webpack-bundle-analyzer 1770916055375
2715 silly unfinished npm timer reifyNode:node_modules/webpack-bundle-analyzer/node_modules/escape-string-regexp 1770916055375
2716 silly unfinished npm timer reifyNode:node_modules/webpack-bundle-analyzer/node_modules/commander 1770916055375
2717 silly unfinished npm timer reifyNode:node_modules/webpack 1770916055375
2718 silly unfinished npm timer reifyNode:node_modules/webpack/node_modules/watchpack 1770916055375
2719 silly unfinished npm timer reifyNode:node_modules/webpack/node_modules/schema-utils 1770916055375
2720 silly unfinished npm timer reifyNode:node_modules/webpack/node_modules/json-schema-traverse 1770916055375
2721 silly unfinished npm timer reifyNode:node_modules/webpack/node_modules/ajv-keywords 1770916055375
2722 silly unfinished npm timer reifyNode:node_modules/webpack/node_modules/ajv 1770916055375
2723 silly unfinished npm timer reifyNode:node_modules/webidl-conversions 1770916055375
2724 silly unfinished npm timer reifyNode:node_modules/wcwidth 1770916055375
2725 silly unfinished npm timer reifyNode:node_modules/wbuf 1770916055375
2726 silly unfinished npm timer reifyNode:node_modules/watchpack 1770916055375
2727 silly unfinished npm timer reifyNode:node_modules/w3c-xmlserializer 1770916055375
2728 silly unfinished npm timer reifyNode:node_modules/vue-template-es2015-compiler 1770916055375
2729 silly unfinished npm timer reifyNode:node_modules/vue-style-loader 1770916055375
2730 silly unfinished npm timer reifyNode:node_modules/vue-style-loader/node_modules/hash-sum 1770916055375
2731 silly unfinished npm timer reifyNode:node_modules/vue-router 1770916055375
2732 silly unfinished npm timer reifyNode:node_modules/vue-loader 1770916055375
2733 silly unfinished npm timer reifyNode:node_modules/vue-loader/node_modules/chalk 1770916055375
2734 silly unfinished npm timer reifyNode:node_modules/vue-i18n 1770916055375
2735 silly unfinished npm timer reifyNode:node_modules/vue-hot-reload-api 1770916055375
2736 silly unfinished npm timer reifyNode:node_modules/vue-eslint-parser 1770916055375
2737 silly unfinished npm timer reifyNode:node_modules/vue-eslint-parser/node_modules/semver 1770916055375
2738 silly unfinished npm timer reifyNode:node_modules/vue-eslint-parser/node_modules/estraverse 1770916055375
2739 silly unfinished npm timer reifyNode:node_modules/vue-eslint-parser/node_modules/espree 1770916055375
2740 silly unfinished npm timer reifyNode:node_modules/vue-eslint-parser/node_modules/eslint-visitor-keys 1770916055375
2741 silly unfinished npm timer reifyNode:node_modules/vue-eslint-parser/node_modules/eslint-scope 1770916055375
2742 silly unfinished npm timer reifyNode:node_modules/vue-component-type-helpers 1770916055375
2743 silly unfinished npm timer reifyNode:node_modules/vue 1770916055375
2744 silly unfinished npm timer reifyNode:node_modules/vitest 1770916055375
2745 silly unfinished npm timer reifyNode:node_modules/vitest/node_modules/which 1770916055375
2746 silly unfinished npm timer reifyNode:node_modules/vitest/node_modules/strip-final-newline 1770916055375
2747 silly unfinished npm timer reifyNode:node_modules/vitest/node_modules/signal-exit 1770916055375
2748 silly unfinished npm timer reifyNode:node_modules/vitest/node_modules/shebang-regex 1770916055375
2749 silly unfinished npm timer reifyNode:node_modules/vitest/node_modules/shebang-command 1770916055375
2750 silly unfinished npm timer reifyNode:node_modules/vitest/node_modules/path-key 1770916055375
2751 silly unfinished npm timer reifyNode:node_modules/vitest/node_modules/onetime 1770916055375
2752 silly unfinished npm timer reifyNode:node_modules/vitest/node_modules/npm-run-path 1770916055375
2753 silly unfinished npm timer reifyNode:node_modules/vitest/node_modules/npm-run-path/node_modules/path-key 1770916055375
2754 silly unfinished npm timer reifyNode:node_modules/vitest/node_modules/mimic-fn 1770916055375
2755 silly unfinished npm timer reifyNode:node_modules/vitest/node_modules/is-stream 1770916055375
2756 silly unfinished npm timer reifyNode:node_modules/vitest/node_modules/human-signals 1770916055375
2757 silly unfinished npm timer reifyNode:node_modules/vitest/node_modules/get-stream 1770916055375
2758 silly unfinished npm timer reifyNode:node_modules/vitest/node_modules/execa 1770916055375
2759 silly unfinished npm timer reifyNode:node_modules/vitest/node_modules/cross-spawn 1770916055375
2760 silly unfinished npm timer reifyNode:node_modules/vite-node 1770916055375
2761 silly unfinished npm timer reifyNode:node_modules/vite 1770916055375
2762 silly unfinished npm timer reifyNode:node_modules/vary 1770916055375
2763 silly unfinished npm timer reifyNode:node_modules/validate-npm-package-license 1770916055375
2764 silly unfinished npm timer reifyNode:node_modules/v8-compile-cache 1770916055375
2765 silly unfinished npm timer reifyNode:node_modules/uuid 1770916055375
2766 silly unfinished npm timer reifyNode:node_modules/utils-merge 1770916055375
2767 silly unfinished npm timer reifyNode:node_modules/utila 1770916055375
2768 silly unfinished npm timer reifyNode:node_modules/util-deprecate 1770916055375
2769 silly unfinished npm timer reifyNode:node_modules/url-parse 1770916055375
2770 silly unfinished npm timer reifyNode:node_modules/uri-js 1770916055375
2771 silly unfinished npm timer reifyNode:node_modules/update-browserslist-db 1770916055375
2772 silly unfinished npm timer reifyNode:node_modules/until-async 1770916055375
2773 silly unfinished npm timer reifyNode:node_modules/unpipe 1770916055375
2774 silly unfinished npm timer reifyNode:node_modules/universalify 1770916055375
2775 silly unfinished npm timer reifyNode:node_modules/unicode-property-aliases-ecmascript 1770916055375
2776 silly unfinished npm timer reifyNode:node_modules/unicode-match-property-value-ecmascript 1770916055375
2777 silly unfinished npm timer reifyNode:node_modules/unicode-match-property-ecmascript 1770916055375
2778 silly unfinished npm timer reifyNode:node_modules/unicode-canonical-property-names-ecmascript 1770916055375
2779 silly unfinished npm timer reifyNode:node_modules/undici-types 1770916055375
2780 silly unfinished npm timer reifyNode:node_modules/ufo 1770916055375
2781 silly unfinished npm timer reifyNode:node_modules/type-is 1770916055375
2782 silly unfinished npm timer reifyNode:node_modules/type-fest 1770916055375
2783 silly unfinished npm timer reifyNode:node_modules/type-detect 1770916055375
2784 silly unfinished npm timer reifyNode:node_modules/type-check 1770916055375
2785 silly unfinished npm timer reifyNode:node_modules/tweetnacl 1770916055375
2786 silly unfinished npm timer reifyNode:node_modules/tslib 1770916055375
2787 silly unfinished npm timer reifyNode:node_modules/tr46 1770916055375
2788 silly unfinished npm timer reifyNode:node_modules/tough-cookie 1770916055375
2789 silly unfinished npm timer reifyNode:node_modules/tough-cookie/node_modules/universalify 1770916055375
2790 silly unfinished npm timer reifyNode:node_modules/totalist 1770916055375
2791 silly unfinished npm timer reifyNode:node_modules/toidentifier 1770916055375
2792 silly unfinished npm timer reifyNode:node_modules/to-regex-range 1770916055375
2793 silly unfinished npm timer reifyNode:node_modules/tldts-core 1770916055375
2794 silly unfinished npm timer reifyNode:node_modules/tldts 1770916055375
2795 silly unfinished npm timer reifyNode:node_modules/tinyspy 1770916055375
2796 silly unfinished npm timer reifyNode:node_modules/tinypool 1770916055375
2797 silly unfinished npm timer reifyNode:node_modules/tinybench 1770916055375
2798 silly unfinished npm timer reifyNode:node_modules/thunky 1770916055375
2799 silly unfinished npm timer reifyNode:node_modules/thread-loader 1770916055375
2800 silly unfinished npm timer reifyNode:node_modules/thread-loader/node_modules/schema-utils 1770916055375
2801 silly unfinished npm timer reifyNode:node_modules/thread-loader/node_modules/loader-utils 1770916055375
2802 silly unfinished npm timer reifyNode:node_modules/thenify-all 1770916055375
2803 silly unfinished npm timer reifyNode:node_modules/thenify 1770916055375
2804 silly unfinished npm timer reifyNode:node_modules/text-table 1770916055375
2805 silly unfinished npm timer reifyNode:node_modules/test-exclude 1770916055375
2806 silly unfinished npm timer reifyNode:node_modules/terser-webpack-plugin 1770916055375
2807 silly unfinished npm timer reifyNode:node_modules/terser-webpack-plugin/node_modules/schema-utils 1770916055375
2808 silly unfinished npm timer reifyNode:node_modules/terser-webpack-plugin/node_modules/json-schema-traverse 1770916055375
2809 silly unfinished npm timer reifyNode:node_modules/terser-webpack-plugin/node_modules/ajv-keywords 1770916055375
2810 silly unfinished npm timer reifyNode:node_modules/terser-webpack-plugin/node_modules/ajv 1770916055375
2811 silly unfinished npm timer reifyNode:node_modules/terser 1770916055375
2812 silly unfinished npm timer reifyNode:node_modules/terser/node_modules/commander 1770916055375
2813 silly unfinished npm timer reifyNode:node_modules/tapable 1770916055375
2814 silly unfinished npm timer reifyNode:node_modules/tagged-tag 1770916055375
2815 silly unfinished npm timer reifyNode:node_modules/table 1770916055375
2816 silly unfinished npm timer reifyNode:node_modules/table/node_modules/json-schema-traverse 1770916055375
2817 silly unfinished npm timer reifyNode:node_modules/table/node_modules/ajv 1770916055375
2818 silly unfinished npm timer reifyNode:node_modules/symbol-tree 1770916055375
2819 silly unfinished npm timer reifyNode:node_modules/svgo 1770916055375
2820 silly unfinished npm timer reifyNode:node_modules/svgo/node_modules/commander 1770916055375
2821 silly unfinished npm timer reifyNode:node_modules/svg-tags 1770916055375
2822 silly unfinished npm timer reifyNode:node_modules/supports-preserve-symlinks-flag 1770916055375
2823 silly unfinished npm timer reifyNode:node_modules/supports-color 1770916055375
2824 silly unfinished npm timer reifyNode:node_modules/superjson 1770916055375
2825 silly unfinished npm timer reifyNode:node_modules/stylehacks 1770916055375
2826 silly unfinished npm timer reifyNode:node_modules/strip-literal 1770916055375
2827 silly unfinished npm timer reifyNode:node_modules/strip-literal/node_modules/js-tokens 1770916055375
2828 silly unfinished npm timer reifyNode:node_modules/strip-json-comments 1770916055375
2829 silly unfinished npm timer reifyNode:node_modules/strip-indent 1770916055375
2830 silly unfinished npm timer reifyNode:node_modules/strip-final-newline 1770916055375
2831 silly unfinished npm timer reifyNode:node_modules/strip-eof 1770916055375
2832 silly unfinished npm timer reifyNode:node_modules/strip-ansi-cjs 1770916055375
2833 silly unfinished npm timer reifyNode:node_modules/strip-ansi 1770916055375
2834 silly unfinished npm timer reifyNode:node_modules/string-width-cjs 1770916055375
2835 silly unfinished npm timer reifyNode:node_modules/string-width 1770916055375
2836 silly unfinished npm timer reifyNode:node_modules/string_decoder 1770916055375
2837 silly unfinished npm timer reifyNode:node_modules/strict-event-emitter 1770916055375
2838 silly unfinished npm timer reifyNode:node_modules/stop-iteration-iterator 1770916055375
2839 silly unfinished npm timer reifyNode:node_modules/std-env 1770916055375
2840 silly unfinished npm timer reifyNode:node_modules/statuses 1770916055375
2841 silly unfinished npm timer reifyNode:node_modules/stackframe 1770916055375
2842 silly unfinished npm timer reifyNode:node_modules/stackback 1770916055375
2843 silly unfinished npm timer reifyNode:node_modules/stack-utils 1770916055375
2844 silly unfinished npm timer reifyNode:node_modules/stack-utils/node_modules/escape-string-regexp 1770916055375
2845 silly unfinished npm timer reifyNode:node_modules/stable 1770916055375
2846 silly unfinished npm timer reifyNode:node_modules/ssri 1770916055375
2847 silly unfinished npm timer reifyNode:node_modules/sprintf-js 1770916055375
2848 silly unfinished npm timer reifyNode:node_modules/speakingurl 1770916055375
2849 silly unfinished npm timer reifyNode:node_modules/spdy-transport 1770916055375
2850 silly unfinished npm timer reifyNode:node_modules/spdy 1770916055375
2851 silly unfinished npm timer reifyNode:node_modules/spdx-license-ids 1770916055375
2852 silly unfinished npm timer reifyNode:node_modules/spdx-expression-parse 1770916055375
2853 silly unfinished npm timer reifyNode:node_modules/spdx-exceptions 1770916055375
2854 silly unfinished npm timer reifyNode:node_modules/spdx-correct 1770916055375
2855 silly unfinished npm timer reifyNode:node_modules/source-map-support 1770916055375
2856 silly unfinished npm timer reifyNode:node_modules/source-map-js 1770916055375
2857 silly unfinished npm timer reifyNode:node_modules/source-map 1770916055375
2858 silly unfinished npm timer reifyNode:node_modules/sockjs 1770916055375
2859 silly unfinished npm timer reifyNode:node_modules/slice-ansi 1770916055375
2860 silly unfinished npm timer reifyNode:node_modules/slash 1770916055375
2861 silly unfinished npm timer reifyNode:node_modules/sirv 1770916055375
2862 silly unfinished npm timer reifyNode:node_modules/signal-exit 1770916055375
2863 silly unfinished npm timer reifyNode:node_modules/siginfo 1770916055375
2864 silly unfinished npm timer reifyNode:node_modules/side-channel-weakmap 1770916055375
2865 silly unfinished npm timer reifyNode:node_modules/side-channel-map 1770916055375
2866 silly unfinished npm timer reifyNode:node_modules/side-channel-list 1770916055375
2867 silly unfinished npm timer reifyNode:node_modules/side-channel 1770916055375
2868 silly unfinished npm timer reifyNode:node_modules/shell-quote 1770916055375
2869 silly unfinished npm timer reifyNode:node_modules/shebang-regex 1770916055375
2870 silly unfinished npm timer reifyNode:node_modules/shebang-command 1770916055375
2871 silly unfinished npm timer reifyNode:node_modules/shallow-clone 1770916055375
2872 silly unfinished npm timer reifyNode:node_modules/setprototypeof 1770916055375
2873 silly unfinished npm timer reifyNode:node_modules/set-function-name 1770916055375
2874 silly unfinished npm timer reifyNode:node_modules/set-function-length 1770916055375
2875 silly unfinished npm timer reifyNode:node_modules/serve-static 1770916055375
2876 silly unfinished npm timer reifyNode:node_modules/serve-static/node_modules/statuses 1770916055375
2877 silly unfinished npm timer reifyNode:node_modules/serve-static/node_modules/send 1770916055375
2878 silly unfinished npm timer reifyNode:node_modules/serve-static/node_modules/send/node_modules/encodeurl 1770916055375
2879 silly unfinished npm timer reifyNode:node_modules/serve-static/node_modules/http-errors 1770916055375
2880 silly unfinished npm timer reifyNode:node_modules/serve-static/node_modules/debug 1770916055375
2881 silly unfinished npm timer reifyNode:node_modules/serve-static/node_modules/debug/node_modules/ms 1770916055376
2882 silly unfinished npm timer reifyNode:node_modules/serve-index 1770916055376
2883 silly unfinished npm timer reifyNode:node_modules/serve-index/node_modules/statuses 1770916055376
2884 silly unfinished npm timer reifyNode:node_modules/serve-index/node_modules/setprototypeof 1770916055376
2885 silly unfinished npm timer reifyNode:node_modules/serve-index/node_modules/ms 1770916055376
2886 silly unfinished npm timer reifyNode:node_modules/serve-index/node_modules/inherits 1770916055376
2887 silly unfinished npm timer reifyNode:node_modules/serve-index/node_modules/http-errors 1770916055376
2888 silly unfinished npm timer reifyNode:node_modules/serve-index/node_modules/depd 1770916055376
2889 silly unfinished npm timer reifyNode:node_modules/serve-index/node_modules/debug 1770916055376
2890 silly unfinished npm timer reifyNode:node_modules/serialize-javascript 1770916055376
2891 silly unfinished npm timer reifyNode:node_modules/send 1770916055376
2892 silly unfinished npm timer reifyNode:node_modules/send/node_modules/statuses 1770916055376
2893 silly unfinished npm timer reifyNode:node_modules/send/node_modules/http-errors 1770916055376
2894 silly unfinished npm timer reifyNode:node_modules/send/node_modules/debug 1770916055376
2895 silly unfinished npm timer reifyNode:node_modules/send/node_modules/debug/node_modules/ms 1770916055376
2896 silly unfinished npm timer reifyNode:node_modules/semver 1770916055376
2897 silly unfinished npm timer reifyNode:node_modules/selfsigned 1770916055376
2898 silly unfinished npm timer reifyNode:node_modules/select-hose 1770916055376
2899 silly unfinished npm timer reifyNode:node_modules/schema-utils 1770916055376
2900 silly unfinished npm timer reifyNode:node_modules/saxes 1770916055376
2901 silly unfinished npm timer reifyNode:node_modules/safer-buffer 1770916055376
2902 silly unfinished npm timer reifyNode:node_modules/safe-regex-test 1770916055376
2903 silly unfinished npm timer reifyNode:node_modules/safe-buffer 1770916055376
2904 silly unfinished npm timer reifyNode:node_modules/run-parallel 1770916055376
2905 silly unfinished npm timer reifyNode:node_modules/rrweb-cssom 1770916055376
2906 silly unfinished npm timer reifyNode:node_modules/rollup 1770916055376
2907 silly unfinished npm timer reifyNode:node_modules/rimraf 1770916055376
2908 silly unfinished npm timer reifyNode:node_modules/rfdc 1770916055376
2909 silly unfinished npm timer reifyNode:node_modules/reusify 1770916055376
2910 silly unfinished npm timer reifyNode:node_modules/rettime 1770916055376
2911 silly unfinished npm timer reifyNode:node_modules/retry 1770916055376
2912 silly unfinished npm timer reifyNode:node_modules/restore-cursor 1770916055376
2913 silly unfinished npm timer reifyNode:node_modules/resolve-from 1770916055376
2914 silly unfinished npm timer reifyNode:node_modules/resolve 1770916055376
2915 silly unfinished npm timer reifyNode:node_modules/requires-port 1770916055376
2916 silly unfinished npm timer reifyNode:node_modules/require-from-string 1770916055376
2917 silly unfinished npm timer reifyNode:node_modules/require-directory 1770916055376
2918 silly unfinished npm timer reifyNode:node_modules/renderkid 1770916055376
2919 silly unfinished npm timer reifyNode:node_modules/relateurl 1770916055376
2920 silly unfinished npm timer reifyNode:node_modules/regjsparser 1770916055376
2921 silly unfinished npm timer reifyNode:node_modules/regjsgen 1770916055376
2922 silly unfinished npm timer reifyNode:node_modules/regexpu-core 1770916055376
2923 silly unfinished npm timer reifyNode:node_modules/regexpp 1770916055376
2924 silly unfinished npm timer reifyNode:node_modules/regexp.prototype.flags 1770916055376
2925 silly unfinished npm timer reifyNode:node_modules/regenerate-unicode-properties 1770916055376
2926 silly unfinished npm timer reifyNode:node_modules/regenerate 1770916055376
2927 silly unfinished npm timer reifyNode:node_modules/readdirp 1770916055376
2928 silly unfinished npm timer reifyNode:node_modules/readable-stream 1770916055376
2929 silly unfinished npm timer reifyNode:node_modules/read-pkg-up 1770916055376
2930 silly unfinished npm timer reifyNode:node_modules/read-pkg-up/node_modules/type-fest 1770916055376
2931 silly unfinished npm timer reifyNode:node_modules/read-pkg 1770916055376
2932 silly unfinished npm timer reifyNode:node_modules/react-is 1770916055376
2933 silly unfinished npm timer reifyNode:node_modules/raw-body 1770916055376
2934 silly unfinished npm timer reifyNode:node_modules/range-parser 1770916055376
2935 silly unfinished npm timer reifyNode:node_modules/randombytes 1770916055376
2936 silly unfinished npm timer reifyNode:node_modules/queue-microtask 1770916055376
2937 silly unfinished npm timer reifyNode:node_modules/querystringify 1770916055376
2938 silly unfinished npm timer reifyNode:node_modules/qs 1770916055376
2939 silly unfinished npm timer reifyNode:node_modules/pusher-js 1770916055376
2940 silly unfinished npm timer reifyNode:node_modules/punycode 1770916055376
2941 silly unfinished npm timer reifyNode:node_modules/pump 1770916055376
2942 silly unfinished npm timer reifyNode:node_modules/psl 1770916055376
2943 silly unfinished npm timer reifyNode:node_modules/pseudomap 1770916055376
2944 silly unfinished npm timer reifyNode:node_modules/proxy-from-env 1770916055376
2945 silly unfinished npm timer reifyNode:node_modules/proxy-addr 1770916055376
2946 silly unfinished npm timer reifyNode:node_modules/proxy-addr/node_modules/ipaddr.js 1770916055376
2947 silly unfinished npm timer reifyNode:node_modules/proto-list 1770916055376
2948 silly unfinished npm timer reifyNode:node_modules/progress-webpack-plugin 1770916055376
2949 silly unfinished npm timer reifyNode:node_modules/progress-webpack-plugin/node_modules/supports-color 1770916055376
2950 silly unfinished npm timer reifyNode:node_modules/progress-webpack-plugin/node_modules/has-flag 1770916055376
2951 silly unfinished npm timer reifyNode:node_modules/progress-webpack-plugin/node_modules/color-name 1770916055376
2952 silly unfinished npm timer reifyNode:node_modules/progress-webpack-plugin/node_modules/color-convert 1770916055376
2953 silly unfinished npm timer reifyNode:node_modules/progress-webpack-plugin/node_modules/chalk 1770916055376
2954 silly unfinished npm timer reifyNode:node_modules/progress-webpack-plugin/node_modules/ansi-styles 1770916055376
2955 silly unfinished npm timer reifyNode:node_modules/progress 1770916055376
2956 silly unfinished npm timer reifyNode:node_modules/process-nextick-args 1770916055376
2957 silly unfinished npm timer reifyNode:node_modules/pretty-format 1770916055376
2958 silly unfinished npm timer reifyNode:node_modules/pretty-format/node_modules/ansi-styles 1770916055376
2959 silly unfinished npm timer reifyNode:node_modules/pretty-error 1770916055376
2960 silly unfinished npm timer reifyNode:node_modules/prettier-linter-helpers 1770916055376
2961 silly unfinished npm timer reifyNode:node_modules/prettier 1770916055376
2962 silly unfinished npm timer reifyNode:node_modules/prelude-ls 1770916055376
2963 silly unfinished npm timer reifyNode:node_modules/postcss-value-parser 1770916055376
2964 silly unfinished npm timer reifyNode:node_modules/postcss-unique-selectors 1770916055376
2965 silly unfinished npm timer reifyNode:node_modules/postcss-svgo 1770916055376
2966 silly unfinished npm timer reifyNode:node_modules/postcss-selector-parser 1770916055376
2967 silly unfinished npm timer reifyNode:node_modules/postcss-reduce-transforms 1770916055376
2968 silly unfinished npm timer reifyNode:node_modules/postcss-reduce-initial 1770916055376
2969 silly unfinished npm timer reifyNode:node_modules/postcss-ordered-values 1770916055376
2970 silly unfinished npm timer reifyNode:node_modules/postcss-normalize-whitespace 1770916055376
2971 silly unfinished npm timer reifyNode:node_modules/postcss-normalize-url 1770916055376
2972 silly unfinished npm timer reifyNode:node_modules/postcss-normalize-unicode 1770916055376
2973 silly unfinished npm timer reifyNode:node_modules/postcss-normalize-timing-functions 1770916055376
2974 silly unfinished npm timer reifyNode:node_modules/postcss-normalize-string 1770916055376
2975 silly unfinished npm timer reifyNode:node_modules/postcss-normalize-repeat-style 1770916055376
2976 silly unfinished npm timer reifyNode:node_modules/postcss-normalize-positions 1770916055376
2977 silly unfinished npm timer reifyNode:node_modules/postcss-normalize-display-values 1770916055376
2978 silly unfinished npm timer reifyNode:node_modules/postcss-normalize-charset 1770916055376
2979 silly unfinished npm timer reifyNode:node_modules/postcss-modules-values 1770916055376
2980 silly unfinished npm timer reifyNode:node_modules/postcss-modules-scope 1770916055376
2981 silly unfinished npm timer reifyNode:node_modules/postcss-modules-scope/node_modules/postcss-selector-parser 1770916055376
2982 silly unfinished npm timer reifyNode:node_modules/postcss-modules-local-by-default 1770916055376
2983 silly unfinished npm timer reifyNode:node_modules/postcss-modules-local-by-default/node_modules/postcss-selector-parser 1770916055376
2984 silly unfinished npm timer reifyNode:node_modules/postcss-modules-extract-imports 1770916055376
2985 silly unfinished npm timer reifyNode:node_modules/postcss-minify-selectors 1770916055376
2986 silly unfinished npm timer reifyNode:node_modules/postcss-minify-params 1770916055376
2987 silly unfinished npm timer reifyNode:node_modules/postcss-minify-gradients 1770916055376
2988 silly unfinished npm timer reifyNode:node_modules/postcss-minify-font-values 1770916055376
2989 silly unfinished npm timer reifyNode:node_modules/postcss-merge-rules 1770916055376
2990 silly unfinished npm timer reifyNode:node_modules/postcss-merge-longhand 1770916055376
2991 silly unfinished npm timer reifyNode:node_modules/postcss-loader 1770916055376
2992 silly unfinished npm timer reifyNode:node_modules/postcss-loader/node_modules/semver 1770916055376
2993 silly unfinished npm timer reifyNode:node_modules/postcss-discard-overridden 1770916055376
2994 silly unfinished npm timer reifyNode:node_modules/postcss-discard-empty 1770916055376
2995 silly unfinished npm timer reifyNode:node_modules/postcss-discard-duplicates 1770916055376
2996 silly unfinished npm timer reifyNode:node_modules/postcss-discard-comments 1770916055376
2997 silly unfinished npm timer reifyNode:node_modules/postcss-convert-values 1770916055376
2998 silly unfinished npm timer reifyNode:node_modules/postcss-colormin 1770916055376
2999 silly unfinished npm timer reifyNode:node_modules/postcss-calc 1770916055376
3000 silly unfinished npm timer reifyNode:node_modules/postcss 1770916055376
3001 silly unfinished npm timer reifyNode:node_modules/possible-typed-array-names 1770916055376
3002 silly unfinished npm timer reifyNode:node_modules/portfinder 1770916055376
3003 silly unfinished npm timer reifyNode:node_modules/pkg-types 1770916055376
3004 silly unfinished npm timer reifyNode:node_modules/pkg-types/node_modules/pathe 1770916055376
3005 silly unfinished npm timer reifyNode:node_modules/pkg-dir 1770916055376
3006 silly unfinished npm timer reifyNode:node_modules/pinia 1770916055376
3007 silly unfinished npm timer reifyNode:node_modules/pinia/node_modules/@vue/devtools-api 1770916055376
3008 silly unfinished npm timer reifyNode:node_modules/picomatch 1770916055376
3009 silly unfinished npm timer reifyNode:node_modules/picocolors 1770916055376
3010 silly unfinished npm timer reifyNode:node_modules/perfect-debounce 1770916055376
3011 silly unfinished npm timer reifyNode:node_modules/pdf-lib 1770916055376
3012 silly unfinished npm timer reifyNode:node_modules/pdf-lib/node_modules/tslib 1770916055376
3013 silly unfinished npm timer reifyNode:node_modules/pathval 1770916055376
3014 silly unfinished npm timer reifyNode:node_modules/pathe 1770916055376
3015 silly unfinished npm timer reifyNode:node_modules/path-type 1770916055376
3016 silly unfinished npm timer reifyNode:node_modules/path-to-regexp 1770916055376
3017 silly unfinished npm timer reifyNode:node_modules/path-scurry 1770916055376
3018 silly unfinished npm timer reifyNode:node_modules/path-scurry/node_modules/minipass 1770916055376
3019 silly unfinished npm timer reifyNode:node_modules/path-scurry/node_modules/lru-cache 1770916055376
3020 silly unfinished npm timer reifyNode:node_modules/path-parse 1770916055376
3021 silly unfinished npm timer reifyNode:node_modules/path-key 1770916055376
3022 silly unfinished npm timer reifyNode:node_modules/path-is-absolute 1770916055376
3023 silly unfinished npm timer reifyNode:node_modules/path-exists 1770916055376
3024 silly unfinished npm timer reifyNode:node_modules/pascal-case 1770916055376
3025 silly unfinished npm timer reifyNode:node_modules/parseurl 1770916055376
3026 silly unfinished npm timer reifyNode:node_modules/parse5-htmlparser2-tree-adapter 1770916055376
3027 silly unfinished npm timer reifyNode:node_modules/parse5-htmlparser2-tree-adapter/node_modules/parse5 1770916055376
3028 silly unfinished npm timer reifyNode:node_modules/parse5 1770916055376
3029 silly unfinished npm timer reifyNode:node_modules/parse-json 1770916055376
3030 silly unfinished npm timer reifyNode:node_modules/parent-module 1770916055376
3031 silly unfinished npm timer reifyNode:node_modules/param-case 1770916055376
3032 silly unfinished npm timer reifyNode:node_modules/pako 1770916055376
3033 silly unfinished npm timer reifyNode:node_modules/package-json-from-dist 1770916055376
3034 silly unfinished npm timer reifyNode:node_modules/p-try 1770916055376
3035 silly unfinished npm timer reifyNode:node_modules/p-retry 1770916055376
3036 silly unfinished npm timer reifyNode:node_modules/p-locate 1770916055376
3037 silly unfinished npm timer reifyNode:node_modules/p-limit 1770916055376
3038 silly unfinished npm timer reifyNode:node_modules/p-finally 1770916055376
3039 silly unfinished npm timer reifyNode:node_modules/outvariant 1770916055376
3040 silly unfinished npm timer reifyNode:node_modules/ora 1770916055376
3041 silly unfinished npm timer reifyNode:node_modules/ora/node_modules/chalk 1770916055376
3042 silly unfinished npm timer reifyNode:node_modules/optionator 1770916055376
3043 silly unfinished npm timer reifyNode:node_modules/opener 1770916055376
3044 silly unfinished npm timer reifyNode:node_modules/open 1770916055376
3045 silly unfinished npm timer reifyNode:node_modules/onetime 1770916055376
3046 silly unfinished npm timer reifyNode:node_modules/once 1770916055376
3047 silly unfinished npm timer reifyNode:node_modules/on-headers 1770916055376
3048 silly unfinished npm timer reifyNode:node_modules/on-finished 1770916055376
3049 silly unfinished npm timer reifyNode:node_modules/obuf 1770916055376
3050 silly unfinished npm timer reifyNode:node_modules/object.assign 1770916055376
3051 silly unfinished npm timer reifyNode:node_modules/object-keys 1770916055376
3052 silly unfinished npm timer reifyNode:node_modules/object-is 1770916055376
3053 silly unfinished npm timer reifyNode:node_modules/object-inspect 1770916055376
3054 silly unfinished npm timer reifyNode:node_modules/object-assign 1770916055376
3055 silly unfinished npm timer reifyNode:node_modules/nwsapi 1770916055376
3056 silly unfinished npm timer reifyNode:node_modules/nth-check 1770916055376
3057 silly unfinished npm timer reifyNode:node_modules/npm-run-path 1770916055376
3058 silly unfinished npm timer reifyNode:node_modules/normalize-url 1770916055376
3059 silly unfinished npm timer reifyNode:node_modules/normalize-path 1770916055376
3060 silly unfinished npm timer reifyNode:node_modules/normalize-package-data 1770916055376
3061 silly unfinished npm timer reifyNode:node_modules/normalize-package-data/node_modules/semver 1770916055376
3062 silly unfinished npm timer reifyNode:node_modules/nopt 1770916055376
3063 silly unfinished npm timer reifyNode:node_modules/node-releases 1770916055376
3064 silly unfinished npm timer reifyNode:node_modules/node-forge 1770916055376
3065 silly unfinished npm timer reifyNode:node_modules/node-fetch 1770916055376
3066 silly unfinished npm timer reifyNode:node_modules/no-case 1770916055376
3067 silly unfinished npm timer reifyNode:node_modules/nice-try 1770916055376
3068 silly unfinished npm timer reifyNode:node_modules/neo-async 1770916055376
3069 silly unfinished npm timer reifyNode:node_modules/negotiator 1770916055376
3070 silly unfinished npm timer reifyNode:node_modules/natural-compare 1770916055376
3071 silly unfinished npm timer reifyNode:node_modules/nanoid 1770916055376
3072 silly unfinished npm timer reifyNode:node_modules/mz 1770916055376
3073 silly unfinished npm timer reifyNode:node_modules/mute-stream 1770916055376
3074 silly unfinished npm timer reifyNode:node_modules/multicast-dns 1770916055376
3075 silly unfinished npm timer reifyNode:node_modules/msw 1770916055376
3076 silly unfinished npm timer reifyNode:node_modules/msw/node_modules/yargs-parser 1770916055376
3077 silly unfinished npm timer reifyNode:node_modules/msw/node_modules/yargs 1770916055376
3078 silly unfinished npm timer reifyNode:node_modules/msw/node_modules/type-fest 1770916055376
3079 silly unfinished npm timer reifyNode:node_modules/msw/node_modules/tough-cookie 1770916055376
3080 silly unfinished npm timer reifyNode:node_modules/msw/node_modules/tldts-core 1770916055376
3081 silly unfinished npm timer reifyNode:node_modules/msw/node_modules/tldts 1770916055376
3082 silly unfinished npm timer reifyNode:node_modules/msw/node_modules/path-to-regexp 1770916055376
3083 silly unfinished npm timer reifyNode:node_modules/msw/node_modules/cookie 1770916055376
3084 silly unfinished npm timer reifyNode:node_modules/msw/node_modules/cliui 1770916055376
3085 silly unfinished npm timer reifyNode:node_modules/ms 1770916055376
3086 silly unfinished npm timer reifyNode:node_modules/mrmime 1770916055376
3087 silly unfinished npm timer reifyNode:node_modules/module-alias 1770916055376
3088 silly unfinished npm timer reifyNode:node_modules/mlly 1770916055376
3089 silly unfinished npm timer reifyNode:node_modules/mlly/node_modules/pathe 1770916055376
3090 silly unfinished npm timer reifyNode:node_modules/mitt 1770916055376
3091 silly unfinished npm timer reifyNode:node_modules/minipass 1770916055376
3092 silly unfinished npm timer reifyNode:node_modules/minipass/node_modules/yallist 1770916055376
3093 silly unfinished npm timer reifyNode:node_modules/minimist 1770916055376
3094 silly unfinished npm timer reifyNode:node_modules/minimatch 1770916055376
3095 silly unfinished npm timer reifyNode:node_modules/minimalistic-assert 1770916055376
3096 silly unfinished npm timer reifyNode:node_modules/mini-css-extract-plugin 1770916055376
3097 silly unfinished npm timer reifyNode:node_modules/mini-css-extract-plugin/node_modules/schema-utils 1770916055376
3098 silly unfinished npm timer reifyNode:node_modules/mini-css-extract-plugin/node_modules/json-schema-traverse 1770916055376
3099 silly unfinished npm timer reifyNode:node_modules/mini-css-extract-plugin/node_modules/ajv-keywords 1770916055376
3100 silly unfinished npm timer reifyNode:node_modules/mini-css-extract-plugin/node_modules/ajv 1770916055376
3101 silly unfinished npm timer reifyNode:node_modules/mimic-fn 1770916055376
3102 silly unfinished npm timer reifyNode:node_modules/mime-types 1770916055376
3103 silly unfinished npm timer reifyNode:node_modules/mime-db 1770916055376
3104 silly unfinished npm timer reifyNode:node_modules/mime 1770916055376
3105 silly unfinished npm timer reifyNode:node_modules/micromatch 1770916055376
3106 silly unfinished npm timer reifyNode:node_modules/methods 1770916055376
3107 silly unfinished npm timer reifyNode:node_modules/merge2 1770916055376
3108 silly unfinished npm timer reifyNode:node_modules/merge-stream 1770916055376
3109 silly unfinished npm timer reifyNode:node_modules/merge-source-map 1770916055377
3110 silly unfinished npm timer reifyNode:node_modules/merge-descriptors 1770916055377
3111 silly unfinished npm timer reifyNode:node_modules/memfs 1770916055377
3112 silly unfinished npm timer reifyNode:node_modules/media-typer 1770916055377
3113 silly unfinished npm timer reifyNode:node_modules/mdn-data 1770916055377
3114 silly unfinished npm timer reifyNode:node_modules/math-intrinsics 1770916055377
3115 silly unfinished npm timer reifyNode:node_modules/make-dir 1770916055377
3116 silly unfinished npm timer reifyNode:node_modules/magicast 1770916055377
3117 silly unfinished npm timer reifyNode:node_modules/magic-string 1770916055377
3118 silly unfinished npm timer reifyNode:node_modules/lz-string 1770916055377
3119 silly unfinished npm timer reifyNode:node_modules/lru-cache 1770916055377
3120 silly unfinished npm timer reifyNode:node_modules/lower-case 1770916055377
3121 silly unfinished npm timer reifyNode:node_modules/loupe 1770916055377
3122 silly unfinished npm timer reifyNode:node_modules/log-update 1770916055377
3123 silly unfinished npm timer reifyNode:node_modules/log-update/node_modules/wrap-ansi 1770916055377
3124 silly unfinished npm timer reifyNode:node_modules/log-update/node_modules/strip-ansi 1770916055377
3125 silly unfinished npm timer reifyNode:node_modules/log-update/node_modules/string-width 1770916055377
3126 silly unfinished npm timer reifyNode:node_modules/log-update/node_modules/restore-cursor 1770916055377
3127 silly unfinished npm timer reifyNode:node_modules/log-update/node_modules/onetime 1770916055377
3128 silly unfinished npm timer reifyNode:node_modules/log-update/node_modules/mimic-fn 1770916055377
3129 silly unfinished npm timer reifyNode:node_modules/log-update/node_modules/is-fullwidth-code-point 1770916055377
3130 silly unfinished npm timer reifyNode:node_modules/log-update/node_modules/cli-cursor 1770916055377
3131 silly unfinished npm timer reifyNode:node_modules/log-update/node_modules/ansi-regex 1770916055377
3132 silly unfinished npm timer reifyNode:node_modules/log-symbols 1770916055377
3133 silly unfinished npm timer reifyNode:node_modules/log-symbols/node_modules/chalk 1770916055377
3134 silly unfinished npm timer reifyNode:node_modules/lodash.uniq 1770916055377
3135 silly unfinished npm timer reifyNode:node_modules/lodash.truncate 1770916055377
3136 silly unfinished npm timer reifyNode:node_modules/lodash.merge 1770916055377
3137 silly unfinished npm timer reifyNode:node_modules/lodash.memoize 1770916055377
3138 silly unfinished npm timer reifyNode:node_modules/lodash.mapvalues 1770916055377
3139 silly unfinished npm timer reifyNode:node_modules/lodash.kebabcase 1770916055377
3140 silly unfinished npm timer reifyNode:node_modules/lodash.defaultsdeep 1770916055377
3141 silly unfinished npm timer reifyNode:node_modules/lodash.debounce 1770916055377
3142 silly unfinished npm timer reifyNode:node_modules/lodash 1770916055377
3143 silly unfinished npm timer reifyNode:node_modules/locate-path 1770916055377
3144 silly unfinished npm timer reifyNode:node_modules/local-pkg 1770916055377
3145 silly unfinished npm timer reifyNode:node_modules/loader-utils 1770916055377
3146 silly unfinished npm timer reifyNode:node_modules/loader-utils/node_modules/json5 1770916055377
3147 silly unfinished npm timer reifyNode:node_modules/loader-runner 1770916055377
3148 silly unfinished npm timer reifyNode:node_modules/lines-and-columns 1770916055377
3149 silly unfinished npm timer reifyNode:node_modules/lilconfig 1770916055377
3150 silly unfinished npm timer reifyNode:node_modules/levn 1770916055377
3151 silly unfinished npm timer reifyNode:node_modules/launch-editor-middleware 1770916055377
3152 silly unfinished npm timer reifyNode:node_modules/launch-editor 1770916055377
3153 silly unfinished npm timer reifyNode:node_modules/klona 1770916055377
3154 silly unfinished npm timer reifyNode:node_modules/kind-of 1770916055377
3155 silly unfinished npm timer reifyNode:node_modules/keyv 1770916055377
3156 silly unfinished npm timer reifyNode:node_modules/jsonfile 1770916055377
3157 silly unfinished npm timer reifyNode:node_modules/json5 1770916055377
3158 silly unfinished npm timer reifyNode:node_modules/json-stable-stringify-without-jsonify 1770916055377
3159 silly unfinished npm timer reifyNode:node_modules/json-schema-traverse 1770916055377
3160 silly unfinished npm timer reifyNode:node_modules/json-parse-even-better-errors 1770916055377
3161 silly unfinished npm timer reifyNode:node_modules/json-parse-better-errors 1770916055377
3162 silly unfinished npm timer reifyNode:node_modules/json-buffer 1770916055377
3163 silly unfinished npm timer reifyNode:node_modules/jsesc 1770916055377
3164 silly unfinished npm timer reifyNode:node_modules/jsdom 1770916055377
3165 silly unfinished npm timer reifyNode:node_modules/jsdom/node_modules/ws 1770916055377
3166 silly unfinished npm timer reifyNode:node_modules/jsdom/node_modules/whatwg-url 1770916055377
3167 silly unfinished npm timer reifyNode:node_modules/jsdom/node_modules/webidl-conversions 1770916055377
3168 silly unfinished npm timer reifyNode:node_modules/jsdom/node_modules/tr46 1770916055377
3169 silly unfinished npm timer reifyNode:node_modules/jsdom/node_modules/parse5 1770916055377
3170 silly unfinished npm timer reifyNode:node_modules/jsdom/node_modules/entities 1770916055377
3171 silly unfinished npm timer reifyNode:node_modules/js-yaml 1770916055377
3172 silly unfinished npm timer reifyNode:node_modules/js-tokens 1770916055377
3173 silly unfinished npm timer reifyNode:node_modules/js-message 1770916055377
3174 silly unfinished npm timer reifyNode:node_modules/js-cookie 1770916055377
3175 silly unfinished npm timer reifyNode:node_modules/js-beautify 1770916055377
3176 silly unfinished npm timer reifyNode:node_modules/js-beautify/node_modules/minipass 1770916055377
3177 silly unfinished npm timer reifyNode:node_modules/js-beautify/node_modules/minimatch 1770916055377
3178 silly unfinished npm timer reifyNode:node_modules/js-beautify/node_modules/glob 1770916055377
3179 silly unfinished npm timer reifyNode:node_modules/js-beautify/node_modules/brace-expansion 1770916055377
3180 silly unfinished npm timer reifyNode:node_modules/joi 1770916055377
3181 silly unfinished npm timer reifyNode:node_modules/jest-worker 1770916055377
3182 silly unfinished npm timer reifyNode:node_modules/jest-worker/node_modules/supports-color 1770916055377
3183 silly unfinished npm timer reifyNode:node_modules/jest-util 1770916055377
3184 silly unfinished npm timer reifyNode:node_modules/jest-util/node_modules/picomatch 1770916055377
3185 silly unfinished npm timer reifyNode:node_modules/jest-util/node_modules/ci-info 1770916055377
3186 silly unfinished npm timer reifyNode:node_modules/jest-util/node_modules/chalk 1770916055377
3187 silly unfinished npm timer reifyNode:node_modules/jest-regex-util 1770916055377
3188 silly unfinished npm timer reifyNode:node_modules/jest-mock 1770916055377
3189 silly unfinished npm timer reifyNode:node_modules/jest-message-util 1770916055377
3190 silly unfinished npm timer reifyNode:node_modules/jest-message-util/node_modules/chalk 1770916055377
3191 silly unfinished npm timer reifyNode:node_modules/jest-environment-jsdom 1770916055377
3192 silly unfinished npm timer reifyNode:node_modules/jest-environment-jsdom/node_modules/xml-name-validator 1770916055377
3193 silly unfinished npm timer reifyNode:node_modules/jest-environment-jsdom/node_modules/ws 1770916055377
3194 silly unfinished npm timer reifyNode:node_modules/jest-environment-jsdom/node_modules/whatwg-url 1770916055377
3195 silly unfinished npm timer reifyNode:node_modules/jest-environment-jsdom/node_modules/whatwg-mimetype 1770916055377
3196 silly unfinished npm timer reifyNode:node_modules/jest-environment-jsdom/node_modules/whatwg-encoding 1770916055377
3197 silly unfinished npm timer reifyNode:node_modules/jest-environment-jsdom/node_modules/webidl-conversions 1770916055377
3198 silly unfinished npm timer reifyNode:node_modules/jest-environment-jsdom/node_modules/w3c-xmlserializer 1770916055377
3199 silly unfinished npm timer reifyNode:node_modules/jest-environment-jsdom/node_modules/tr46 1770916055377
3200 silly unfinished npm timer reifyNode:node_modules/jest-environment-jsdom/node_modules/tough-cookie 1770916055377
3201 silly unfinished npm timer reifyNode:node_modules/jest-environment-jsdom/node_modules/rrweb-cssom 1770916055377
3202 silly unfinished npm timer reifyNode:node_modules/jest-environment-jsdom/node_modules/parse5 1770916055377
3203 silly unfinished npm timer reifyNode:node_modules/jest-environment-jsdom/node_modules/jsdom 1770916055377
3204 silly unfinished npm timer reifyNode:node_modules/jest-environment-jsdom/node_modules/iconv-lite 1770916055377
3205 silly unfinished npm timer reifyNode:node_modules/jest-environment-jsdom/node_modules/https-proxy-agent 1770916055377
3206 silly unfinished npm timer reifyNode:node_modules/jest-environment-jsdom/node_modules/http-proxy-agent 1770916055377
3207 silly unfinished npm timer reifyNode:node_modules/jest-environment-jsdom/node_modules/html-encoding-sniffer 1770916055377
3208 silly unfinished npm timer reifyNode:node_modules/jest-environment-jsdom/node_modules/entities 1770916055377
3209 silly unfinished npm timer reifyNode:node_modules/jest-environment-jsdom/node_modules/data-urls 1770916055377
3210 silly unfinished npm timer reifyNode:node_modules/jest-environment-jsdom/node_modules/cssstyle 1770916055377
3211 silly unfinished npm timer reifyNode:node_modules/jest-environment-jsdom/node_modules/agent-base 1770916055377
3212 silly unfinished npm timer reifyNode:node_modules/javascript-stringify 1770916055377
3213 silly unfinished npm timer reifyNode:node_modules/jackspeak 1770916055377
3214 silly unfinished npm timer reifyNode:node_modules/istanbul-reports 1770916055377
3215 silly unfinished npm timer reifyNode:node_modules/istanbul-lib-source-maps 1770916055377
3216 silly unfinished npm timer reifyNode:node_modules/istanbul-lib-report 1770916055377
3217 silly unfinished npm timer reifyNode:node_modules/istanbul-lib-report/node_modules/semver 1770916055377
3218 silly unfinished npm timer reifyNode:node_modules/istanbul-lib-report/node_modules/make-dir 1770916055377
3219 silly unfinished npm timer reifyNode:node_modules/istanbul-lib-coverage 1770916055377
3220 silly unfinished npm timer reifyNode:node_modules/isobject 1770916055377
3221 silly unfinished npm timer reifyNode:node_modules/isexe 1770916055377
3222 silly unfinished npm timer reifyNode:node_modules/isarray 1770916055377
3223 silly unfinished npm timer reifyNode:node_modules/is-wsl 1770916055377
3224 silly unfinished npm timer reifyNode:node_modules/is-what 1770916055377
3225 silly unfinished npm timer reifyNode:node_modules/is-weakset 1770916055377
3226 silly unfinished npm timer reifyNode:node_modules/is-weakmap 1770916055377
3227 silly unfinished npm timer reifyNode:node_modules/is-unicode-supported 1770916055377
3228 silly unfinished npm timer reifyNode:node_modules/is-symbol 1770916055377
3229 silly unfinished npm timer reifyNode:node_modules/is-string 1770916055377
3230 silly unfinished npm timer reifyNode:node_modules/is-stream 1770916055377
3231 silly unfinished npm timer reifyNode:node_modules/is-shared-array-buffer 1770916055377
3232 silly unfinished npm timer reifyNode:node_modules/is-set 1770916055377
3233 silly unfinished npm timer reifyNode:node_modules/is-regex 1770916055377
3234 silly unfinished npm timer reifyNode:node_modules/is-potential-custom-element-name 1770916055377
3235 silly unfinished npm timer reifyNode:node_modules/is-plain-object 1770916055377
3236 silly unfinished npm timer reifyNode:node_modules/is-plain-obj 1770916055377
3237 silly unfinished npm timer reifyNode:node_modules/is-number-object 1770916055377
3238 silly unfinished npm timer reifyNode:node_modules/is-number 1770916055377
3239 silly unfinished npm timer reifyNode:node_modules/is-node-process 1770916055377
3240 silly unfinished npm timer reifyNode:node_modules/is-map 1770916055377
3241 silly unfinished npm timer reifyNode:node_modules/is-interactive 1770916055377
3242 silly unfinished npm timer reifyNode:node_modules/is-glob 1770916055377
3243 silly unfinished npm timer reifyNode:node_modules/is-fullwidth-code-point 1770916055377
3244 silly unfinished npm timer reifyNode:node_modules/is-file-esm 1770916055377
3245 silly unfinished npm timer reifyNode:node_modules/is-extglob 1770916055377
3246 silly unfinished npm timer reifyNode:node_modules/is-docker 1770916055377
3247 silly unfinished npm timer reifyNode:node_modules/is-date-object 1770916055377
3248 silly unfinished npm timer reifyNode:node_modules/is-core-module 1770916055377
3249 silly unfinished npm timer reifyNode:node_modules/is-ci 1770916055377
3250 silly unfinished npm timer reifyNode:node_modules/is-callable 1770916055377
3251 silly unfinished npm timer reifyNode:node_modules/is-buffer 1770916055377
3252 silly unfinished npm timer reifyNode:node_modules/is-boolean-object 1770916055377
3253 silly unfinished npm timer reifyNode:node_modules/is-binary-path 1770916055377
3254 silly unfinished npm timer reifyNode:node_modules/is-bigint 1770916055377
3255 silly unfinished npm timer reifyNode:node_modules/is-arrayish 1770916055377
3256 silly unfinished npm timer reifyNode:node_modules/is-array-buffer 1770916055377
3257 silly unfinished npm timer reifyNode:node_modules/is-arguments 1770916055377
3258 silly unfinished npm timer reifyNode:node_modules/ipaddr.js 1770916055377
3259 silly unfinished npm timer reifyNode:node_modules/internal-slot 1770916055377
3260 silly unfinished npm timer reifyNode:node_modules/ini 1770916055377
3261 silly unfinished npm timer reifyNode:node_modules/inherits 1770916055377
3262 silly unfinished npm timer reifyNode:node_modules/inflight 1770916055377
3263 silly unfinished npm timer reifyNode:node_modules/imurmurhash 1770916055377
3264 silly unfinished npm timer reifyNode:node_modules/import-fresh 1770916055377
3265 silly unfinished npm timer reifyNode:node_modules/ignore 1770916055377
3266 silly unfinished npm timer reifyNode:node_modules/ieee754 1770916055377
3267 silly unfinished npm timer reifyNode:node_modules/icss-utils 1770916055377
3268 silly unfinished npm timer reifyNode:node_modules/iconv-lite 1770916055377
3269 silly unfinished npm timer reifyNode:node_modules/human-signals 1770916055377
3270 silly unfinished npm timer reifyNode:node_modules/https-proxy-agent 1770916055377
3271 silly unfinished npm timer reifyNode:node_modules/http-proxy-middleware 1770916055377
3272 silly unfinished npm timer reifyNode:node_modules/http-proxy-agent 1770916055377
3273 silly unfinished npm timer reifyNode:node_modules/http-proxy 1770916055377
3274 silly unfinished npm timer reifyNode:node_modules/http-parser-js 1770916055377
3275 silly unfinished npm timer reifyNode:node_modules/http-errors 1770916055377
3276 silly unfinished npm timer reifyNode:node_modules/http-deceiver 1770916055377
3277 silly unfinished npm timer reifyNode:node_modules/htmlparser2 1770916055377
3278 silly unfinished npm timer reifyNode:node_modules/htmlparser2/node_modules/entities 1770916055377
3279 silly unfinished npm timer reifyNode:node_modules/html-webpack-plugin 1770916055377
3280 silly unfinished npm timer reifyNode:node_modules/html-tags 1770916055377
3281 silly unfinished npm timer reifyNode:node_modules/html-minifier-terser 1770916055377
3282 silly unfinished npm timer reifyNode:node_modules/html-escaper 1770916055377
3283 silly unfinished npm timer reifyNode:node_modules/html-entities 1770916055377
3284 silly unfinished npm timer reifyNode:node_modules/html-encoding-sniffer 1770916055377
3285 silly unfinished npm timer reifyNode:node_modules/hpack.js 1770916055377
3286 silly unfinished npm timer reifyNode:node_modules/hpack.js/node_modules/string_decoder 1770916055377
3287 silly unfinished npm timer reifyNode:node_modules/hpack.js/node_modules/safe-buffer 1770916055377
3288 silly unfinished npm timer reifyNode:node_modules/hpack.js/node_modules/readable-stream 1770916055377
3289 silly unfinished npm timer reifyNode:node_modules/hosted-git-info 1770916055377
3290 silly unfinished npm timer reifyNode:node_modules/hookable 1770916055377
3291 silly unfinished npm timer reifyNode:node_modules/highlight.js 1770916055377
3292 silly unfinished npm timer reifyNode:node_modules/headers-polyfill 1770916055377
3293 silly unfinished npm timer reifyNode:node_modules/he 1770916055377
3294 silly unfinished npm timer reifyNode:node_modules/hasown 1770916055377
3295 silly unfinished npm timer reifyNode:node_modules/hash-sum 1770916055378
3296 silly unfinished npm timer reifyNode:node_modules/has-tostringtag 1770916055378
3297 silly unfinished npm timer reifyNode:node_modules/has-symbols 1770916055378
3298 silly unfinished npm timer reifyNode:node_modules/has-property-descriptors 1770916055378
3299 silly unfinished npm timer reifyNode:node_modules/has-flag 1770916055378
3300 silly unfinished npm timer reifyNode:node_modules/has-bigints 1770916055378
3301 silly unfinished npm timer reifyNode:node_modules/handle-thing 1770916055378
3302 silly unfinished npm timer reifyNode:node_modules/gzip-size 1770916055378
3303 silly unfinished npm timer reifyNode:node_modules/graphql 1770916055378
3304 silly unfinished npm timer reifyNode:node_modules/graceful-fs 1770916055378
3305 silly unfinished npm timer reifyNode:node_modules/gopd 1770916055378
3306 silly unfinished npm timer reifyNode:node_modules/globby 1770916055378
3307 silly unfinished npm timer reifyNode:node_modules/globals 1770916055378
3308 silly unfinished npm timer reifyNode:node_modules/globals/node_modules/type-fest 1770916055378
3309 silly unfinished npm timer reifyNode:node_modules/glob-to-regexp 1770916055378
3310 silly unfinished npm timer reifyNode:node_modules/glob-parent 1770916055378
3311 silly unfinished npm timer reifyNode:node_modules/glob 1770916055378
3312 silly unfinished npm timer reifyNode:node_modules/get-stream 1770916055378
3313 silly unfinished npm timer reifyNode:node_modules/get-proto 1770916055378
3314 silly unfinished npm timer reifyNode:node_modules/get-intrinsic 1770916055378
3315 silly unfinished npm timer reifyNode:node_modules/get-func-name 1770916055378
3316 silly unfinished npm timer reifyNode:node_modules/get-caller-file 1770916055378
3317 silly unfinished npm timer reifyNode:node_modules/gensync 1770916055378
3318 silly unfinished npm timer reifyNode:node_modules/functions-have-names 1770916055378
3319 silly unfinished npm timer reifyNode:node_modules/functional-red-black-tree 1770916055378
3320 silly unfinished npm timer reifyNode:node_modules/function-bind 1770916055378
3321 silly unfinished npm timer reifyNode:node_modules/fs.realpath 1770916055378
3322 silly unfinished npm timer reifyNode:node_modules/fs-monkey 1770916055378
3323 silly unfinished npm timer reifyNode:node_modules/fs-extra 1770916055378
3324 silly unfinished npm timer reifyNode:node_modules/fresh 1770916055378
3325 silly unfinished npm timer reifyNode:node_modules/fraction.js 1770916055378
3326 silly unfinished npm timer reifyNode:node_modules/forwarded 1770916055378
3327 silly unfinished npm timer reifyNode:node_modules/form-data 1770916055378
3328 silly unfinished npm timer reifyNode:node_modules/foreground-child 1770916055378
3329 silly unfinished npm timer reifyNode:node_modules/foreground-child/node_modules/which 1770916055378
3330 silly unfinished npm timer reifyNode:node_modules/foreground-child/node_modules/signal-exit 1770916055378
3331 silly unfinished npm timer reifyNode:node_modules/foreground-child/node_modules/shebang-regex 1770916055378
3332 silly unfinished npm timer reifyNode:node_modules/foreground-child/node_modules/shebang-command 1770916055378
3333 silly unfinished npm timer reifyNode:node_modules/foreground-child/node_modules/path-key 1770916055378
3334 silly unfinished npm timer reifyNode:node_modules/foreground-child/node_modules/cross-spawn 1770916055378
3335 silly unfinished npm timer reifyNode:node_modules/for-each 1770916055378
3336 silly unfinished npm timer reifyNode:node_modules/follow-redirects 1770916055378
3337 silly unfinished npm timer reifyNode:node_modules/flatted 1770916055378
3338 silly unfinished npm timer reifyNode:node_modules/flat-cache 1770916055378
3339 silly unfinished npm timer reifyNode:node_modules/flat 1770916055378
3340 silly unfinished npm timer reifyNode:node_modules/find-up 1770916055378
3341 silly unfinished npm timer reifyNode:node_modules/find-cache-dir 1770916055378
3342 silly unfinished npm timer reifyNode:node_modules/finalhandler 1770916055378
3343 silly unfinished npm timer reifyNode:node_modules/finalhandler/node_modules/ms 1770916055378
3344 silly unfinished npm timer reifyNode:node_modules/finalhandler/node_modules/debug 1770916055378
3345 silly unfinished npm timer reifyNode:node_modules/fill-range 1770916055378
3346 silly unfinished npm timer reifyNode:node_modules/file-entry-cache 1770916055378
3347 silly unfinished npm timer reifyNode:node_modules/figures 1770916055378
3348 silly unfinished npm timer reifyNode:node_modules/fflate 1770916055378
3349 silly unfinished npm timer reifyNode:node_modules/faye-websocket 1770916055378
3350 silly unfinished npm timer reifyNode:node_modules/fastq 1770916055378
3351 silly unfinished npm timer reifyNode:node_modules/fast-uri 1770916055378
3352 silly unfinished npm timer reifyNode:node_modules/fast-levenshtein 1770916055378
3353 silly unfinished npm timer reifyNode:node_modules/fast-json-stable-stringify 1770916055378
3354 silly unfinished npm timer reifyNode:node_modules/fast-glob 1770916055378
3355 silly unfinished npm timer reifyNode:node_modules/fast-glob/node_modules/glob-parent 1770916055378
3356 silly unfinished npm timer reifyNode:node_modules/fast-diff 1770916055378
3357 silly unfinished npm timer reifyNode:node_modules/fast-deep-equal 1770916055378
3358 silly unfinished npm timer reifyNode:node_modules/express 1770916055378
3359 silly unfinished npm timer reifyNode:node_modules/express/node_modules/ms 1770916055378
3360 silly unfinished npm timer reifyNode:node_modules/express/node_modules/debug 1770916055378
3361 silly unfinished npm timer reifyNode:node_modules/execa 1770916055378
3362 silly unfinished npm timer reifyNode:node_modules/events 1770916055378
3363 silly unfinished npm timer reifyNode:node_modules/eventemitter3 1770916055378
3364 silly unfinished npm timer reifyNode:node_modules/event-pubsub 1770916055378
3365 silly unfinished npm timer reifyNode:node_modules/etag 1770916055378
3366 silly unfinished npm timer reifyNode:node_modules/esutils 1770916055378
3367 silly unfinished npm timer reifyNode:node_modules/estree-walker 1770916055378
3368 silly unfinished npm timer reifyNode:node_modules/estraverse 1770916055378
3369 silly unfinished npm timer reifyNode:node_modules/esrecurse 1770916055378
3370 silly unfinished npm timer reifyNode:node_modules/esrecurse/node_modules/estraverse 1770916055378
3371 silly unfinished npm timer reifyNode:node_modules/esquery 1770916055378
3372 silly unfinished npm timer reifyNode:node_modules/esquery/node_modules/estraverse 1770916055378
3373 silly unfinished npm timer reifyNode:node_modules/esprima 1770916055378
3374 silly unfinished npm timer reifyNode:node_modules/espree 1770916055378
3375 silly unfinished npm timer reifyNode:node_modules/espree/node_modules/eslint-visitor-keys 1770916055378
3376 silly unfinished npm timer reifyNode:node_modules/espree/node_modules/acorn 1770916055378
3377 silly unfinished npm timer reifyNode:node_modules/eslint-webpack-plugin 1770916055378
3378 silly unfinished npm timer reifyNode:node_modules/eslint-webpack-plugin/node_modules/supports-color 1770916055378
3379 silly unfinished npm timer reifyNode:node_modules/eslint-webpack-plugin/node_modules/schema-utils 1770916055378
3380 silly unfinished npm timer reifyNode:node_modules/eslint-webpack-plugin/node_modules/json-schema-traverse 1770916055378
3381 silly unfinished npm timer reifyNode:node_modules/eslint-webpack-plugin/node_modules/jest-worker 1770916055378
3382 silly unfinished npm timer reifyNode:node_modules/eslint-webpack-plugin/node_modules/ajv-keywords 1770916055378
3383 silly unfinished npm timer reifyNode:node_modules/eslint-webpack-plugin/node_modules/ajv 1770916055378
3384 silly unfinished npm timer reifyNode:node_modules/eslint-visitor-keys 1770916055378
3385 silly unfinished npm timer reifyNode:node_modules/eslint-utils 1770916055378
3386 silly unfinished npm timer reifyNode:node_modules/eslint-scope 1770916055378
3387 silly unfinished npm timer reifyNode:node_modules/eslint-plugin-vue 1770916055378
3388 silly unfinished npm timer reifyNode:node_modules/eslint-plugin-vue/node_modules/semver 1770916055378
3389 silly unfinished npm timer reifyNode:node_modules/eslint-plugin-prettier 1770916055378
3390 silly unfinished npm timer reifyNode:node_modules/eslint-config-prettier 1770916055378
3391 silly unfinished npm timer reifyNode:node_modules/eslint 1770916055378
3392 silly unfinished npm timer reifyNode:node_modules/eslint/node_modules/which 1770916055378
3393 silly unfinished npm timer reifyNode:node_modules/eslint/node_modules/shebang-regex 1770916055378
3394 silly unfinished npm timer reifyNode:node_modules/eslint/node_modules/shebang-command 1770916055378
3395 silly unfinished npm timer reifyNode:node_modules/eslint/node_modules/semver 1770916055378
3396 silly unfinished npm timer reifyNode:node_modules/eslint/node_modules/path-key 1770916055378
3397 silly unfinished npm timer reifyNode:node_modules/eslint/node_modules/ignore 1770916055378
3398 silly unfinished npm timer reifyNode:node_modules/eslint/node_modules/glob-parent 1770916055378
3399 silly unfinished npm timer reifyNode:node_modules/eslint/node_modules/eslint-utils 1770916055378
3400 silly unfinished npm timer reifyNode:node_modules/eslint/node_modules/eslint-utils/node_modules/eslint-visitor-keys 1770916055378
3401 silly unfinished npm timer reifyNode:node_modules/eslint/node_modules/escape-string-regexp 1770916055378
3402 silly unfinished npm timer reifyNode:node_modules/eslint/node_modules/cross-spawn 1770916055378
3403 silly unfinished npm timer reifyNode:node_modules/eslint/node_modules/chalk 1770916055378
3404 silly unfinished npm timer reifyNode:node_modules/eslint/node_modules/@babel/code-frame 1770916055378
3405 silly unfinished npm timer reifyNode:node_modules/escape-string-regexp 1770916055378
3406 silly unfinished npm timer reifyNode:node_modules/escape-html 1770916055378
3407 silly unfinished npm timer reifyNode:node_modules/escalade 1770916055378
3408 silly unfinished npm timer reifyNode:node_modules/esbuild 1770916055378
3409 silly unfinished npm timer reifyNode:node_modules/es-set-tostringtag 1770916055378
3410 silly unfinished npm timer reifyNode:node_modules/es-object-atoms 1770916055378
3411 silly unfinished npm timer reifyNode:node_modules/es-module-lexer 1770916055378
3412 silly unfinished npm timer reifyNode:node_modules/es-get-iterator 1770916055378
3413 silly unfinished npm timer reifyNode:node_modules/es-get-iterator/node_modules/isarray 1770916055378
3414 silly unfinished npm timer reifyNode:node_modules/es-errors 1770916055378
3415 silly unfinished npm timer reifyNode:node_modules/es-define-property 1770916055378
3416 silly unfinished npm timer reifyNode:node_modules/error-stack-parser 1770916055378
3417 silly unfinished npm timer reifyNode:node_modules/error-ex 1770916055378
3418 silly unfinished npm timer reifyNode:node_modules/entities 1770916055378
3419 silly unfinished npm timer reifyNode:node_modules/enquirer 1770916055378
3420 silly unfinished npm timer reifyNode:node_modules/enhanced-resolve 1770916055378
3421 silly unfinished npm timer reifyNode:node_modules/end-of-stream 1770916055378
3422 silly unfinished npm timer reifyNode:node_modules/encodeurl 1770916055378
3423 silly unfinished npm timer reifyNode:node_modules/emojis-list 1770916055378
3424 silly unfinished npm timer reifyNode:node_modules/emoji-regex 1770916055378
3425 silly unfinished npm timer reifyNode:node_modules/electron-to-chromium 1770916055378
3426 silly unfinished npm timer reifyNode:node_modules/ee-first 1770916055378
3427 silly unfinished npm timer reifyNode:node_modules/editorconfig 1770916055378
3428 silly unfinished npm timer reifyNode:node_modules/editorconfig/node_modules/semver 1770916055378
3429 silly unfinished npm timer reifyNode:node_modules/editorconfig/node_modules/minimatch 1770916055378
3430 silly unfinished npm timer reifyNode:node_modules/editorconfig/node_modules/commander 1770916055378
3431 silly unfinished npm timer reifyNode:node_modules/editorconfig/node_modules/brace-expansion 1770916055378
3432 silly unfinished npm timer reifyNode:node_modules/easy-stack 1770916055378
3433 silly unfinished npm timer reifyNode:node_modules/eastasianwidth 1770916055378
3434 silly unfinished npm timer reifyNode:node_modules/duplexer 1770916055378
3435 silly unfinished npm timer reifyNode:node_modules/dunder-proto 1770916055378
3436 silly unfinished npm timer reifyNode:node_modules/dotenv-expand 1770916055378
3437 silly unfinished npm timer reifyNode:node_modules/dotenv 1770916055378
3438 silly unfinished npm timer reifyNode:node_modules/dot-case 1770916055378
3439 silly unfinished npm timer reifyNode:node_modules/domutils 1770916055378
3440 silly unfinished npm timer reifyNode:node_modules/dompurify 1770916055378
3441 silly unfinished npm timer reifyNode:node_modules/domhandler 1770916055378
3442 silly unfinished npm timer reifyNode:node_modules/domexception 1770916055378
3443 silly unfinished npm timer reifyNode:node_modules/domexception/node_modules/webidl-conversions 1770916055378
3444 silly unfinished npm timer reifyNode:node_modules/domelementtype 1770916055378
3445 silly unfinished npm timer reifyNode:node_modules/dom-serializer 1770916055378
3446 silly unfinished npm timer reifyNode:node_modules/dom-serializer/node_modules/entities 1770916055378
3447 silly unfinished npm timer reifyNode:node_modules/dom-converter 1770916055378
3448 silly unfinished npm timer reifyNode:node_modules/dom-accessibility-api 1770916055379
3449 silly unfinished npm timer reifyNode:node_modules/doctrine 1770916055379
3450 silly unfinished npm timer reifyNode:node_modules/dns-packet 1770916055379
3451 silly unfinished npm timer reifyNode:node_modules/dir-glob 1770916055379
3452 silly unfinished npm timer reifyNode:node_modules/diff-sequences 1770916055379
3453 silly unfinished npm timer reifyNode:node_modules/detect-node 1770916055379
3454 silly unfinished npm timer reifyNode:node_modules/destroy 1770916055379
3455 silly unfinished npm timer reifyNode:node_modules/depd 1770916055379
3456 silly unfinished npm timer reifyNode:node_modules/delayed-stream 1770916055379
3457 silly unfinished npm timer reifyNode:node_modules/define-properties 1770916055379
3458 silly unfinished npm timer reifyNode:node_modules/define-lazy-prop 1770916055379
3459 silly unfinished npm timer reifyNode:node_modules/define-data-property 1770916055379
3460 silly unfinished npm timer reifyNode:node_modules/defaults 1770916055379
3461 silly unfinished npm timer reifyNode:node_modules/default-gateway 1770916055379
3462 silly unfinished npm timer reifyNode:node_modules/default-gateway/node_modules/which 1770916055379
3463 silly unfinished npm timer reifyNode:node_modules/default-gateway/node_modules/shebang-regex 1770916055379
3464 silly unfinished npm timer reifyNode:node_modules/default-gateway/node_modules/shebang-command 1770916055379
3465 silly unfinished npm timer reifyNode:node_modules/default-gateway/node_modules/path-key 1770916055379
3466 silly unfinished npm timer reifyNode:node_modules/default-gateway/node_modules/npm-run-path 1770916055379
3467 silly unfinished npm timer reifyNode:node_modules/default-gateway/node_modules/is-stream 1770916055379
3468 silly unfinished npm timer reifyNode:node_modules/default-gateway/node_modules/get-stream 1770916055379
3469 silly unfinished npm timer reifyNode:node_modules/default-gateway/node_modules/execa 1770916055379
3470 silly unfinished npm timer reifyNode:node_modules/default-gateway/node_modules/cross-spawn 1770916055379
3471 silly unfinished npm timer reifyNode:node_modules/deepmerge 1770916055379
3472 silly unfinished npm timer reifyNode:node_modules/deep-is 1770916055379
3473 silly unfinished npm timer reifyNode:node_modules/deep-equal 1770916055379
3474 silly unfinished npm timer reifyNode:node_modules/deep-equal/node_modules/isarray 1770916055379
3475 silly unfinished npm timer reifyNode:node_modules/deep-eql 1770916055379
3476 silly unfinished npm timer reifyNode:node_modules/decimal.js 1770916055379
3477 silly unfinished npm timer reifyNode:node_modules/debug 1770916055379
3478 silly unfinished npm timer reifyNode:node_modules/debounce 1770916055379
3479 silly unfinished npm timer reifyNode:node_modules/data-urls 1770916055379
3480 silly unfinished npm timer reifyNode:node_modules/data-urls/node_modules/whatwg-url 1770916055379
3481 silly unfinished npm timer reifyNode:node_modules/data-urls/node_modules/webidl-conversions 1770916055379
3482 silly unfinished npm timer reifyNode:node_modules/data-urls/node_modules/tr46 1770916055379
3483 silly unfinished npm timer reifyNode:node_modules/csstype 1770916055379
3484 silly unfinished npm timer reifyNode:node_modules/cssstyle 1770916055379
3485 silly unfinished npm timer reifyNode:node_modules/csso 1770916055379
3486 silly unfinished npm timer reifyNode:node_modules/cssnano-utils 1770916055379
3487 silly unfinished npm timer reifyNode:node_modules/cssnano-preset-default 1770916055379
3488 silly unfinished npm timer reifyNode:node_modules/cssnano 1770916055379
3489 silly unfinished npm timer reifyNode:node_modules/cssesc 1770916055379
3490 silly unfinished npm timer reifyNode:node_modules/css-what 1770916055379
3491 silly unfinished npm timer reifyNode:node_modules/css-tree 1770916055379
3492 silly unfinished npm timer reifyNode:node_modules/css-select 1770916055379
3493 silly unfinished npm timer reifyNode:node_modules/css-minimizer-webpack-plugin 1770916055379
3494 silly unfinished npm timer reifyNode:node_modules/css-minimizer-webpack-plugin/node_modules/schema-utils 1770916055379
3495 silly unfinished npm timer reifyNode:node_modules/css-minimizer-webpack-plugin/node_modules/json-schema-traverse 1770916055379
3496 silly unfinished npm timer reifyNode:node_modules/css-minimizer-webpack-plugin/node_modules/ajv-keywords 1770916055379
3497 silly unfinished npm timer reifyNode:node_modules/css-minimizer-webpack-plugin/node_modules/ajv 1770916055379
3498 silly unfinished npm timer reifyNode:node_modules/css-loader 1770916055379
3499 silly unfinished npm timer reifyNode:node_modules/css-loader/node_modules/semver 1770916055379
3500 silly unfinished npm timer reifyNode:node_modules/css-declaration-sorter 1770916055379
3501 silly unfinished npm timer reifyNode:node_modules/cross-spawn 1770916055379
3502 silly unfinished npm timer reifyNode:node_modules/cross-spawn/node_modules/semver 1770916055379
3503 silly unfinished npm timer reifyNode:node_modules/cosmiconfig 1770916055379
3504 silly unfinished npm timer reifyNode:node_modules/core-util-is 1770916055379
3505 silly unfinished npm timer reifyNode:node_modules/core-js-compat 1770916055379
3506 silly unfinished npm timer reifyNode:node_modules/core-js 1770916055379
3507 silly unfinished npm timer reifyNode:node_modules/copy-webpack-plugin 1770916055379
3508 silly unfinished npm timer reifyNode:node_modules/copy-webpack-plugin/node_modules/schema-utils 1770916055379
3509 silly unfinished npm timer reifyNode:node_modules/copy-anything 1770916055379
3510 silly unfinished npm timer reifyNode:node_modules/cookie-signature 1770916055379
3511 silly unfinished npm timer reifyNode:node_modules/cookie 1770916055379
3512 silly unfinished npm timer reifyNode:node_modules/convert-source-map 1770916055379
3513 silly unfinished npm timer reifyNode:node_modules/content-type 1770916055379
3514 silly unfinished npm timer reifyNode:node_modules/content-disposition 1770916055379
3515 silly unfinished npm timer reifyNode:node_modules/consolidate 1770916055379
3516 silly unfinished npm timer reifyNode:node_modules/connect-history-api-fallback 1770916055379
3517 silly unfinished npm timer reifyNode:node_modules/config-chain 1770916055379
3518 silly unfinished npm timer reifyNode:node_modules/confbox 1770916055379
3519 silly unfinished npm timer reifyNode:node_modules/concat-map 1770916055379
3520 silly unfinished npm timer reifyNode:node_modules/compression 1770916055379
3521 silly unfinished npm timer reifyNode:node_modules/compression/node_modules/ms 1770916055379
3522 silly unfinished npm timer reifyNode:node_modules/compression/node_modules/debug 1770916055379
3523 silly unfinished npm timer reifyNode:node_modules/compressible 1770916055379
3524 silly unfinished npm timer reifyNode:node_modules/commondir 1770916055379
3525 silly unfinished npm timer reifyNode:node_modules/commander 1770916055379
3526 silly unfinished npm timer reifyNode:node_modules/combined-stream 1770916055379
3527 silly unfinished npm timer reifyNode:node_modules/colorette 1770916055379
3528 silly unfinished npm timer reifyNode:node_modules/colord 1770916055379
3529 silly unfinished npm timer reifyNode:node_modules/color-name 1770916055379
3530 silly unfinished npm timer reifyNode:node_modules/color-convert 1770916055379
3531 silly unfinished npm timer reifyNode:node_modules/clone-deep 1770916055379
3532 silly unfinished npm timer reifyNode:node_modules/clone 1770916055379
3533 silly unfinished npm timer reifyNode:node_modules/cliui 1770916055379
3534 silly unfinished npm timer reifyNode:node_modules/clipboardy 1770916055379
3535 silly unfinished npm timer reifyNode:node_modules/cli-width 1770916055379
3536 silly unfinished npm timer reifyNode:node_modules/cli-spinners 1770916055379
3537 silly unfinished npm timer reifyNode:node_modules/cli-highlight 1770916055379
3538 silly unfinished npm timer reifyNode:node_modules/cli-highlight/node_modules/chalk 1770916055379
3539 silly unfinished npm timer reifyNode:node_modules/cli-cursor 1770916055379
3540 silly unfinished npm timer reifyNode:node_modules/clean-css 1770916055379
3541 silly unfinished npm timer reifyNode:node_modules/ci-info 1770916055379
3542 silly unfinished npm timer reifyNode:node_modules/chrome-trace-event 1770916055379
3543 silly unfinished npm timer reifyNode:node_modules/chokidar 1770916055379
3544 silly unfinished npm timer reifyNode:node_modules/chokidar/node_modules/glob-parent 1770916055379
3545 silly unfinished npm timer reifyNode:node_modules/check-error 1770916055379
3546 silly unfinished npm timer reifyNode:node_modules/chalk 1770916055379
3547 silly unfinished npm timer reifyNode:node_modules/chai 1770916055379
3548 silly unfinished npm timer reifyNode:node_modules/chai/node_modules/type-detect 1770916055379
3549 silly unfinished npm timer reifyNode:node_modules/case-sensitive-paths-webpack-plugin 1770916055379
3550 silly unfinished npm timer reifyNode:node_modules/caniuse-lite 1770916055379
3551 silly unfinished npm timer reifyNode:node_modules/caniuse-api 1770916055379
3552 silly unfinished npm timer reifyNode:node_modules/camelcase 1770916055379
3553 silly unfinished npm timer reifyNode:node_modules/camel-case 1770916055379
3554 silly unfinished npm timer reifyNode:node_modules/callsites 1770916055379
3555 silly unfinished npm timer reifyNode:node_modules/call-bound 1770916055379
3556 silly unfinished npm timer reifyNode:node_modules/call-bind-apply-helpers 1770916055379
3557 silly unfinished npm timer reifyNode:node_modules/call-bind 1770916055379
3558 silly unfinished npm timer reifyNode:node_modules/cac 1770916055379
3559 silly unfinished npm timer reifyNode:node_modules/bytes 1770916055379
3560 silly unfinished npm timer reifyNode:node_modules/buffer-from 1770916055379
3561 silly unfinished npm timer reifyNode:node_modules/buffer 1770916055379
3562 silly unfinished npm timer reifyNode:node_modules/browserslist 1770916055379
3563 silly unfinished npm timer reifyNode:node_modules/braces 1770916055379
3564 silly unfinished npm timer reifyNode:node_modules/brace-expansion 1770916055379
3565 silly unfinished npm timer reifyNode:node_modules/boolbase 1770916055379
3566 silly unfinished npm timer reifyNode:node_modules/bonjour-service 1770916055379
3567 silly unfinished npm timer reifyNode:node_modules/body-parser 1770916055379
3568 silly unfinished npm timer reifyNode:node_modules/body-parser/node_modules/ms 1770916055379
3569 silly unfinished npm timer reifyNode:node_modules/body-parser/node_modules/debug 1770916055379
3570 silly unfinished npm timer reifyNode:node_modules/bluebird 1770916055379
3571 silly unfinished npm timer reifyNode:node_modules/bl 1770916055379
3572 silly unfinished npm timer reifyNode:node_modules/birpc 1770916055379
3573 silly unfinished npm timer reifyNode:node_modules/binary-extensions 1770916055379
3574 silly unfinished npm timer reifyNode:node_modules/big.js 1770916055379
3575 silly unfinished npm timer reifyNode:node_modules/batch 1770916055379
3576 silly unfinished npm timer reifyNode:node_modules/baseline-browser-mapping 1770916055379
3577 silly unfinished npm timer reifyNode:node_modules/base64-js 1770916055379
3578 silly unfinished npm timer reifyNode:node_modules/balanced-match 1770916055379
3579 silly unfinished npm timer reifyNode:node_modules/babel-plugin-polyfill-regenerator 1770916055379
3580 silly unfinished npm timer reifyNode:node_modules/babel-plugin-polyfill-corejs3 1770916055379
3581 silly unfinished npm timer reifyNode:node_modules/babel-plugin-polyfill-corejs2 1770916055379
3582 silly unfinished npm timer reifyNode:node_modules/babel-plugin-dynamic-import-node 1770916055379
3583 silly unfinished npm timer reifyNode:node_modules/babel-loader 1770916055379
3584 silly unfinished npm timer reifyNode:node_modules/babel-loader/node_modules/loader-utils 1770916055379
3585 silly unfinished npm timer reifyNode:node_modules/axios-mock-adapter 1770916055379
3586 silly unfinished npm timer reifyNode:node_modules/axios 1770916055379
3587 silly unfinished npm timer reifyNode:node_modules/available-typed-arrays 1770916055379
3588 silly unfinished npm timer reifyNode:node_modules/autoprefixer 1770916055379
3589 silly unfinished npm timer reifyNode:node_modules/at-least-node 1770916055379
3590 silly unfinished npm timer reifyNode:node_modules/asynckit 1770916055379
3591 silly unfinished npm timer reifyNode:node_modules/async 1770916055379
3592 silly unfinished npm timer reifyNode:node_modules/astral-regex 1770916055379
3593 silly unfinished npm timer reifyNode:node_modules/assertion-error 1770916055379
3594 silly unfinished npm timer reifyNode:node_modules/array-union 1770916055379
3595 silly unfinished npm timer reifyNode:node_modules/array-flatten 1770916055379
3596 silly unfinished npm timer reifyNode:node_modules/array-buffer-byte-length 1770916055379
3597 silly unfinished npm timer reifyNode:node_modules/aria-query 1770916055379
3598 silly unfinished npm timer reifyNode:node_modules/argparse 1770916055379
3599 silly unfinished npm timer reifyNode:node_modules/arch 1770916055379
3600 silly unfinished npm timer reifyNode:node_modules/anymatch 1770916055379
3601 silly unfinished npm timer reifyNode:node_modules/any-promise 1770916055379
3602 silly unfinished npm timer reifyNode:node_modules/ansi-styles 1770916055379
3603 silly unfinished npm timer reifyNode:node_modules/ansi-regex 1770916055379
3604 silly unfinished npm timer reifyNode:node_modules/ansi-html-community 1770916055379
3605 silly unfinished npm timer reifyNode:node_modules/ansi-escapes 1770916055379
3606 silly unfinished npm timer reifyNode:node_modules/ansi-colors 1770916055379
3607 silly unfinished npm timer reifyNode:node_modules/ajv-keywords 1770916055379
3608 silly unfinished npm timer reifyNode:node_modules/ajv-formats 1770916055379
3609 silly unfinished npm timer reifyNode:node_modules/ajv-formats/node_modules/json-schema-traverse 1770916055379
3610 silly unfinished npm timer reifyNode:node_modules/ajv-formats/node_modules/ajv 1770916055379
3611 silly unfinished npm timer reifyNode:node_modules/ajv 1770916055379
3612 silly unfinished npm timer reifyNode:node_modules/agent-base 1770916055379
3613 silly unfinished npm timer reifyNode:node_modules/address 1770916055379
3614 silly unfinished npm timer reifyNode:node_modules/acorn-walk 1770916055379
3615 silly unfinished npm timer reifyNode:node_modules/acorn-jsx 1770916055379
3616 silly unfinished npm timer reifyNode:node_modules/acorn-import-phases 1770916055379
3617 silly unfinished npm timer reifyNode:node_modules/acorn 1770916055379
3618 silly unfinished npm timer reifyNode:node_modules/accepts 1770916055379
3619 silly unfinished npm timer reifyNode:node_modules/accepts/node_modules/negotiator 1770916055379
3620 silly unfinished npm timer reifyNode:node_modules/abbrev 1770916055379
3621 silly unfinished npm timer reifyNode:node_modules/abab 1770916055379
3622 silly unfinished npm timer reifyNode:node_modules/@xtuc/long 1770916055379
3623 silly unfinished npm timer reifyNode:node_modules/@xtuc/ieee754 1770916055379
3624 silly unfinished npm timer reifyNode:node_modules/@webassemblyjs/wast-printer 1770916055379
3625 silly unfinished npm timer reifyNode:node_modules/@webassemblyjs/wasm-parser 1770916055379
3626 silly unfinished npm timer reifyNode:node_modules/@webassemblyjs/wasm-opt 1770916055379
3627 silly unfinished npm timer reifyNode:node_modules/@webassemblyjs/wasm-gen 1770916055379
3628 silly unfinished npm timer reifyNode:node_modules/@webassemblyjs/wasm-edit 1770916055379
3629 silly unfinished npm timer reifyNode:node_modules/@webassemblyjs/utf8 1770916055379
3630 silly unfinished npm timer reifyNode:node_modules/@webassemblyjs/leb128 1770916055379
3631 silly unfinished npm timer reifyNode:node_modules/@webassemblyjs/ieee754 1770916055379
3632 silly unfinished npm timer reifyNode:node_modules/@webassemblyjs/helper-wasm-section 1770916055379
3633 silly unfinished npm timer reifyNode:node_modules/@webassemblyjs/helper-wasm-bytecode 1770916055379
3634 silly unfinished npm timer reifyNode:node_modules/@webassemblyjs/helper-numbers 1770916055379
3635 silly unfinished npm timer reifyNode:node_modules/@webassemblyjs/helper-buffer 1770916055379
3636 silly unfinished npm timer reifyNode:node_modules/@webassemblyjs/helper-api-error 1770916055379
3637 silly unfinished npm timer reifyNode:node_modules/@webassemblyjs/floating-point-hex-parser 1770916055379
3638 silly unfinished npm timer reifyNode:node_modules/@webassemblyjs/ast 1770916055379
3639 silly unfinished npm timer reifyNode:node_modules/@vue/web-component-wrapper 1770916055379
3640 silly unfinished npm timer reifyNode:node_modules/@vue/vue-loader-v15 1770916055379
3641 silly unfinished npm timer reifyNode:node_modules/@vue/vue-loader-v15/node_modules/hash-sum 1770916055379
3642 silly unfinished npm timer reifyNode:node_modules/@vue/test-utils 1770916055379
3643 silly unfinished npm timer reifyNode:node_modules/@vue/shared 1770916055379
3644 silly unfinished npm timer reifyNode:node_modules/@vue/server-renderer 1770916055379
3645 silly unfinished npm timer reifyNode:node_modules/@vue/runtime-dom 1770916055379
3646 silly unfinished npm timer reifyNode:node_modules/@vue/runtime-core 1770916055379
3647 silly unfinished npm timer reifyNode:node_modules/@vue/reactivity 1770916055379
3648 silly unfinished npm timer reifyNode:node_modules/@vue/eslint-config-prettier 1770916055379
3649 silly unfinished npm timer reifyNode:node_modules/@vue/eslint-config-prettier/node_modules/eslint-plugin-prettier 1770916055379
3650 silly unfinished npm timer reifyNode:node_modules/@vue/eslint-config-prettier/node_modules/eslint-config-prettier 1770916055379
3651 silly unfinished npm timer reifyNode:node_modules/@vue/devtools-shared 1770916055379
3652 silly unfinished npm timer reifyNode:node_modules/@vue/devtools-kit 1770916055379
3653 silly unfinished npm timer reifyNode:node_modules/@vue/devtools-api 1770916055379
3654 silly unfinished npm timer reifyNode:node_modules/@vue/component-compiler-utils 1770916055379
3655 silly unfinished npm timer reifyNode:node_modules/@vue/component-compiler-utils/node_modules/yallist 1770916055379
3656 silly unfinished npm timer reifyNode:node_modules/@vue/component-compiler-utils/node_modules/postcss 1770916055379
3657 silly unfinished npm timer reifyNode:node_modules/@vue/component-compiler-utils/node_modules/picocolors 1770916055379
3658 silly unfinished npm timer reifyNode:node_modules/@vue/component-compiler-utils/node_modules/lru-cache 1770916055379
3659 silly unfinished npm timer reifyNode:node_modules/@vue/component-compiler-utils/node_modules/hash-sum 1770916055379
3660 silly unfinished npm timer reifyNode:node_modules/@vue/compiler-ssr 1770916055379
3661 silly unfinished npm timer reifyNode:node_modules/@vue/compiler-sfc 1770916055379
3662 silly unfinished npm timer reifyNode:node_modules/@vue/compiler-dom 1770916055379
3663 silly unfinished npm timer reifyNode:node_modules/@vue/compiler-core 1770916055379
3664 silly unfinished npm timer reifyNode:node_modules/@vue/cli-shared-utils 1770916055379
3665 silly unfinished npm timer reifyNode:node_modules/@vue/cli-shared-utils/node_modules/yallist 1770916055379
3666 silly unfinished npm timer reifyNode:node_modules/@vue/cli-shared-utils/node_modules/semver 1770916055379
3667 silly unfinished npm timer reifyNode:node_modules/@vue/cli-shared-utils/node_modules/lru-cache 1770916055379
3668 silly unfinished npm timer reifyNode:node_modules/@vue/cli-shared-utils/node_modules/chalk 1770916055379
3669 silly unfinished npm timer reifyNode:node_modules/@vue/cli-service 1770916055379
3670 silly unfinished npm timer reifyNode:node_modules/@vue/cli-plugin-vuex 1770916055379
3671 silly unfinished npm timer reifyNode:node_modules/@vue/cli-plugin-router 1770916055379
3672 silly unfinished npm timer reifyNode:node_modules/@vue/cli-plugin-eslint 1770916055379
3673 silly unfinished npm timer reifyNode:node_modules/@vue/cli-plugin-babel 1770916055379
3674 silly unfinished npm timer reifyNode:node_modules/@vue/cli-overlay 1770916055379
3675 silly unfinished npm timer reifyNode:node_modules/@vue/babel-sugar-v-on 1770916055379
3676 silly unfinished npm timer reifyNode:node_modules/@vue/babel-sugar-v-model 1770916055379
3677 silly unfinished npm timer reifyNode:node_modules/@vue/babel-sugar-inject-h 1770916055379
3678 silly unfinished npm timer reifyNode:node_modules/@vue/babel-sugar-functional-vue 1770916055379
3679 silly unfinished npm timer reifyNode:node_modules/@vue/babel-sugar-composition-api-render-instance 1770916055379
3680 silly unfinished npm timer reifyNode:node_modules/@vue/babel-sugar-composition-api-inject-h 1770916055379
3681 silly unfinished npm timer reifyNode:node_modules/@vue/babel-preset-jsx 1770916055379
3682 silly unfinished npm timer reifyNode:node_modules/@vue/babel-preset-app 1770916055379
3683 silly unfinished npm timer reifyNode:node_modules/@vue/babel-preset-app/node_modules/semver 1770916055379
3684 silly unfinished npm timer reifyNode:node_modules/@vue/babel-plugin-transform-vue-jsx 1770916055379
3685 silly unfinished npm timer reifyNode:node_modules/@vue/babel-plugin-resolve-type 1770916055379
3686 silly unfinished npm timer reifyNode:node_modules/@vue/babel-plugin-jsx 1770916055379
3687 silly unfinished npm timer reifyNode:node_modules/@vue/babel-helper-vue-transform-on 1770916055379
3688 silly unfinished npm timer reifyNode:node_modules/@vue/babel-helper-vue-jsx-merge-props 1770916055380
3689 silly unfinished npm timer reifyNode:node_modules/@vitest/utils 1770916055380
3690 silly unfinished npm timer reifyNode:node_modules/@vitest/utils/node_modules/pretty-format 1770916055380
3691 silly unfinished npm timer reifyNode:node_modules/@vitest/utils/node_modules/estree-walker 1770916055380
3692 silly unfinished npm timer reifyNode:node_modules/@vitest/utils/node_modules/ansi-styles 1770916055380
3693 silly unfinished npm timer reifyNode:node_modules/@vitest/utils/node_modules/@sinclair/typebox 1770916055380
3694 silly unfinished npm timer reifyNode:node_modules/@vitest/utils/node_modules/@jest/schemas 1770916055380
3695 silly unfinished npm timer reifyNode:node_modules/@vitest/ui 1770916055380
3696 silly unfinished npm timer reifyNode:node_modules/@vitest/spy 1770916055380
3697 silly unfinished npm timer reifyNode:node_modules/@vitest/snapshot 1770916055380
3698 silly unfinished npm timer reifyNode:node_modules/@vitest/snapshot/node_modules/pretty-format 1770916055380
3699 silly unfinished npm timer reifyNode:node_modules/@vitest/snapshot/node_modules/ansi-styles 1770916055380
3700 silly unfinished npm timer reifyNode:node_modules/@vitest/snapshot/node_modules/@sinclair/typebox 1770916055380
3701 silly unfinished npm timer reifyNode:node_modules/@vitest/snapshot/node_modules/@jest/schemas 1770916055380
3702 silly unfinished npm timer reifyNode:node_modules/@vitest/runner 1770916055380
3703 silly unfinished npm timer reifyNode:node_modules/@vitest/runner/node_modules/p-limit 1770916055380
3704 silly unfinished npm timer reifyNode:node_modules/@vitest/expect 1770916055380
3705 silly unfinished npm timer reifyNode:node_modules/@vitest/coverage-v8 1770916055380
3706 silly unfinished npm timer reifyNode:node_modules/@vitejs/plugin-vue 1770916055380
3707 silly unfinished npm timer reifyNode:node_modules/@types/yargs-parser 1770916055380
3708 silly unfinished npm timer reifyNode:node_modules/@types/yargs 1770916055380
3709 silly unfinished npm timer reifyNode:node_modules/@types/ws 1770916055380
3710 silly unfinished npm timer reifyNode:node_modules/@types/tough-cookie 1770916055380
3711 silly unfinished npm timer reifyNode:node_modules/@types/statuses 1770916055380
3712 silly unfinished npm timer reifyNode:node_modules/@types/stack-utils 1770916055380
3713 silly unfinished npm timer reifyNode:node_modules/@types/sockjs 1770916055380
3714 silly unfinished npm timer reifyNode:node_modules/@types/serve-static 1770916055380
3715 silly unfinished npm timer reifyNode:node_modules/@types/serve-static/node_modules/@types/send 1770916055380
3716 silly unfinished npm timer reifyNode:node_modules/@types/serve-index 1770916055380
3717 silly unfinished npm timer reifyNode:node_modules/@types/send 1770916055380
3718 silly unfinished npm timer reifyNode:node_modules/@types/retry 1770916055380
3719 silly unfinished npm timer reifyNode:node_modules/@types/range-parser 1770916055380
3720 silly unfinished npm timer reifyNode:node_modules/@types/qs 1770916055380
3721 silly unfinished npm timer reifyNode:node_modules/@types/parse-json 1770916055380
3722 silly unfinished npm timer reifyNode:node_modules/@types/normalize-package-data 1770916055380
3723 silly unfinished npm timer reifyNode:node_modules/@types/node-forge 1770916055380
3724 silly unfinished npm timer reifyNode:node_modules/@types/node 1770916055380
3725 silly unfinished npm timer reifyNode:node_modules/@types/minimist 1770916055380
3726 silly unfinished npm timer reifyNode:node_modules/@types/mime 1770916055380
3727 silly unfinished npm timer reifyNode:node_modules/@types/json-schema 1770916055380
3728 silly unfinished npm timer reifyNode:node_modules/@types/jsdom 1770916055380
3729 silly unfinished npm timer reifyNode:node_modules/@types/jsdom/node_modules/parse5 1770916055380
3730 silly unfinished npm timer reifyNode:node_modules/@types/jsdom/node_modules/entities 1770916055380
3731 silly unfinished npm timer reifyNode:node_modules/@types/istanbul-reports 1770916055380
3732 silly unfinished npm timer reifyNode:node_modules/@types/istanbul-lib-report 1770916055380
3733 silly unfinished npm timer reifyNode:node_modules/@types/istanbul-lib-coverage 1770916055380
3734 silly unfinished npm timer reifyNode:node_modules/@types/http-proxy 1770916055380
3735 silly unfinished npm timer reifyNode:node_modules/@types/http-errors 1770916055380
3736 silly unfinished npm timer reifyNode:node_modules/@types/html-minifier-terser 1770916055380
3737 silly unfinished npm timer reifyNode:node_modules/@types/express-serve-static-core 1770916055380
3738 silly unfinished npm timer reifyNode:node_modules/@types/express 1770916055380
3739 silly unfinished npm timer reifyNode:node_modules/@types/express/node_modules/@types/express-serve-static-core 1770916055380
3740 silly unfinished npm timer reifyNode:node_modules/@types/estree 1770916055380
3741 silly unfinished npm timer reifyNode:node_modules/@types/eslint-scope 1770916055380
3742 silly unfinished npm timer reifyNode:node_modules/@types/eslint 1770916055380
3743 silly unfinished npm timer reifyNode:node_modules/@types/connect-history-api-fallback 1770916055380
3744 silly unfinished npm timer reifyNode:node_modules/@types/connect 1770916055380
3745 silly unfinished npm timer reifyNode:node_modules/@types/bonjour 1770916055380
3746 silly unfinished npm timer reifyNode:node_modules/@types/body-parser 1770916055380
3747 silly unfinished npm timer reifyNode:node_modules/@types/aria-query 1770916055380
3748 silly unfinished npm timer reifyNode:node_modules/@trysound/sax 1770916055380
3749 silly unfinished npm timer reifyNode:node_modules/@tootallnate/once 1770916055380
3750 silly unfinished npm timer reifyNode:node_modules/@testing-library/vue 1770916055380
3751 silly unfinished npm timer reifyNode:node_modules/@testing-library/dom 1770916055380
3752 silly unfinished npm timer reifyNode:node_modules/@testing-library/dom/node_modules/react-is 1770916055380
3753 silly unfinished npm timer reifyNode:node_modules/@testing-library/dom/node_modules/pretty-format 1770916055380
3754 silly unfinished npm timer reifyNode:node_modules/@testing-library/dom/node_modules/pretty-format/node_modules/ansi-styles 1770916055380
3755 silly unfinished npm timer reifyNode:node_modules/@testing-library/dom/node_modules/chalk 1770916055380
3756 silly unfinished npm timer reifyNode:node_modules/@soda/get-current-script 1770916055380
3757 silly unfinished npm timer reifyNode:node_modules/@soda/friendly-errors-webpack-plugin 1770916055380
3758 silly unfinished npm timer reifyNode:node_modules/@sinonjs/fake-timers 1770916055380
3759 silly unfinished npm timer reifyNode:node_modules/@sinonjs/commons 1770916055380
3760 silly unfinished npm timer reifyNode:node_modules/@sinclair/typebox 1770916055380
3761 silly unfinished npm timer reifyNode:node_modules/@sideway/pinpoint 1770916055380
3762 silly unfinished npm timer reifyNode:node_modules/@sideway/formula 1770916055380
3763 silly unfinished npm timer reifyNode:node_modules/@sideway/address 1770916055380
3764 silly unfinished npm timer reifyNode:node_modules/@polka/url 1770916055380
3765 silly unfinished npm timer reifyNode:node_modules/@pdf-lib/upng 1770916055380
3766 silly unfinished npm timer reifyNode:node_modules/@pdf-lib/standard-fonts 1770916055380
3767 silly unfinished npm timer reifyNode:node_modules/@pdf-lib/fontkit 1770916055380
3768 silly unfinished npm timer reifyNode:node_modules/@open-draft/until 1770916055380
3769 silly unfinished npm timer reifyNode:node_modules/@open-draft/logger 1770916055380
3770 silly unfinished npm timer reifyNode:node_modules/@open-draft/deferred-promise 1770916055380
3771 silly unfinished npm timer reifyNode:node_modules/@one-ini/wasm 1770916055380
3772 silly unfinished npm timer reifyNode:node_modules/@nodelib/fs.walk 1770916055380
3773 silly unfinished npm timer reifyNode:node_modules/@nodelib/fs.stat 1770916055380
3774 silly unfinished npm timer reifyNode:node_modules/@nodelib/fs.scandir 1770916055380
3775 silly unfinished npm timer reifyNode:node_modules/@node-ipc/js-queue 1770916055380
3776 silly unfinished npm timer reifyNode:node_modules/@mswjs/interceptors 1770916055380
3777 silly unfinished npm timer reifyNode:node_modules/@leichtgewicht/ip-codec 1770916055380
3778 silly unfinished npm timer reifyNode:node_modules/@jridgewell/trace-mapping 1770916055380
3779 silly unfinished npm timer reifyNode:node_modules/@jridgewell/sourcemap-codec 1770916055380
3780 silly unfinished npm timer reifyNode:node_modules/@jridgewell/source-map 1770916055380
3781 silly unfinished npm timer reifyNode:node_modules/@jridgewell/resolve-uri 1770916055380
3782 silly unfinished npm timer reifyNode:node_modules/@jridgewell/remapping 1770916055380
3783 silly unfinished npm timer reifyNode:node_modules/@jridgewell/gen-mapping 1770916055380
3784 silly unfinished npm timer reifyNode:node_modules/@jest/types 1770916055380
3785 silly unfinished npm timer reifyNode:node_modules/@jest/types/node_modules/chalk 1770916055380
3786 silly unfinished npm timer reifyNode:node_modules/@jest/schemas 1770916055380
3787 silly unfinished npm timer reifyNode:node_modules/@jest/pattern 1770916055380
3788 silly unfinished npm timer reifyNode:node_modules/@jest/fake-timers 1770916055380
3789 silly unfinished npm timer reifyNode:node_modules/@jest/environment-jsdom-abstract 1770916055380
3790 silly unfinished npm timer reifyNode:node_modules/@jest/environment 1770916055380
3791 silly unfinished npm timer reifyNode:node_modules/@istanbuljs/schema 1770916055380
3792 silly unfinished npm timer reifyNode:node_modules/@isaacs/cliui 1770916055380
3793 silly unfinished npm timer reifyNode:node_modules/@isaacs/cliui/node_modules/wrap-ansi 1770916055380
3794 silly unfinished npm timer reifyNode:node_modules/@isaacs/cliui/node_modules/strip-ansi 1770916055380
3795 silly unfinished npm timer reifyNode:node_modules/@isaacs/cliui/node_modules/string-width 1770916055380
3796 silly unfinished npm timer reifyNode:node_modules/@isaacs/cliui/node_modules/emoji-regex 1770916055380
3797 silly unfinished npm timer reifyNode:node_modules/@isaacs/cliui/node_modules/ansi-styles 1770916055380
3798 silly unfinished npm timer reifyNode:node_modules/@isaacs/cliui/node_modules/ansi-regex 1770916055380
3799 silly unfinished npm timer reifyNode:node_modules/@intlify/shared 1770916055380
3800 silly unfinished npm timer reifyNode:node_modules/@intlify/message-compiler 1770916055380
3801 silly unfinished npm timer reifyNode:node_modules/@intlify/core-base 1770916055380
3802 silly unfinished npm timer reifyNode:node_modules/@inquirer/type 1770916055380
3803 silly unfinished npm timer reifyNode:node_modules/@inquirer/figures 1770916055380
3804 silly unfinished npm timer reifyNode:node_modules/@inquirer/core 1770916055380
3805 silly unfinished npm timer reifyNode:node_modules/@inquirer/core/node_modules/wrap-ansi 1770916055380
3806 silly unfinished npm timer reifyNode:node_modules/@inquirer/core/node_modules/signal-exit 1770916055380
3807 silly unfinished npm timer reifyNode:node_modules/@inquirer/confirm 1770916055380
3808 silly unfinished npm timer reifyNode:node_modules/@inquirer/ansi 1770916055380
3809 silly unfinished npm timer reifyNode:node_modules/@humanwhocodes/object-schema 1770916055380
3810 silly unfinished npm timer reifyNode:node_modules/@humanwhocodes/config-array 1770916055380
3811 silly unfinished npm timer reifyNode:node_modules/@hapi/topo 1770916055380
3812 silly unfinished npm timer reifyNode:node_modules/@hapi/hoek 1770916055380
3813 silly unfinished npm timer reifyNode:node_modules/@eslint/eslintrc 1770916055380
3814 silly unfinished npm timer reifyNode:node_modules/@eslint/eslintrc/node_modules/ignore 1770916055380
3815 silly unfinished npm timer reifyNode:node_modules/@discoveryjs/json-ext 1770916055380
3816 silly unfinished npm timer reifyNode:node_modules/@csstools/css-tokenizer 1770916055380
3817 silly unfinished npm timer reifyNode:node_modules/@csstools/css-parser-algorithms 1770916055380
3818 silly unfinished npm timer reifyNode:node_modules/@csstools/css-color-parser 1770916055380
3819 silly unfinished npm timer reifyNode:node_modules/@csstools/css-calc 1770916055380
3820 silly unfinished npm timer reifyNode:node_modules/@csstools/color-helpers 1770916055380
3821 silly unfinished npm timer reifyNode:node_modules/@bcoe/v8-coverage 1770916055380
3822 silly unfinished npm timer reifyNode:node_modules/@babel/types 1770916055380
3823 silly unfinished npm timer reifyNode:node_modules/@babel/traverse 1770916055380
3824 silly unfinished npm timer reifyNode:node_modules/@babel/template 1770916055380
3825 silly unfinished npm timer reifyNode:node_modules/@babel/runtime 1770916055380
3826 silly unfinished npm timer reifyNode:node_modules/@babel/preset-modules 1770916055380
3827 silly unfinished npm timer reifyNode:node_modules/@babel/preset-env 1770916055380
3828 silly unfinished npm timer reifyNode:node_modules/@babel/preset-env/node_modules/babel-plugin-polyfill-corejs3 1770916055380
3829 silly unfinished npm timer reifyNode:node_modules/@babel/plugin-transform-unicode-sets-regex 1770916055380
3830 silly unfinished npm timer reifyNode:node_modules/@babel/plugin-transform-unicode-regex 1770916055380
3831 silly unfinished npm timer reifyNode:node_modules/@babel/plugin-transform-unicode-property-regex 1770916055380
3832 silly unfinished npm timer reifyNode:node_modules/@babel/plugin-transform-unicode-escapes 1770916055380
3833 silly unfinished npm timer reifyNode:node_modules/@babel/plugin-transform-typeof-symbol 1770916055380
3834 silly unfinished npm timer reifyNode:node_modules/@babel/plugin-transform-template-literals 1770916055380
3835 silly unfinished npm timer reifyNode:node_modules/@babel/plugin-transform-sticky-regex 1770916055380
3836 silly unfinished npm timer reifyNode:node_modules/@babel/plugin-transform-spread 1770916055380
3837 silly unfinished npm timer reifyNode:node_modules/@babel/plugin-transform-shorthand-properties 1770916055380
3838 silly unfinished npm timer reifyNode:node_modules/@babel/plugin-transform-runtime 1770916055380
3839 silly unfinished npm timer reifyNode:node_modules/@babel/plugin-transform-reserved-words 1770916055380
3840 silly unfinished npm timer reifyNode:node_modules/@babel/plugin-transform-regexp-modifiers 1770916055380
3841 silly unfinished npm timer reifyNode:node_modules/@babel/plugin-transform-regenerator 1770916055380
3842 silly unfinished npm timer reifyNode:node_modules/@babel/plugin-transform-property-literals 1770916055380
3843 silly unfinished npm timer reifyNode:node_modules/@babel/plugin-transform-private-property-in-object 1770916055380
3844 silly unfinished npm timer reifyNode:node_modules/@babel/plugin-transform-private-methods 1770916055380
3845 silly unfinished npm timer reifyNode:node_modules/@babel/plugin-transform-parameters 1770916055380
3846 silly unfinished npm timer reifyNode:node_modules/@babel/plugin-transform-optional-chaining 1770916055380
3847 silly unfinished npm timer reifyNode:node_modules/@babel/plugin-transform-optional-catch-binding 1770916055380
3848 silly unfinished npm timer reifyNode:node_modules/@babel/plugin-transform-object-super 1770916055380
3849 silly unfinished npm timer reifyNode:node_modules/@babel/plugin-transform-object-rest-spread 1770916055380
3850 silly unfinished npm timer reifyNode:node_modules/@babel/plugin-transform-numeric-separator 1770916055380
3851 silly unfinished npm timer reifyNode:node_modules/@babel/plugin-transform-nullish-coalescing-operator 1770916055380
3852 silly unfinished npm timer reifyNode:node_modules/@babel/plugin-transform-new-target 1770916055380
3853 silly unfinished npm timer reifyNode:node_modules/@babel/plugin-transform-named-capturing-groups-regex 1770916055380
3854 silly unfinished npm timer reifyNode:node_modules/@babel/plugin-transform-modules-umd 1770916055380
3855 silly unfinished npm timer reifyNode:node_modules/@babel/plugin-transform-modules-systemjs 1770916055380
3856 silly unfinished npm timer reifyNode:node_modules/@babel/plugin-transform-modules-commonjs 1770916055380
3857 silly unfinished npm timer reifyNode:node_modules/@babel/plugin-transform-modules-amd 1770916055380
3858 silly unfinished npm timer reifyNode:node_modules/@babel/plugin-transform-member-expression-literals 1770916055380
3859 silly unfinished npm timer reifyNode:node_modules/@babel/plugin-transform-logical-assignment-operators 1770916055380
3860 silly unfinished npm timer reifyNode:node_modules/@babel/plugin-transform-literals 1770916055380
3861 silly unfinished npm timer reifyNode:node_modules/@babel/plugin-transform-json-strings 1770916055380
3862 silly unfinished npm timer reifyNode:node_modules/@babel/plugin-transform-function-name 1770916055380
3863 silly unfinished npm timer reifyNode:node_modules/@babel/plugin-transform-for-of 1770916055380
3864 silly unfinished npm timer reifyNode:node_modules/@babel/plugin-transform-export-namespace-from 1770916055380
3865 silly unfinished npm timer reifyNode:node_modules/@babel/plugin-transform-exponentiation-operator 1770916055380
3866 silly unfinished npm timer reifyNode:node_modules/@babel/plugin-transform-explicit-resource-management 1770916055380
3867 silly unfinished npm timer reifyNode:node_modules/@babel/plugin-transform-dynamic-import 1770916055380
3868 silly unfinished npm timer reifyNode:node_modules/@babel/plugin-transform-duplicate-named-capturing-groups-regex 1770916055380
3869 silly unfinished npm timer reifyNode:node_modules/@babel/plugin-transform-duplicate-keys 1770916055380
3870 silly unfinished npm timer reifyNode:node_modules/@babel/plugin-transform-dotall-regex 1770916055380
3871 silly unfinished npm timer reifyNode:node_modules/@babel/plugin-transform-destructuring 1770916055380
3872 silly unfinished npm timer reifyNode:node_modules/@babel/plugin-transform-computed-properties 1770916055380
3873 silly unfinished npm timer reifyNode:node_modules/@babel/plugin-transform-classes 1770916055380
3874 silly unfinished npm timer reifyNode:node_modules/@babel/plugin-transform-class-static-block 1770916055380
3875 silly unfinished npm timer reifyNode:node_modules/@babel/plugin-transform-class-properties 1770916055380
3876 silly unfinished npm timer reifyNode:node_modules/@babel/plugin-transform-block-scoping 1770916055380
3877 silly unfinished npm timer reifyNode:node_modules/@babel/plugin-transform-block-scoped-functions 1770916055380
3878 silly unfinished npm timer reifyNode:node_modules/@babel/plugin-transform-async-to-generator 1770916055380
3879 silly unfinished npm timer reifyNode:node_modules/@babel/plugin-transform-async-generator-functions 1770916055380
3880 silly unfinished npm timer reifyNode:node_modules/@babel/plugin-transform-arrow-functions 1770916055380
3881 silly unfinished npm timer reifyNode:node_modules/@babel/plugin-syntax-unicode-sets-regex 1770916055380
3882 silly unfinished npm timer reifyNode:node_modules/@babel/plugin-syntax-jsx 1770916055380
3883 silly unfinished npm timer reifyNode:node_modules/@babel/plugin-syntax-import-attributes 1770916055380
3884 silly unfinished npm timer reifyNode:node_modules/@babel/plugin-syntax-import-assertions 1770916055380
3885 silly unfinished npm timer reifyNode:node_modules/@babel/plugin-syntax-dynamic-import 1770916055380
3886 silly unfinished npm timer reifyNode:node_modules/@babel/plugin-syntax-decorators 1770916055380
3887 silly unfinished npm timer reifyNode:node_modules/@babel/plugin-proposal-private-property-in-object 1770916055380
3888 silly unfinished npm timer reifyNode:node_modules/@babel/plugin-proposal-decorators 1770916055380
3889 silly unfinished npm timer reifyNode:node_modules/@babel/plugin-proposal-class-properties 1770916055380
3890 silly unfinished npm timer reifyNode:node_modules/@babel/plugin-bugfix-v8-static-class-fields-redefine-readonly 1770916055380
3891 silly unfinished npm timer reifyNode:node_modules/@babel/plugin-bugfix-v8-spread-parameters-in-optional-chaining 1770916055380
3892 silly unfinished npm timer reifyNode:node_modules/@babel/plugin-bugfix-safari-id-destructuring-collision-in-function-expression 1770916055380
3893 silly unfinished npm timer reifyNode:node_modules/@babel/plugin-bugfix-safari-class-field-initializer-scope 1770916055380
3894 silly unfinished npm timer reifyNode:node_modules/@babel/plugin-bugfix-firefox-class-in-computed-class-key 1770916055380
3895 silly unfinished npm timer reifyNode:node_modules/@babel/parser 1770916055380
3896 silly unfinished npm timer reifyNode:node_modules/@babel/highlight 1770916055380
3897 silly unfinished npm timer reifyNode:node_modules/@babel/highlight/node_modules/supports-color 1770916055380
3898 silly unfinished npm timer reifyNode:node_modules/@babel/highlight/node_modules/has-flag 1770916055380
3899 silly unfinished npm timer reifyNode:node_modules/@babel/highlight/node_modules/color-name 1770916055380
3900 silly unfinished npm timer reifyNode:node_modules/@babel/highlight/node_modules/color-convert 1770916055380
3901 silly unfinished npm timer reifyNode:node_modules/@babel/highlight/node_modules/chalk 1770916055380
3902 silly unfinished npm timer reifyNode:node_modules/@babel/highlight/node_modules/ansi-styles 1770916055380
3903 silly unfinished npm timer reifyNode:node_modules/@babel/helpers 1770916055380
3904 silly unfinished npm timer reifyNode:node_modules/@babel/helper-wrap-function 1770916055380
3905 silly unfinished npm timer reifyNode:node_modules/@babel/helper-validator-option 1770916055380
3906 silly unfinished npm timer reifyNode:node_modules/@babel/helper-validator-identifier 1770916055380
3907 silly unfinished npm timer reifyNode:node_modules/@babel/helper-string-parser 1770916055380
3908 silly unfinished npm timer reifyNode:node_modules/@babel/helper-skip-transparent-expression-wrappers 1770916055380
3909 silly unfinished npm timer reifyNode:node_modules/@babel/helper-replace-supers 1770916055380
3910 silly unfinished npm timer reifyNode:node_modules/@babel/helper-remap-async-to-generator 1770916055380
3911 silly unfinished npm timer reifyNode:node_modules/@babel/helper-plugin-utils 1770916055380
3912 silly unfinished npm timer reifyNode:node_modules/@babel/helper-optimise-call-expression 1770916055380
3913 silly unfinished npm timer reifyNode:node_modules/@babel/helper-module-transforms 1770916055380
3914 silly unfinished npm timer reifyNode:node_modules/@babel/helper-module-imports 1770916055380
3915 silly unfinished npm timer reifyNode:node_modules/@babel/helper-member-expression-to-functions 1770916055380
3916 silly unfinished npm timer reifyNode:node_modules/@babel/helper-globals 1770916055380
3917 silly unfinished npm timer reifyNode:node_modules/@babel/helper-define-polyfill-provider 1770916055380
3918 silly unfinished npm timer reifyNode:node_modules/@babel/helper-create-regexp-features-plugin 1770916055380
3919 silly unfinished npm timer reifyNode:node_modules/@babel/helper-create-class-features-plugin 1770916055380
3920 silly unfinished npm timer reifyNode:node_modules/@babel/helper-compilation-targets 1770916055380
3921 silly unfinished npm timer reifyNode:node_modules/@babel/helper-annotate-as-pure 1770916055380
3922 silly unfinished npm timer reifyNode:node_modules/@babel/generator 1770916055380
3923 silly unfinished npm timer reifyNode:node_modules/@babel/core 1770916055380
3924 silly unfinished npm timer reifyNode:node_modules/@babel/compat-data 1770916055380
3925 silly unfinished npm timer reifyNode:node_modules/@babel/code-frame 1770916055381
3926 silly unfinished npm timer reifyNode:node_modules/@asamuzakjp/css-color 1770916055381
3927 silly unfinished npm timer reifyNode:node_modules/@asamuzakjp/css-color/node_modules/lru-cache 1770916055381
3928 silly unfinished npm timer reifyNode:node_modules/@ampproject/remapping 1770916055381
3929 silly unfinished npm timer reifyNode:node_modules/@achrinza/node-ipc 1770916055381
3930 verbose cwd C:\Users\Yusuf\OneDrive\Desktop\rakez-poject
3931 verbose os Windows_NT 10.0.26200
3932 verbose node v22.16.0
3933 verbose npm  v10.9.2
3934 verbose exit 1
3935 verbose code 1
3936 error A complete log of this run can be found in: C:\Users\Yusuf\OneDrive\Desktop\rakez-poject\.npm-cache\_logs\2026-02-12T17_07_33_791Z-debug-0.log
