0 verbose cli C:\Program Files\nodejs\node.exe C:\Program Files\nodejs\node_modules\npm\bin\npm-cli.js
1 info using npm@10.9.2
2 info using node@v22.16.0
3 silly config load:file:C:\Program Files\nodejs\node_modules\npm\npmrc
4 silly config load:file:C:\Users\Yusuf\OneDrive\Desktop\rakez-poject\.npmrc
5 silly config load:file:C:\Users\Yusuf\.npmrc
6 silly config load:file:C:\Users\Yusuf\AppData\Roaming\npm\etc\npmrc
7 verbose title npm ci
8 verbose argv "ci"
9 verbose logfile logs-max:10 dir:C:\Users\Yusuf\OneDrive\Desktop\rakez-poject\.npm-cache\_logs\2026-02-12T17_09_52_991Z-
10 verbose logfile C:\Users\Yusuf\OneDrive\Desktop\rakez-poject\.npm-cache\_logs\2026-02-12T17_09_52_991Z-debug-0.log
11 silly logfile done cleaning log files
12 silly packumentCache heap:4345298944 maxSize:1086324736 maxEntrySize:543162368
13 silly idealTree buildDeps
14 silly reify moves {}
15 silly audit bulk request {
15 silly audit   '@achrinza/node-ipc': [ '9.2.9' ],
15 silly audit   '@ampproject/remapping': [ '2.3.0' ],
15 silly audit   '@asamuzakjp/css-color': [ '3.2.0' ],
15 silly audit   'lru-cache': [ '10.4.3', '6.0.0', '4.1.5', '5.1.1' ],
15 silly audit   '@babel/code-frame': [ '7.29.0', '7.12.11' ],
15 silly audit   '@babel/compat-data': [ '7.29.0' ],
15 silly audit   '@babel/core': [ '7.28.5' ],
15 silly audit   '@babel/generator': [ '7.29.1' ],
15 silly audit   '@babel/helper-annotate-as-pure': [ '7.27.3' ],
15 silly audit   '@babel/helper-compilation-targets': [ '7.28.6' ],
15 silly audit   '@babel/helper-create-class-features-plugin': [ '7.28.6' ],
15 silly audit   '@babel/helper-create-regexp-features-plugin': [ '7.28.5' ],
15 silly audit   '@babel/helper-define-polyfill-provider': [ '0.6.6' ],
15 silly audit   '@babel/helper-globals': [ '7.28.0' ],
15 silly audit   '@babel/helper-member-expression-to-functions': [ '7.28.5' ],
15 silly audit   '@babel/helper-module-imports': [ '7.28.6' ],
15 silly audit   '@babel/helper-module-transforms': [ '7.28.6' ],
15 silly audit   '@babel/helper-optimise-call-expression': [ '7.27.1' ],
15 silly audit   '@babel/helper-plugin-utils': [ '7.28.6' ],
15 silly audit   '@babel/helper-remap-async-to-generator': [ '7.27.1' ],
15 silly audit   '@babel/helper-replace-supers': [ '7.28.6' ],
15 silly audit   '@babel/helper-skip-transparent-expression-wrappers': [ '7.27.1' ],
15 silly audit   '@babel/helper-string-parser': [ '7.27.1' ],
15 silly audit   '@babel/helper-validator-identifier': [ '7.28.5' ],
15 silly audit   '@babel/helper-validator-option': [ '7.27.1' ],
15 silly audit   '@babel/helper-wrap-function': [ '7.28.6' ],
15 silly audit   '@babel/helpers': [ '7.28.4' ],
15 silly audit   '@babel/highlight': [ '7.25.9' ],
15 silly audit   'ansi-styles': [ '3.2.1', '6.2.3', '5.2.0', '4.3.0' ],
15 silly audit   chalk: [ '2.4.2', '4.1.2', '3.0.0' ],
15 silly audit   'color-convert': [ '1.9.3', '2.0.1' ],
15 silly audit   'color-name': [ '1.1.3', '1.1.4' ],
15 silly audit   'has-flag': [ '3.0.0', '4.0.0' ],
15 silly audit   'supports-color': [ '5.5.0', '8.1.1', '7.2.0' ],
15 silly audit   '@babel/parser': [ '7.29.0' ],
15 silly audit   '@babel/plugin-bugfix-firefox-class-in-computed-class-key': [ '7.28.5' ],
15 silly audit   '@babel/plugin-bugfix-safari-class-field-initializer-scope': [ '7.27.1' ],
15 silly audit   '@babel/plugin-bugfix-safari-id-destructuring-collision-in-function-expression': [ '7.27.1' ],
15 silly audit   '@babel/plugin-bugfix-v8-spread-parameters-in-optional-chaining': [ '7.27.1' ],
15 silly audit   '@babel/plugin-bugfix-v8-static-class-fields-redefine-readonly': [ '7.28.6' ],
15 silly audit   '@babel/plugin-proposal-class-properties': [ '7.18.6' ],
15 silly audit   '@babel/plugin-proposal-decorators': [ '7.29.0' ],
15 silly audit   '@babel/plugin-proposal-private-property-in-object': [ '7.21.0-placeholder-for-preset-env.2' ],
15 silly audit   '@babel/plugin-syntax-decorators': [ '7.28.6' ],
15 silly audit   '@babel/plugin-syntax-dynamic-import': [ '7.8.3' ],
15 silly audit   '@babel/plugin-syntax-import-assertions': [ '7.28.6' ],
15 silly audit   '@babel/plugin-syntax-import-attributes': [ '7.28.6' ],
15 silly audit   '@babel/plugin-syntax-jsx': [ '7.28.6' ],
15 silly audit   '@babel/plugin-syntax-unicode-sets-regex': [ '7.18.6' ],
15 silly audit   '@babel/plugin-transform-arrow-functions': [ '7.27.1' ],
15 silly audit   '@babel/plugin-transform-async-generator-functions': [ '7.29.0' ],
15 silly audit   '@babel/plugin-transform-async-to-generator': [ '7.28.6' ],
15 silly audit   '@babel/plugin-transform-block-scoped-functions': [ '7.27.1' ],
15 silly audit   '@babel/plugin-transform-block-scoping': [ '7.28.6' ],
15 silly audit   '@babel/plugin-transform-class-properties': [ '7.28.6' ],
15 silly audit   '@babel/plugin-transform-class-static-block': [ '7.28.6' ],
15 silly audit   '@babel/plugin-transform-classes': [ '7.28.6' ],
15 silly audit   '@babel/plugin-transform-computed-properties': [ '7.28.6' ],
15 silly audit   '@babel/plugin-transform-destructuring': [ '7.28.5' ],
15 silly audit   '@babel/plugin-transform-dotall-regex': [ '7.28.6' ],
15 silly audit   '@babel/plugin-transform-duplicate-keys': [ '7.27.1' ],
15 silly audit   '@babel/plugin-transform-duplicate-named-capturing-groups-regex': [ '7.29.0' ],
15 silly audit   '@babel/plugin-transform-dynamic-import': [ '7.27.1' ],
15 silly audit   '@babel/plugin-transform-explicit-resource-management': [ '7.28.6' ],
15 silly audit   '@babel/plugin-transform-exponentiation-operator': [ '7.28.6' ],
15 silly audit   '@babel/plugin-transform-export-namespace-from': [ '7.27.1' ],
15 silly audit   '@babel/plugin-transform-for-of': [ '7.27.1' ],
15 silly audit   '@babel/plugin-transform-function-name': [ '7.27.1' ],
15 silly audit   '@babel/plugin-transform-json-strings': [ '7.28.6' ],
15 silly audit   '@babel/plugin-transform-literals': [ '7.27.1' ],
15 silly audit   '@babel/plugin-transform-logical-assignment-operators': [ '7.28.6' ],
15 silly audit   '@babel/plugin-transform-member-expression-literals': [ '7.27.1' ],
15 silly audit   '@babel/plugin-transform-modules-amd': [ '7.27.1' ],
15 silly audit   '@babel/plugin-transform-modules-commonjs': [ '7.28.6' ],
15 silly audit   '@babel/plugin-transform-modules-systemjs': [ '7.29.0' ],
15 silly audit   '@babel/plugin-transform-modules-umd': [ '7.27.1' ],
15 silly audit   '@babel/plugin-transform-named-capturing-groups-regex': [ '7.29.0' ],
15 silly audit   '@babel/plugin-transform-new-target': [ '7.27.1' ],
15 silly audit   '@babel/plugin-transform-nullish-coalescing-operator': [ '7.28.6' ],
15 silly audit   '@babel/plugin-transform-numeric-separator': [ '7.28.6' ],
15 silly audit   '@babel/plugin-transform-object-rest-spread': [ '7.28.6' ],
15 silly audit   '@babel/plugin-transform-object-super': [ '7.27.1' ],
15 silly audit   '@babel/plugin-transform-optional-catch-binding': [ '7.28.6' ],
15 silly audit   '@babel/plugin-transform-optional-chaining': [ '7.28.6' ],
15 silly audit   '@babel/plugin-transform-parameters': [ '7.27.7' ],
15 silly audit   '@babel/plugin-transform-private-methods': [ '7.28.6' ],
15 silly audit   '@babel/plugin-transform-private-property-in-object': [ '7.28.6' ],
15 silly audit   '@babel/plugin-transform-property-literals': [ '7.27.1' ],
15 silly audit   '@babel/plugin-transform-regenerator': [ '7.29.0' ],
15 silly audit   '@babel/plugin-transform-regexp-modifiers': [ '7.28.6' ],
15 silly audit   '@babel/plugin-transform-reserved-words': [ '7.27.1' ],
15 silly audit   '@babel/plugin-transform-runtime': [ '7.29.0' ],
15 silly audit   '@babel/plugin-transform-shorthand-properties': [ '7.27.1' ],
15 silly audit   '@babel/plugin-transform-spread': [ '7.28.6' ],
15 silly audit   '@babel/plugin-transform-sticky-regex': [ '7.27.1' ],
15 silly audit   '@babel/plugin-transform-template-literals': [ '7.27.1' ],
15 silly audit   '@babel/plugin-transform-typeof-symbol': [ '7.27.1' ],
15 silly audit   '@babel/plugin-transform-unicode-escapes': [ '7.27.1' ],
15 silly audit   '@babel/plugin-transform-unicode-property-regex': [ '7.28.6' ],
15 silly audit   '@babel/plugin-transform-unicode-regex': [ '7.27.1' ],
15 silly audit   '@babel/plugin-transform-unicode-sets-regex': [ '7.28.6' ],
15 silly audit   '@babel/preset-env': [ '7.29.0' ],
15 silly audit   'babel-plugin-polyfill-corejs3': [ '0.14.0', '0.13.0' ],
15 silly audit   '@babel/preset-modules': [ '0.1.6-no-external-plugins' ],
15 silly audit   '@babel/runtime': [ '7.28.6' ],
15 silly audit   '@babel/template': [ '7.28.6' ],
15 silly audit   '@babel/traverse': [ '7.29.0' ],
15 silly audit   '@babel/types': [ '7.29.0' ],
15 silly audit   '@bcoe/v8-coverage': [ '0.2.3' ],
15 silly audit   '@csstools/color-helpers': [ '5.1.0' ],
15 silly audit   '@csstools/css-calc': [ '2.1.4' ],
15 silly audit   '@csstools/css-color-parser': [ '3.1.0' ],
15 silly audit   '@csstools/css-parser-algorithms': [ '3.0.5' ],
15 silly audit   '@csstools/css-tokenizer': [ '3.0.4' ],
15 silly audit   '@discoveryjs/json-ext': [ '0.5.7' ],
15 silly audit   '@esbuild/aix-ppc64': [ '0.21.5' ],
15 silly audit   '@esbuild/android-arm': [ '0.21.5' ],
15 silly audit   '@esbuild/android-arm64': [ '0.21.5' ],
15 silly audit   '@esbuild/android-x64': [ '0.21.5' ],
15 silly audit   '@esbuild/darwin-arm64': [ '0.21.5' ],
15 silly audit   '@esbuild/darwin-x64': [ '0.21.5' ],
15 silly audit   '@esbuild/freebsd-arm64': [ '0.21.5' ],
15 silly audit   '@esbuild/freebsd-x64': [ '0.21.5' ],
15 silly audit   '@esbuild/linux-arm': [ '0.21.5' ],
15 silly audit   '@esbuild/linux-arm64': [ '0.21.5' ],
15 silly audit   '@esbuild/linux-ia32': [ '0.21.5' ],
15 silly audit   '@esbuild/linux-loong64': [ '0.21.5' ],
15 silly audit   '@esbuild/linux-mips64el': [ '0.21.5' ],
15 silly audit   '@esbuild/linux-ppc64': [ '0.21.5' ],
15 silly audit   '@esbuild/linux-riscv64': [ '0.21.5' ],
15 silly audit   '@esbuild/linux-s390x': [ '0.21.5' ],
15 silly audit   '@esbuild/linux-x64': [ '0.21.5' ],
15 silly audit   '@esbuild/netbsd-x64': [ '0.21.5' ],
15 silly audit   '@esbuild/openbsd-x64': [ '0.21.5' ],
15 silly audit   '@esbuild/sunos-x64': [ '0.21.5' ],
15 silly audit   '@esbuild/win32-arm64': [ '0.21.5' ],
15 silly audit   '@esbuild/win32-ia32': [ '0.21.5' ],
15 silly audit   '@esbuild/win32-x64': [ '0.21.5' ],
15 silly audit   '@eslint/eslintrc': [ '0.4.3' ],
15 silly audit   ignore: [ '4.0.6', '5.3.2' ],
15 silly audit   '@hapi/hoek': [ '9.3.0' ],
15 silly audit   '@hapi/topo': [ '5.1.0' ],
15 silly audit   '@humanwhocodes/config-array': [ '0.5.0' ],
15 silly audit   '@humanwhocodes/object-schema': [ '1.2.1' ],
15 silly audit   '@inquirer/ansi': [ '1.0.2' ],
15 silly audit   '@inquirer/confirm': [ '5.1.21' ],
15 silly audit   '@inquirer/core': [ '10.3.2' ],
15 silly audit   'signal-exit': [ '4.1.0', '3.0.7' ],
15 silly audit   'wrap-ansi': [ '6.2.0', '8.1.0', '3.0.1', '7.0.0' ],
15 silly audit   '@inquirer/figures': [ '1.0.15' ],
15 silly audit   '@inquirer/type': [ '3.0.10' ],
15 silly audit   '@intlify/core-base': [ '9.14.5' ],
15 silly audit   '@intlify/message-compiler': [ '9.14.5' ],
15 silly audit   '@intlify/shared': [ '9.14.5' ],
15 silly audit   '@isaacs/cliui': [ '8.0.2' ],
15 silly audit   'ansi-regex': [ '6.2.2', '5.0.1', '3.0.1' ],
15 silly audit   'emoji-regex': [ '9.2.2', '8.0.0' ],
15 silly audit   'string-width': [ '5.1.2', '2.1.1', '4.2.3' ],
15 silly audit   'strip-ansi': [ '7.1.2', '4.0.0', '6.0.1' ],
15 silly audit   '@istanbuljs/schema': [ '0.1.3' ],
15 silly audit   '@jest/environment': [ '30.2.0' ],
15 silly audit   '@jest/environment-jsdom-abstract': [ '30.2.0' ],
15 silly audit   '@jest/fake-timers': [ '30.2.0' ],
15 silly audit   '@jest/pattern': [ '30.0.1' ],
15 silly audit   '@jest/schemas': [ '30.0.5', '29.6.3' ],
15 silly audit   '@jest/types': [ '30.2.0' ],
15 silly audit   '@jridgewell/gen-mapping': [ '0.3.13' ],
15 silly audit   '@jridgewell/remapping': [ '2.3.5' ],
15 silly audit   '@jridgewell/resolve-uri': [ '3.1.2' ],
15 silly audit   '@jridgewell/source-map': [ '0.3.11' ],
15 silly audit   '@jridgewell/sourcemap-codec': [ '1.5.5' ],
15 silly audit   '@jridgewell/trace-mapping': [ '0.3.31' ],
15 silly audit   '@leichtgewicht/ip-codec': [ '2.0.5' ],
15 silly audit   '@mswjs/interceptors': [ '0.41.2' ],
15 silly audit   '@node-ipc/js-queue': [ '2.0.3' ],
15 silly audit   '@nodelib/fs.scandir': [ '2.1.5' ],
15 silly audit   '@nodelib/fs.stat': [ '2.0.5' ],
15 silly audit   '@nodelib/fs.walk': [ '1.2.8' ],
15 silly audit   '@one-ini/wasm': [ '0.1.1' ],
15 silly audit   '@open-draft/deferred-promise': [ '2.2.0' ],
15 silly audit   '@open-draft/logger': [ '0.3.0' ],
15 silly audit   '@open-draft/until': [ '2.1.0' ],
15 silly audit   '@pdf-lib/fontkit': [ '1.1.1' ],
15 silly audit   '@pdf-lib/standard-fonts': [ '1.0.0' ],
15 silly audit   '@pdf-lib/upng': [ '1.0.1' ],
15 silly audit   '@pkgjs/parseargs': [ '0.11.0' ],
15 silly audit   '@polka/url': [ '1.0.0-next.29' ],
15 silly audit   '@rollup/rollup-android-arm-eabi': [ '4.57.1' ],
15 silly audit   '@rollup/rollup-android-arm64': [ '4.57.1' ],
15 silly audit   '@rollup/rollup-darwin-arm64': [ '4.57.1' ],
15 silly audit   '@rollup/rollup-darwin-x64': [ '4.57.1' ],
15 silly audit   '@rollup/rollup-freebsd-arm64': [ '4.57.1' ],
15 silly audit   '@rollup/rollup-freebsd-x64': [ '4.57.1' ],
15 silly audit   '@rollup/rollup-linux-arm-gnueabihf': [ '4.57.1' ],
15 silly audit   '@rollup/rollup-linux-arm-musleabihf': [ '4.57.1' ],
15 silly audit   '@rollup/rollup-linux-arm64-gnu': [ '4.57.1' ],
15 silly audit   '@rollup/rollup-linux-arm64-musl': [ '4.57.1' ],
15 silly audit   '@rollup/rollup-linux-loong64-gnu': [ '4.57.1' ],
15 silly audit   '@rollup/rollup-linux-loong64-musl': [ '4.57.1' ],
15 silly audit   '@rollup/rollup-linux-ppc64-gnu': [ '4.57.1' ],
15 silly audit   '@rollup/rollup-linux-ppc64-musl': [ '4.57.1' ],
15 silly audit   '@rollup/rollup-linux-riscv64-gnu': [ '4.57.1' ],
15 silly audit   '@rollup/rollup-linux-riscv64-musl': [ '4.57.1' ],
15 silly audit   '@rollup/rollup-linux-s390x-gnu': [ '4.57.1' ],
15 silly audit   '@rollup/rollup-linux-x64-gnu': [ '4.57.1' ],
15 silly audit   '@rollup/rollup-linux-x64-musl': [ '4.57.1' ],
15 silly audit   '@rollup/rollup-openbsd-x64': [ '4.57.1' ],
15 silly audit   '@rollup/rollup-openharmony-arm64': [ '4.57.1' ],
15 silly audit   '@rollup/rollup-win32-arm64-msvc': [ '4.57.1' ],
15 silly audit   '@rollup/rollup-win32-ia32-msvc': [ '4.57.1' ],
15 silly audit   '@rollup/rollup-win32-x64-gnu': [ '4.57.1' ],
15 silly audit   '@rollup/rollup-win32-x64-msvc': [ '4.57.1' ],
15 silly audit   '@sideway/address': [ '4.1.5' ],
15 silly audit   '@sideway/formula': [ '3.0.1' ],
15 silly audit   '@sideway/pinpoint': [ '2.0.0' ],
15 silly audit   '@sinclair/typebox': [ '0.34.48', '0.27.10' ],
15 silly audit   '@sinonjs/commons': [ '3.0.1' ],
15 silly audit   '@sinonjs/fake-timers': [ '13.0.5' ],
15 silly audit   '@soda/friendly-errors-webpack-plugin': [ '1.8.1' ],
15 silly audit   '@soda/get-current-script': [ '1.0.2' ],
15 silly audit   '@testing-library/dom': [ '9.3.4' ],
15 silly audit   'pretty-format': [ '27.5.1', '29.7.0', '30.2.0' ],
15 silly audit   'react-is': [ '17.0.2', '18.3.1' ],
15 silly audit   '@testing-library/vue': [ '8.1.0' ],
15 silly audit   '@tootallnate/once': [ '2.0.0' ],
15 silly audit   '@trysound/sax': [ '0.2.0' ],
15 silly audit   '@types/aria-query': [ '5.0.4' ],
15 silly audit   '@types/body-parser': [ '1.19.6' ],
15 silly audit   '@types/bonjour': [ '3.5.13' ],
15 silly audit   '@types/connect': [ '3.4.38' ],
15 silly audit   '@types/connect-history-api-fallback': [ '1.5.4' ],
15 silly audit   '@types/eslint': [ '8.56.12' ],
15 silly audit   '@types/eslint-scope': [ '3.7.7' ],
15 silly audit   '@types/estree': [ '1.0.8' ],
15 silly audit   '@types/express': [ '4.17.25' ],
15 silly audit   '@types/express-serve-static-core': [ '5.1.0', '4.19.7' ],
15 silly audit   '@types/html-minifier-terser': [ '6.1.0' ],
15 silly audit   '@types/http-errors': [ '2.0.5' ],
15 silly audit   '@types/http-proxy': [ '1.17.17' ],
15 silly audit   '@types/istanbul-lib-coverage': [ '2.0.6' ],
15 silly audit   '@types/istanbul-lib-report': [ '3.0.3' ],
15 silly audit   '@types/istanbul-reports': [ '3.0.4' ],
15 silly audit   '@types/jsdom': [ '21.1.7' ],
15 silly audit   entities: [ '6.0.1', '2.2.0', '4.5.0' ],
15 silly audit   parse5: [ '7.3.0', '5.1.1', '6.0.1' ],
15 silly audit   '@types/json-schema': [ '7.0.15' ],
15 silly audit   '@types/mime': [ '1.3.5' ],
15 silly audit   '@types/minimist': [ '1.2.5' ],
15 silly audit   '@types/node': [ '25.0.2' ],
15 silly audit   '@types/node-forge': [ '1.3.14' ],
15 silly audit   '@types/normalize-package-data': [ '2.4.4' ],
15 silly audit   '@types/parse-json': [ '4.0.2' ],
15 silly audit   '@types/qs': [ '6.14.0' ],
15 silly audit   '@types/range-parser': [ '1.2.7' ],
15 silly audit   '@types/retry': [ '0.12.0' ],
15 silly audit   '@types/send': [ '1.2.1', '0.17.6' ],
15 silly audit   '@types/serve-index': [ '1.9.4' ],
15 silly audit   '@types/serve-static': [ '1.15.10' ],
15 silly audit   '@types/sockjs': [ '0.3.36' ],
15 silly audit   '@types/stack-utils': [ '2.0.3' ],
15 silly audit   '@types/statuses': [ '2.0.6' ],
15 silly audit   '@types/tough-cookie': [ '4.0.5' ],
15 silly audit   '@types/trusted-types': [ '2.0.7' ],
15 silly audit   '@types/ws': [ '8.18.1' ],
15 silly audit   '@types/yargs': [ '17.0.35' ],
15 silly audit   '@types/yargs-parser': [ '21.0.3' ],
15 silly audit   '@vitejs/plugin-vue': [ '4.6.2' ],
15 silly audit   '@vitest/coverage-v8': [ '1.6.1' ],
15 silly audit   '@vitest/expect': [ '1.6.1' ],
15 silly audit   '@vitest/runner': [ '1.6.1' ],
15 silly audit   'p-limit': [ '5.0.0', '2.3.0' ],
15 silly audit   '@vitest/snapshot': [ '1.6.1' ],
15 silly audit   '@vitest/spy': [ '1.6.1' ],
15 silly audit   '@vitest/ui': [ '1.6.1' ],
15 silly audit   '@vitest/utils': [ '1.6.1' ],
15 silly audit   'estree-walker': [ '3.0.3', '2.0.2' ],
15 silly audit   '@vue/babel-helper-vue-jsx-merge-props': [ '1.4.0' ],
15 silly audit   '@vue/babel-helper-vue-transform-on': [ '1.5.0' ],
15 silly audit   '@vue/babel-plugin-jsx': [ '1.5.0' ],
15 silly audit   '@vue/babel-plugin-resolve-type': [ '1.5.0' ],
15 silly audit   '@vue/babel-plugin-transform-vue-jsx': [ '1.4.0' ],
15 silly audit   '@vue/babel-preset-app': [ '5.0.9' ],
15 silly audit   semver: [ '7.7.4', '7.7.3', '5.7.2', '6.3.1' ],
15 silly audit   '@vue/babel-preset-jsx': [ '1.4.0' ],
15 silly audit   '@vue/babel-sugar-composition-api-inject-h': [ '1.4.0' ],
15 silly audit   '@vue/babel-sugar-composition-api-render-instance': [ '1.4.0' ],
15 silly audit   '@vue/babel-sugar-functional-vue': [ '1.4.0' ],
15 silly audit   '@vue/babel-sugar-inject-h': [ '1.4.0' ],
15 silly audit   '@vue/babel-sugar-v-model': [ '1.4.0' ],
15 silly audit   '@vue/babel-sugar-v-on': [ '1.4.0' ],
15 silly audit   '@vue/cli-overlay': [ '5.0.9' ],
15 silly audit   '@vue/cli-plugin-babel': [ '5.0.9' ],
15 silly audit   '@vue/cli-plugin-eslint': [ '5.0.9' ],
15 silly audit   '@vue/cli-plugin-router': [ '5.0.9' ],
15 silly audit   '@vue/cli-plugin-vuex': [ '5.0.9' ],
15 silly audit   '@vue/cli-service': [ '5.0.9' ],
15 silly audit   '@vue/cli-shared-utils': [ '5.0.9' ],
15 silly audit   yallist: [ '4.0.0', '2.1.2', '3.1.1' ],
15 silly audit   '@vue/compiler-core': [ '3.5.25' ],
15 silly audit   '@vue/compiler-dom': [ '3.5.25' ],
15 silly audit   '@vue/compiler-sfc': [ '3.5.25' ],
15 silly audit   '@vue/compiler-ssr': [ '3.5.25' ],
15 silly audit   '@vue/component-compiler-utils': [ '3.3.0' ],
15 silly audit   'hash-sum': [ '1.0.2', '2.0.0' ],
15 silly audit   picocolors: [ '0.2.1', '1.1.1' ],
15 silly audit   postcss: [ '7.0.39', '8.5.6' ],
15 silly audit   '@vue/devtools-api': [ '6.6.4', '7.7.9' ],
15 silly audit   '@vue/devtools-kit': [ '7.7.9' ],
15 silly audit   '@vue/devtools-shared': [ '7.7.9' ],
15 silly audit   '@vue/eslint-config-prettier': [ '7.1.0' ],
15 silly audit   'eslint-config-prettier': [ '8.10.2', '10.1.8' ],
15 silly audit   'eslint-plugin-prettier': [ '4.2.5', '3.4.1' ],
15 silly audit   '@vue/reactivity': [ '3.5.25' ],
15 silly audit   '@vue/runtime-core': [ '3.5.25' ],
15 silly audit   '@vue/runtime-dom': [ '3.5.25' ],
15 silly audit   '@vue/server-renderer': [ '3.5.25' ],
15 silly audit   '@vue/shared': [ '3.5.25' ],
15 silly audit   '@vue/test-utils': [ '2.4.6' ],
15 silly audit   'vue-loader': [ '15.11.1', '17.4.2' ],
15 silly audit   '@vue/web-component-wrapper': [ '1.3.0' ],
15 silly audit   '@webassemblyjs/ast': [ '1.14.1' ],
15 silly audit   '@webassemblyjs/floating-point-hex-parser': [ '1.13.2' ],
15 silly audit   '@webassemblyjs/helper-api-error': [ '1.13.2' ],
15 silly audit   '@webassemblyjs/helper-buffer': [ '1.14.1' ],
15 silly audit   '@webassemblyjs/helper-numbers': [ '1.13.2' ],
15 silly audit   '@webassemblyjs/helper-wasm-bytecode': [ '1.13.2' ],
15 silly audit   '@webassemblyjs/helper-wasm-section': [ '1.14.1' ],
15 silly audit   '@webassemblyjs/ieee754': [ '1.13.2' ],
15 silly audit   '@webassemblyjs/leb128': [ '1.13.2' ],
15 silly audit   '@webassemblyjs/utf8': [ '1.13.2' ],
15 silly audit   '@webassemblyjs/wasm-edit': [ '1.14.1' ],
15 silly audit   '@webassemblyjs/wasm-gen': [ '1.14.1' ],
15 silly audit   '@webassemblyjs/wasm-opt': [ '1.14.1' ],
15 silly audit   '@webassemblyjs/wasm-parser': [ '1.14.1' ],
15 silly audit   '@webassemblyjs/wast-printer': [ '1.14.1' ],
15 silly audit   '@xtuc/ieee754': [ '1.2.0' ],
15 silly audit   '@xtuc/long': [ '4.2.2' ],
15 silly audit   abab: [ '2.0.6' ],
15 silly audit   abbrev: [ '2.0.0' ],
15 silly audit   accepts: [ '1.3.8' ],
15 silly audit   negotiator: [ '0.6.3', '0.6.4' ],
15 silly audit   acorn: [ '8.15.0', '7.4.1' ],
15 silly audit   'acorn-import-phases': [ '1.0.4' ],
15 silly audit   'acorn-jsx': [ '5.3.2' ],
15 silly audit   'acorn-walk': [ '8.3.4' ],
15 silly audit   address: [ '1.2.2' ],
15 silly audit   'agent-base': [ '6.0.2', '7.1.4' ],
15 silly audit   ajv: [ '6.12.6', '8.17.1' ],
15 silly audit   'ajv-formats': [ '2.1.1' ],
15 silly audit   'json-schema-traverse': [ '1.0.0', '0.4.1' ],
15 silly audit   'ajv-keywords': [ '3.5.2', '5.1.0' ],
15 silly audit   'ansi-colors': [ '4.1.3' ],
15 silly audit   'ansi-escapes': [ '3.2.0' ],
15 silly audit   'ansi-html-community': [ '0.0.8' ],
15 silly audit   'any-promise': [ '1.3.0' ],
15 silly audit   anymatch: [ '3.1.3' ],
15 silly audit   arch: [ '2.2.0' ],
15 silly audit   argparse: [ '1.0.10' ],
15 silly audit   'aria-query': [ '5.1.3' ],
15 silly audit   'array-buffer-byte-length': [ '1.0.2' ],
15 silly audit   'array-flatten': [ '1.1.1' ],
15 silly audit   'array-union': [ '2.1.0' ],
15 silly audit   'assertion-error': [ '1.1.0' ],
15 silly audit   'astral-regex': [ '2.0.0' ],
15 silly audit   async: [ '3.2.6' ],
15 silly audit   asynckit: [ '0.4.0' ],
15 silly audit   'at-least-node': [ '1.0.0' ],
15 silly audit   autoprefixer: [ '10.4.23' ],
15 silly audit   'available-typed-arrays': [ '1.0.7' ],
15 silly audit   axios: [ '1.13.2' ],
15 silly audit   'axios-mock-adapter': [ '1.22.0' ],
15 silly audit   'babel-loader': [ '8.4.1' ],
15 silly audit   'loader-utils': [ '2.0.4', '1.4.2' ],
15 silly audit   'babel-plugin-dynamic-import-node': [ '2.3.3' ],
15 silly audit   'babel-plugin-polyfill-corejs2': [ '0.4.15' ],
15 silly audit   'babel-plugin-polyfill-regenerator': [ '0.6.6' ],
15 silly audit   'balanced-match': [ '1.0.2' ],
15 silly audit   'base64-js': [ '1.5.1' ],
15 silly audit   'baseline-browser-mapping': [ '2.9.7' ],
15 silly audit   batch: [ '0.6.1' ],
15 silly audit   'big.js': [ '5.2.2' ],
15 silly audit   'binary-extensions': [ '2.3.0' ],
15 silly audit   birpc: [ '2.9.0' ],
15 silly audit   bl: [ '4.1.0' ],
15 silly audit   bluebird: [ '3.7.2' ],
15 silly audit   'body-parser': [ '1.20.4' ],
15 silly audit   debug: [ '2.6.9', '4.4.3' ],
15 silly audit   ms: [ '2.0.0', '2.1.3' ],
15 silly audit   'bonjour-service': [ '1.3.0' ],
15 silly audit   boolbase: [ '1.0.0' ],
15 silly audit   'brace-expansion': [ '1.1.12', '2.0.2' ],
15 silly audit   braces: [ '3.0.3' ],
15 silly audit   browserslist: [ '4.28.1' ],
15 silly audit   buffer: [ '5.7.1' ],
15 silly audit   'buffer-from': [ '1.1.2' ],
15 silly audit   bytes: [ '3.1.2' ],
15 silly audit   cac: [ '6.7.14' ],
15 silly audit   'call-bind': [ '1.0.8' ],
15 silly audit   'call-bind-apply-helpers': [ '1.0.2' ],
15 silly audit   'call-bound': [ '1.0.4' ],
15 silly audit   callsites: [ '3.1.0' ],
15 silly audit   'camel-case': [ '4.1.2' ],
15 silly audit   camelcase: [ '5.3.1' ],
15 silly audit   'caniuse-api': [ '3.0.0' ],
15 silly audit   'caniuse-lite': [ '1.0.30001760' ],
15 silly audit   'case-sensitive-paths-webpack-plugin': [ '2.4.0' ],
15 silly audit   chai: [ '4.5.0' ],
15 silly audit   'type-detect': [ '4.1.0', '4.0.8' ],
15 silly audit   'check-error': [ '1.0.3' ],
15 silly audit   chokidar: [ '3.6.0' ],
15 silly audit   'glob-parent': [ '5.1.2', '6.0.2' ],
15 silly audit   'chrome-trace-event': [ '1.0.4' ],
15 silly audit   'ci-info': [ '1.6.0', '4.4.0' ],
15 silly audit   'clean-css': [ '5.3.3' ],
15 silly audit   'cli-cursor': [ '3.1.0', '2.1.0' ],
15 silly audit   'cli-highlight': [ '2.1.11' ],
15 silly audit   'cli-spinners': [ '2.9.2' ],
15 silly audit   'cli-width': [ '4.1.0' ],
15 silly audit   clipboardy: [ '2.3.0' ],
15 silly audit   cliui: [ '7.0.4', '8.0.1' ],
15 silly audit   clone: [ '1.0.4' ],
15 silly audit   'clone-deep': [ '4.0.1' ],
15 silly audit   colord: [ '2.9.3' ],
15 silly audit   colorette: [ '2.0.20' ],
15 silly audit   'combined-stream': [ '1.0.8' ],
15 silly audit   commander: [ '8.3.0', '10.0.1', '7.2.0', '2.20.3' ],
15 silly audit   commondir: [ '1.0.1' ],
15 silly audit   compressible: [ '2.0.18' ],
15 silly audit   compression: [ '1.8.1' ],
15 silly audit   'concat-map': [ '0.0.1' ],
15 silly audit   confbox: [ '0.1.8' ],
15 silly audit   'config-chain': [ '1.1.13' ],
15 silly audit   'connect-history-api-fallback': [ '2.0.0' ],
15 silly audit   consolidate: [ '0.15.1' ],
15 silly audit   'content-disposition': [ '0.5.4' ],
15 silly audit   'content-type': [ '1.0.5' ],
15 silly audit   'convert-source-map': [ '2.0.0' ],
15 silly audit   cookie: [ '0.7.2', '1.1.1' ],
15 silly audit   'cookie-signature': [ '1.0.7' ],
15 silly audit   'copy-anything': [ '4.0.5' ],
15 silly audit   'copy-webpack-plugin': [ '9.1.0' ],
15 silly audit   'schema-utils': [ '3.3.0', '4.3.3', '2.7.1' ],
15 silly audit   'core-js': [ '3.48.0' ],
15 silly audit   'core-js-compat': [ '3.48.0' ],
15 silly audit   'core-util-is': [ '1.0.3' ],
15 silly audit   cosmiconfig: [ '7.1.0' ],
15 silly audit   'cross-spawn': [ '6.0.6', '7.0.6', '5.1.0' ],
15 silly audit   'css-declaration-sorter': [ '6.4.1' ],
15 silly audit   'css-loader': [ '6.11.0' ],
15 silly audit   'css-minimizer-webpack-plugin': [ '3.4.1' ],
15 silly audit   'css-select': [ '4.3.0' ],
15 silly audit   'css-tree': [ '1.1.3' ],
15 silly audit   'css-what': [ '6.2.2' ],
15 silly audit   cssesc: [ '3.0.0' ],
15 silly audit   cssnano: [ '5.1.15' ],
15 silly audit   'cssnano-preset-default': [ '5.2.14' ],
15 silly audit   'cssnano-utils': [ '3.1.0' ],
15 silly audit   csso: [ '4.2.0' ],
15 silly audit   cssstyle: [ '3.0.0', '4.6.0' ],
15 silly audit   csstype: [ '3.2.3' ],
15 silly audit   'data-urls': [ '4.0.0', '5.0.0' ],
15 silly audit   tr46: [ '4.1.1', '5.1.1', '0.0.3' ],
15 silly audit   'webidl-conversions': [ '7.0.0', '3.0.1' ],
15 silly audit   'whatwg-url': [ '12.0.1', '14.2.0', '5.0.0' ],
15 silly audit   debounce: [ '1.2.1' ],
15 silly audit   'decimal.js': [ '10.6.0' ],
15 silly audit   'deep-eql': [ '4.1.4' ],
15 silly audit   'deep-equal': [ '2.2.3' ],
15 silly audit   isarray: [ '2.0.5', '1.0.0' ],
15 silly audit   'deep-is': [ '0.1.4' ],
15 silly audit   deepmerge: [ '1.5.2' ],
15 silly audit   'default-gateway': [ '6.0.3' ],
15 silly audit   execa: [ '5.1.1', '1.0.0', '8.0.1', '0.8.0' ],
15 silly audit   'get-stream': [ '6.0.1', '4.1.0', '8.0.1', '3.0.0' ],
15 silly audit   'is-stream': [ '2.0.1', '1.1.0', '3.0.0' ],
15 silly audit   'npm-run-path': [ '4.0.1', '2.0.2', '5.3.0' ],
15 silly audit   'path-key': [ '3.1.1', '2.0.1', '4.0.0' ],
15 silly audit   'shebang-command': [ '2.0.0', '1.2.0' ],
15 silly audit   'shebang-regex': [ '3.0.0', '1.0.0' ],
15 silly audit   which: [ '2.0.2', '1.3.1' ],
15 silly audit   defaults: [ '1.0.4' ],
15 silly audit   'define-data-property': [ '1.1.4' ],
15 silly audit   'define-lazy-prop': [ '2.0.0' ],
15 silly audit   'define-properties': [ '1.2.1' ],
15 silly audit   'delayed-stream': [ '1.0.0' ],
15 silly audit   depd: [ '2.0.0', '1.1.2' ],
15 silly audit   destroy: [ '1.2.0' ],
15 silly audit   'detect-node': [ '2.1.0' ],
15 silly audit   'diff-sequences': [ '29.6.3' ],
15 silly audit   'dir-glob': [ '3.0.1' ],
15 silly audit   'dns-packet': [ '5.6.1' ],
15 silly audit   doctrine: [ '3.0.0' ],
15 silly audit   'dom-accessibility-api': [ '0.5.16' ],
15 silly audit   'dom-converter': [ '0.2.0' ],
15 silly audit   'dom-serializer': [ '1.4.1' ],
15 silly audit   domelementtype: [ '2.3.0' ],
15 silly audit   domexception: [ '4.0.0' ],
15 silly audit   domhandler: [ '4.3.1' ],
15 silly audit   dompurify: [ '3.3.1' ],
15 silly audit   domutils: [ '2.8.0' ],
15 silly audit   'dot-case': [ '3.0.4' ],
15 silly audit   dotenv: [ '10.0.0' ],
15 silly audit   'dotenv-expand': [ '5.1.0' ],
15 silly audit   'dunder-proto': [ '1.0.1' ],
15 silly audit   duplexer: [ '0.1.2' ],
15 silly audit   eastasianwidth: [ '0.2.0' ],
15 silly audit   'easy-stack': [ '1.0.1' ],
15 silly audit   editorconfig: [ '1.0.4' ],
15 silly audit   minimatch: [ '9.0.1', '9.0.5', '3.1.2' ],
15 silly audit   'ee-first': [ '1.1.1' ],
15 silly audit   'electron-to-chromium': [ '1.5.267' ],
15 silly audit   'emojis-list': [ '3.0.0' ],
15 silly audit   encodeurl: [ '2.0.0', '1.0.2' ],
15 silly audit   'end-of-stream': [ '1.4.5' ],
15 silly audit   'enhanced-resolve': [ '5.19.0' ],
15 silly audit   enquirer: [ '2.4.1' ],
15 silly audit   'error-ex': [ '1.3.4' ],
15 silly audit   'error-stack-parser': [ '2.1.4' ],
15 silly audit   'es-define-property': [ '1.0.1' ],
15 silly audit   'es-errors': [ '1.3.0' ],
15 silly audit   'es-get-iterator': [ '1.1.3' ],
15 silly audit   'es-module-lexer': [ '2.0.0' ],
15 silly audit   'es-object-atoms': [ '1.1.1' ],
15 silly audit   'es-set-tostringtag': [ '2.1.0' ],
15 silly audit   esbuild: [ '0.21.5' ],
15 silly audit   escalade: [ '3.2.0' ],
15 silly audit   'escape-html': [ '1.0.3' ],
15 silly audit   'escape-string-regexp': [ '1.0.5', '4.0.0', '2.0.0' ],
15 silly audit   eslint: [ '7.32.0' ],
15 silly audit   'eslint-plugin-vue': [ '8.7.1' ],
15 silly audit   'eslint-scope': [ '5.1.1', '7.2.2' ],
15 silly audit   'eslint-utils': [ '3.0.0', '2.1.0' ],
15 silly audit   'eslint-visitor-keys': [ '2.1.0', '1.3.0', '3.4.3' ],
15 silly audit   'eslint-webpack-plugin': [ '3.2.0' ],
15 silly audit   'jest-worker': [ '28.1.3', '27.5.1' ],
15 silly audit   espree: [ '7.3.1', '9.6.1' ],
15 silly audit   esprima: [ '4.0.1' ],
15 silly audit   esquery: [ '1.6.0' ],
15 silly audit   estraverse: [ '5.3.0', '4.3.0' ],
15 silly audit   esrecurse: [ '4.3.0' ],
15 silly audit   esutils: [ '2.0.3' ],
15 silly audit   etag: [ '1.8.1' ],
15 silly audit   'event-pubsub': [ '4.3.0' ],
15 silly audit   eventemitter3: [ '4.0.7' ],
15 silly audit   events: [ '3.3.0' ],
15 silly audit   express: [ '4.22.1' ],
15 silly audit   'fast-deep-equal': [ '3.1.3' ],
15 silly audit   'fast-diff': [ '1.3.0' ],
15 silly audit   'fast-glob': [ '3.3.3' ],
15 silly audit   'fast-json-stable-stringify': [ '2.1.0' ],
15 silly audit   'fast-levenshtein': [ '2.0.6' ],
15 silly audit   'fast-uri': [ '3.1.0' ],
15 silly audit   fastq: [ '1.19.1' ],
15 silly audit   'faye-websocket': [ '0.11.4' ],
15 silly audit   fflate: [ '0.8.2' ],
15 silly audit   figures: [ '2.0.0' ],
15 silly audit   'file-entry-cache': [ '6.0.1' ],
15 silly audit   'fill-range': [ '7.1.1' ],
15 silly audit   finalhandler: [ '1.3.2' ],
15 silly audit   'find-cache-dir': [ '3.3.2' ],
15 silly audit   'find-up': [ '4.1.0' ],
15 silly audit   flat: [ '5.0.2' ],
15 silly audit   'flat-cache': [ '3.2.0' ],
15 silly audit   flatted: [ '3.3.3' ],
15 silly audit   'follow-redirects': [ '1.15.11' ],
15 silly audit   'for-each': [ '0.3.5' ],
15 silly audit   'foreground-child': [ '3.3.1' ],
15 silly audit   'form-data': [ '4.0.5' ],
15 silly audit   forwarded: [ '0.2.0' ],
15 silly audit   'fraction.js': [ '5.3.4' ],
15 silly audit   fresh: [ '0.5.2' ],
15 silly audit   'fs-extra': [ '9.1.0' ],
15 silly audit   'fs-monkey': [ '1.1.0' ],
15 silly audit   'fs.realpath': [ '1.0.0' ],
15 silly audit   fsevents: [ '2.3.3' ],
15 silly audit   'function-bind': [ '1.1.2' ],
15 silly audit   'functional-red-black-tree': [ '1.0.1' ],
15 silly audit   'functions-have-names': [ '1.2.3' ],
15 silly audit   gensync: [ '1.0.0-beta.2' ],
15 silly audit   'get-caller-file': [ '2.0.5' ],
15 silly audit   'get-func-name': [ '2.0.2' ],
15 silly audit   'get-intrinsic': [ '1.3.0' ],
15 silly audit   'get-proto': [ '1.0.1' ],
15 silly audit   glob: [ '7.2.3', '10.5.0' ],
15 silly audit   'glob-to-regexp': [ '0.4.1' ],
15 silly audit   globals: [ '13.24.0' ],
15 silly audit   'type-fest': [ '0.20.2', '5.4.3', '0.8.1', '0.6.0' ],
15 silly audit   globby: [ '11.1.0' ],
15 silly audit   gopd: [ '1.2.0' ],
15 silly audit   'graceful-fs': [ '4.2.11' ],
15 silly audit   graphql: [ '16.12.0' ],
15 silly audit   'gzip-size': [ '6.0.0' ],
15 silly audit   'handle-thing': [ '2.0.1' ],
15 silly audit   'has-bigints': [ '1.1.0' ],
15 silly audit   'has-property-descriptors': [ '1.0.2' ],
15 silly audit   'has-symbols': [ '1.1.0' ],
15 silly audit   'has-tostringtag': [ '1.0.2' ],
15 silly audit   hasown: [ '2.0.2' ],
15 silly audit   he: [ '1.2.0' ],
15 silly audit   'headers-polyfill': [ '4.0.3' ],
15 silly audit   'highlight.js': [ '10.7.3' ],
15 silly audit   hookable: [ '5.5.3' ],
15 silly audit   'hosted-git-info': [ '2.8.9' ],
15 silly audit   'hpack.js': [ '2.1.6' ],
15 silly audit   'readable-stream': [ '2.3.8', '3.6.2' ],
15 silly audit   'safe-buffer': [ '5.1.2', '5.2.1' ],
15 silly audit   string_decoder: [ '1.1.1', '1.3.0' ],
15 silly audit   'html-encoding-sniffer': [ '3.0.0', '4.0.0' ],
15 silly audit   'html-entities': [ '2.6.0' ],
15 silly audit   'html-escaper': [ '2.0.2' ],
15 silly audit   'html-minifier-terser': [ '6.1.0' ],
15 silly audit   'html-tags': [ '2.0.0' ],
15 silly audit   'html-webpack-plugin': [ '5.6.5' ],
15 silly audit   htmlparser2: [ '6.1.0' ],
15 silly audit   'http-deceiver': [ '1.2.7' ],
15 silly audit   'http-errors': [ '2.0.1', '2.0.0', '1.6.3' ],
15 silly audit   'http-parser-js': [ '0.5.10' ],
15 silly audit   'http-proxy': [ '1.18.1' ],
15 silly audit   'http-proxy-agent': [ '5.0.0', '7.0.2' ],
15 silly audit   'http-proxy-middleware': [ '2.0.9' ],
15 silly audit   'https-proxy-agent': [ '5.0.1', '7.0.6' ],
15 silly audit   'human-signals': [ '2.1.0', '5.0.0' ],
15 silly audit   'iconv-lite': [ '0.4.24', '0.6.3' ],
15 silly audit   'icss-utils': [ '5.1.0' ],
15 silly audit   ieee754: [ '1.2.1' ],
15 silly audit   'import-fresh': [ '3.3.1' ],
15 silly audit   imurmurhash: [ '0.1.4' ],
15 silly audit   inflight: [ '1.0.6' ],
15 silly audit   inherits: [ '2.0.4', '2.0.3' ],
15 silly audit   ini: [ '1.3.8' ],
15 silly audit   'internal-slot': [ '1.1.0' ],
15 silly audit   'ipaddr.js': [ '2.3.0', '1.9.1' ],
15 silly audit   'is-arguments': [ '1.2.0' ],
15 silly audit   'is-array-buffer': [ '3.0.5' ],
15 silly audit   'is-arrayish': [ '0.2.1' ],
15 silly audit   'is-bigint': [ '1.1.0' ],
15 silly audit   'is-binary-path': [ '2.1.0' ],
15 silly audit   'is-boolean-object': [ '1.2.2' ],
15 silly audit   'is-buffer': [ '2.0.5' ],
15 silly audit   'is-callable': [ '1.2.7' ],
15 silly audit   'is-ci': [ '1.2.1' ],
15 silly audit   'is-core-module': [ '2.16.1' ],
15 silly audit   'is-date-object': [ '1.1.0' ],
15 silly audit   'is-docker': [ '2.2.1' ],
15 silly audit   'is-extglob': [ '2.1.1' ],
15 silly audit   'is-file-esm': [ '1.0.0' ],
15 silly audit   'is-fullwidth-code-point': [ '3.0.0', '2.0.0' ],
15 silly audit   'is-glob': [ '4.0.3' ],
15 silly audit   'is-interactive': [ '1.0.0' ],
15 silly audit   'is-map': [ '2.0.3' ],
15 silly audit   'is-node-process': [ '1.2.0' ],
15 silly audit   'is-number': [ '7.0.0' ],
15 silly audit   'is-number-object': [ '1.1.1' ],
15 silly audit   'is-plain-obj': [ '3.0.0' ],
15 silly audit   'is-plain-object': [ '2.0.4' ],
15 silly audit   'is-potential-custom-element-name': [ '1.0.1' ],
15 silly audit   'is-regex': [ '1.2.1' ],
15 silly audit   'is-set': [ '2.0.3' ],
15 silly audit   'is-shared-array-buffer': [ '1.0.4' ],
15 silly audit   'is-string': [ '1.1.1' ],
15 silly audit   'is-symbol': [ '1.1.1' ],
15 silly audit   'is-unicode-supported': [ '0.1.0' ],
15 silly audit   'is-weakmap': [ '2.0.2' ],
15 silly audit   'is-weakset': [ '2.0.4' ],
15 silly audit   'is-what': [ '5.5.0' ],
15 silly audit   'is-wsl': [ '2.2.0' ],
15 silly audit   isexe: [ '2.0.0' ],
15 silly audit   isobject: [ '3.0.1' ],
15 silly audit   'istanbul-lib-coverage': [ '3.2.2' ],
15 silly audit   'istanbul-lib-report': [ '3.0.1' ],
15 silly audit   'make-dir': [ '4.0.0', '3.1.0' ],
15 silly audit   'istanbul-lib-source-maps': [ '5.0.6' ],
15 silly audit   'istanbul-reports': [ '3.2.0' ],
15 silly audit   jackspeak: [ '3.4.3' ],
15 silly audit   'javascript-stringify': [ '2.1.0' ],
15 silly audit   'jest-environment-jsdom': [ '30.2.0' ],
15 silly audit   jsdom: [ '26.1.0', '22.1.0' ],
15 silly audit   'rrweb-cssom': [ '0.8.0', '0.6.0' ],
15 silly audit   'tough-cookie': [ '5.1.2', '6.0.0', '4.1.4' ],
15 silly audit   'w3c-xmlserializer': [ '5.0.0', '4.0.0' ],
15 silly audit   'whatwg-encoding': [ '3.1.1', '2.0.0' ],
15 silly audit   'whatwg-mimetype': [ '4.0.0', '3.0.0' ],
15 silly audit   ws: [ '8.19.0', '8.18.3', '7.5.10' ],
15 silly audit   'xml-name-validator': [ '5.0.0', '4.0.0' ],
15 silly audit   'jest-message-util': [ '30.2.0' ],
15 silly audit   'jest-mock': [ '30.2.0' ],
15 silly audit   'jest-regex-util': [ '30.0.1' ],
15 silly audit   'jest-util': [ '30.2.0' ],
15 silly audit   picomatch: [ '4.0.3', '2.3.1' ],
15 silly audit   joi: [ '17.13.3' ],
15 silly audit   'js-beautify': [ '1.15.4' ],
15 silly audit   minipass: [ '7.1.2', '3.3.6' ],
15 silly audit   'js-cookie': [ '3.0.5' ],
15 silly audit   'js-message': [ '1.0.7' ],
15 silly audit   'js-tokens': [ '4.0.0', '9.0.1' ],
15 silly audit   'js-yaml': [ '3.14.2' ],
15 silly audit   jsesc: [ '3.1.0' ],
15 silly audit   'json-buffer': [ '3.0.1' ],
15 silly audit   'json-parse-better-errors': [ '1.0.2' ],
15 silly audit   'json-parse-even-better-errors': [ '2.3.1' ],
15 silly audit   'json-stable-stringify-without-jsonify': [ '1.0.1' ],
15 silly audit   json5: [ '2.2.3', '1.0.2' ],
15 silly audit   jsonfile: [ '6.2.0' ],
15 silly audit   keyv: [ '4.5.4' ],
15 silly audit   'kind-of': [ '6.0.3' ],
15 silly audit   klona: [ '2.0.6' ],
15 silly audit   'launch-editor': [ '2.12.0' ],
15 silly audit   'launch-editor-middleware': [ '2.12.0' ],
15 silly audit   levn: [ '0.4.1' ],
15 silly audit   lilconfig: [ '2.1.0' ],
15 silly audit   'lines-and-columns': [ '1.2.4' ],
15 silly audit   'loader-runner': [ '4.3.1' ],
15 silly audit   'local-pkg': [ '0.5.1' ],
15 silly audit   'locate-path': [ '5.0.0' ],
15 silly audit   lodash: [ '4.17.23' ],
15 silly audit   'lodash.debounce': [ '4.0.8' ],
15 silly audit   'lodash.defaultsdeep': [ '4.6.1' ],
15 silly audit   'lodash.kebabcase': [ '4.1.1' ],
15 silly audit   'lodash.mapvalues': [ '4.6.0' ],
15 silly audit   'lodash.memoize': [ '4.1.2' ],
15 silly audit   'lodash.merge': [ '4.6.2' ],
15 silly audit   'lodash.truncate': [ '4.4.2' ],
15 silly audit   'lodash.uniq': [ '4.5.0' ],
15 silly audit   'log-symbols': [ '4.1.0' ],
15 silly audit   'log-update': [ '2.3.0' ],
15 silly audit   'mimic-fn': [ '1.2.0', '2.1.0', '4.0.0' ],
15 silly audit   onetime: [ '2.0.1', '5.1.2', '6.0.0' ],
15 silly audit   'restore-cursor': [ '2.0.0', '3.1.0' ],
15 silly audit   loupe: [ '2.3.7' ],
15 silly audit   'lower-case': [ '2.0.2' ],
15 silly audit   'lz-string': [ '1.5.0' ],
15 silly audit   'magic-string': [ '0.30.21' ],
15 silly audit   magicast: [ '0.3.5' ],
15 silly audit   'math-intrinsics': [ '1.1.0' ],
15 silly audit   'mdn-data': [ '2.0.14' ],
15 silly audit   'media-typer': [ '0.3.0' ],
15 silly audit   memfs: [ '3.5.3' ],
15 silly audit   'merge-descriptors': [ '1.0.3' ],
15 silly audit   'merge-source-map': [ '1.1.0' ],
15 silly audit   'merge-stream': [ '2.0.0' ],
15 silly audit   merge2: [ '1.4.1' ],
15 silly audit   methods: [ '1.1.2' ],
15 silly audit   micromatch: [ '4.0.8' ],
15 silly audit   mime: [ '1.6.0' ],
15 silly audit   'mime-db': [ '1.52.0' ],
15 silly audit   'mime-types': [ '2.1.35' ],
15 silly audit   'mini-css-extract-plugin': [ '2.9.4' ],
15 silly audit   'minimalistic-assert': [ '1.0.1' ],
15 silly audit   minimist: [ '1.2.8' ],
15 silly audit   mitt: [ '3.0.1' ],
15 silly audit   mlly: [ '1.8.0' ],
15 silly audit   pathe: [ '2.0.3', '1.1.2' ],
15 silly audit   'module-alias': [ '2.2.3' ],
15 silly audit   mrmime: [ '2.0.1' ],
15 silly audit   msw: [ '2.12.9' ],
15 silly audit   'path-to-regexp': [ '6.3.0', '0.1.12' ],
15 silly audit   tldts: [ '7.0.22', '6.1.86' ],
15 silly audit   'tldts-core': [ '7.0.22', '6.1.86' ],
15 silly audit   yargs: [ '17.7.2', '16.2.0' ],
15 silly audit   'yargs-parser': [ '21.1.1', '20.2.9' ],
15 silly audit   'multicast-dns': [ '7.2.5' ],
15 silly audit   'mute-stream': [ '2.0.0' ],
15 silly audit   mz: [ '2.7.0' ],
15 silly audit   nanoid: [ '3.3.11' ],
15 silly audit   'natural-compare': [ '1.4.0' ],
15 silly audit   'neo-async': [ '2.6.2' ],
15 silly audit   'nice-try': [ '1.0.5' ],
15 silly audit   'no-case': [ '3.0.4' ],
15 silly audit   'node-fetch': [ '2.7.0' ],
15 silly audit   'node-forge': [ '1.3.3' ],
15 silly audit   'node-releases': [ '2.0.27' ],
15 silly audit   nopt: [ '7.2.1' ],
15 silly audit   'normalize-package-data': [ '2.5.0' ],
15 silly audit   'normalize-path': [ '3.0.0', '1.0.0' ],
15 silly audit   'normalize-url': [ '6.1.0' ],
15 silly audit   'nth-check': [ '2.1.1' ],
15 silly audit   nwsapi: [ '2.2.23' ],
15 silly audit   'object-assign': [ '4.1.1' ],
15 silly audit   'object-inspect': [ '1.13.4' ],
15 silly audit   'object-is': [ '1.1.6' ],
15 silly audit   'object-keys': [ '1.1.1' ],
15 silly audit   'object.assign': [ '4.1.7' ],
15 silly audit   obuf: [ '1.1.2' ],
15 silly audit   'on-finished': [ '2.4.1' ],
15 silly audit   'on-headers': [ '1.1.0' ],
15 silly audit   once: [ '1.4.0' ],
15 silly audit   open: [ '8.4.2' ],
15 silly audit   opener: [ '1.5.2' ],
15 silly audit   optionator: [ '0.9.4' ],
15 silly audit   ora: [ '5.4.1' ],
15 silly audit   outvariant: [ '1.4.3' ],
15 silly audit   'p-finally': [ '1.0.0' ],
15 silly audit   'p-locate': [ '4.1.0' ],
15 silly audit   'p-retry': [ '4.6.2' ],
15 silly audit   'p-try': [ '2.2.0' ],
15 silly audit   'package-json-from-dist': [ '1.0.1' ],
15 silly audit   pako: [ '1.0.11' ],
15 silly audit   'param-case': [ '3.0.4' ],
15 silly audit   'parent-module': [ '1.0.1' ],
15 silly audit   'parse-json': [ '5.2.0' ],
15 silly audit   'parse5-htmlparser2-tree-adapter': [ '6.0.1' ],
15 silly audit   parseurl: [ '1.3.3' ],
15 silly audit   'pascal-case': [ '3.1.2' ],
15 silly audit   'path-exists': [ '4.0.0' ],
15 silly audit   'path-is-absolute': [ '1.0.1' ],
15 silly audit   'path-parse': [ '1.0.7' ],
15 silly audit   'path-scurry': [ '1.11.1' ],
15 silly audit   'path-type': [ '4.0.0' ],
15 silly audit   pathval: [ '1.1.1' ],
15 silly audit   'pdf-lib': [ '1.17.1' ],
15 silly audit   tslib: [ '1.14.1', '2.8.1' ],
15 silly audit   'perfect-debounce': [ '1.0.0' ],
15 silly audit   pinia: [ '3.0.4' ],
15 silly audit   'pkg-dir': [ '4.2.0' ],
15 silly audit   'pkg-types': [ '1.3.1' ],
15 silly audit   portfinder: [ '1.0.38' ],
15 silly audit   'possible-typed-array-names': [ '1.1.0' ],
15 silly audit   'postcss-calc': [ '8.2.4' ],
15 silly audit   'postcss-colormin': [ '5.3.1' ],
15 silly audit   'postcss-convert-values': [ '5.1.3' ],
15 silly audit   'postcss-discard-comments': [ '5.1.2' ],
15 silly audit   'postcss-discard-duplicates': [ '5.1.0' ],
15 silly audit   'postcss-discard-empty': [ '5.1.1' ],
15 silly audit   'postcss-discard-overridden': [ '5.1.0' ],
15 silly audit   'postcss-loader': [ '6.2.1' ],
15 silly audit   'postcss-merge-longhand': [ '5.1.7' ],
15 silly audit   'postcss-merge-rules': [ '5.1.4' ],
15 silly audit   'postcss-minify-font-values': [ '5.1.0' ],
15 silly audit   'postcss-minify-gradients': [ '5.1.1' ],
15 silly audit   'postcss-minify-params': [ '5.1.4' ],
15 silly audit   'postcss-minify-selectors': [ '5.2.1' ],
15 silly audit   'postcss-modules-extract-imports': [ '3.1.0' ],
15 silly audit   'postcss-modules-local-by-default': [ '4.2.0' ],
15 silly audit   'postcss-selector-parser': [ '7.1.1', '6.1.2' ],
15 silly audit   'postcss-modules-scope': [ '3.2.1' ],
15 silly audit   'postcss-modules-values': [ '4.0.0' ],
15 silly audit   'postcss-normalize-charset': [ '5.1.0' ],
15 silly audit   'postcss-normalize-display-values': [ '5.1.0' ],
15 silly audit   'postcss-normalize-positions': [ '5.1.1' ],
15 silly audit   'postcss-normalize-repeat-style': [ '5.1.1' ],
15 silly audit   'postcss-normalize-string': [ '5.1.0' ],
15 silly audit   'postcss-normalize-timing-functions': [ '5.1.0' ],
15 silly audit   'postcss-normalize-unicode': [ '5.1.1' ],
15 silly audit   'postcss-normalize-url': [ '5.1.0' ],
15 silly audit   'postcss-normalize-whitespace': [ '5.1.1' ],
15 silly audit   'postcss-ordered-values': [ '5.1.3' ],
15 silly audit   'postcss-reduce-initial': [ '5.1.2' ],
15 silly audit   'postcss-reduce-transforms': [ '5.1.0' ],
15 silly audit   'postcss-svgo': [ '5.1.0' ],
15 silly audit   'postcss-unique-selectors': [ '5.1.1' ],
15 silly audit   'postcss-value-parser': [ '4.2.0' ],
15 silly audit   'prelude-ls': [ '1.2.1' ],
15 silly audit   prettier: [ '2.8.8' ],
15 silly audit   'prettier-linter-helpers': [ '1.0.0' ],
15 silly audit   'pretty-error': [ '4.0.0' ],
15 silly audit   'process-nextick-args': [ '2.0.1' ],
15 silly audit   progress: [ '2.0.3' ],
15 silly audit   'progress-webpack-plugin': [ '1.0.16' ],
15 silly audit   'proto-list': [ '1.2.4' ],
15 silly audit   'proxy-addr': [ '2.0.7' ],
15 silly audit   'proxy-from-env': [ '1.1.0' ],
15 silly audit   pseudomap: [ '1.0.2' ],
15 silly audit   psl: [ '1.15.0' ],
15 silly audit   pump: [ '3.0.3' ],
15 silly audit   punycode: [ '2.3.1' ],
15 silly audit   'pusher-js': [ '8.4.0' ],
15 silly audit   qs: [ '6.14.1' ],
15 silly audit   querystringify: [ '2.2.0' ],
15 silly audit   'queue-microtask': [ '1.2.3' ],
15 silly audit   randombytes: [ '2.1.0' ],
15 silly audit   'range-parser': [ '1.2.1' ],
15 silly audit   'raw-body': [ '2.5.3' ],
15 silly audit   'read-pkg': [ '5.2.0' ],
15 silly audit   'read-pkg-up': [ '7.0.1' ],
15 silly audit   readdirp: [ '3.6.0' ],
15 silly audit   regenerate: [ '1.4.2' ],
15 silly audit   'regenerate-unicode-properties': [ '10.2.2' ],
15 silly audit   'regexp.prototype.flags': [ '1.5.4' ],
15 silly audit   regexpp: [ '3.2.0' ],
15 silly audit   'regexpu-core': [ '6.4.0' ],
15 silly audit   regjsgen: [ '0.8.0' ],
15 silly audit   regjsparser: [ '0.13.0' ],
15 silly audit   relateurl: [ '0.2.7' ],
15 silly audit   renderkid: [ '3.0.0' ],
15 silly audit   'require-directory': [ '2.1.1' ],
15 silly audit   'require-from-string': [ '2.0.2' ],
15 silly audit   'requires-port': [ '1.0.0' ],
15 silly audit   resolve: [ '1.22.11' ],
15 silly audit   'resolve-from': [ '4.0.0' ],
15 silly audit   retry: [ '0.13.1' ],
15 silly audit   rettime: [ '0.10.1' ],
15 silly audit   reusify: [ '1.1.0' ],
15 silly audit   rfdc: [ '1.4.1' ],
15 silly audit   rimraf: [ '3.0.2' ],
15 silly audit   rollup: [ '4.57.1' ],
15 silly audit   'run-parallel': [ '1.2.0' ],
15 silly audit   'safe-regex-test': [ '1.1.0' ],
15 silly audit   'safer-buffer': [ '2.1.2' ],
15 silly audit   saxes: [ '6.0.0' ],
15 silly audit   'select-hose': [ '2.0.0' ],
15 silly audit   selfsigned: [ '2.4.1' ],
15 silly audit   send: [ '0.19.1', '0.19.0' ],
15 silly audit   statuses: [ '2.0.1', '1.5.0', '2.0.2' ],
15 silly audit   'serialize-javascript': [ '6.0.2' ],
15 silly audit   'serve-index': [ '1.9.1' ],
15 silly audit   setprototypeof: [ '1.1.0', '1.2.0' ],
15 silly audit   'serve-static': [ '1.16.2' ],
15 silly audit   'set-function-length': [ '1.2.2' ],
15 silly audit   'set-function-name': [ '2.0.2' ],
15 silly audit   'shallow-clone': [ '3.0.1' ],
15 silly audit   'shell-quote': [ '1.8.3' ],
15 silly audit   'side-channel': [ '1.1.0' ],
15 silly audit   'side-channel-list': [ '1.0.0' ],
15 silly audit   'side-channel-map': [ '1.0.1' ],
15 silly audit   'side-channel-weakmap': [ '1.0.2' ],
15 silly audit   siginfo: [ '2.0.0' ],
15 silly audit   sirv: [ '2.0.4' ],
15 silly audit   slash: [ '3.0.0' ],
15 silly audit   'slice-ansi': [ '4.0.0' ],
15 silly audit   sockjs: [ '0.3.24' ],
15 silly audit   'source-map': [ '0.6.1' ],
15 silly audit   'source-map-js': [ '1.2.1' ],
15 silly audit   'source-map-support': [ '0.5.21' ],
15 silly audit   'spdx-correct': [ '3.2.0' ],
15 silly audit   'spdx-exceptions': [ '2.5.0' ],
15 silly audit   'spdx-expression-parse': [ '3.0.1' ],
15 silly audit   'spdx-license-ids': [ '3.0.22' ],
15 silly audit   spdy: [ '4.0.2' ],
15 silly audit   'spdy-transport': [ '3.0.0' ],
15 silly audit   speakingurl: [ '14.0.1' ],
15 silly audit   'sprintf-js': [ '1.0.3' ],
15 silly audit   ssri: [ '8.0.1' ],
15 silly audit   stable: [ '0.1.8' ],
15 silly audit   'stack-utils': [ '2.0.6' ],
15 silly audit   stackback: [ '0.0.2' ],
15 silly audit   stackframe: [ '1.3.4' ],
15 silly audit   'std-env': [ '3.10.0' ],
15 silly audit   'stop-iteration-iterator': [ '1.1.0' ],
15 silly audit   'strict-event-emitter': [ '0.5.1' ],
15 silly audit   'strip-eof': [ '1.0.0' ],
15 silly audit   'strip-final-newline': [ '2.0.0', '3.0.0' ],
15 silly audit   'strip-indent': [ '2.0.0' ],
15 silly audit   'strip-json-comments': [ '3.1.1' ],
15 silly audit   'strip-literal': [ '2.1.1' ],
15 silly audit   stylehacks: [ '5.1.1' ],
15 silly audit   superjson: [ '2.2.6' ],
15 silly audit   'supports-preserve-symlinks-flag': [ '1.0.0' ],
15 silly audit   'svg-tags': [ '1.0.0' ],
15 silly audit   svgo: [ '2.8.0' ],
15 silly audit   'symbol-tree': [ '3.2.4' ],
15 silly audit   table: [ '6.9.0' ],
15 silly audit   'tagged-tag': [ '1.0.0' ],
15 silly audit   tapable: [ '2.3.0' ],
15 silly audit   terser: [ '5.44.1' ],
15 silly audit   'terser-webpack-plugin': [ '5.3.16' ],
15 silly audit   'test-exclude': [ '6.0.0' ],
15 silly audit   'text-table': [ '0.2.0' ],
15 silly audit   thenify: [ '3.3.1' ],
15 silly audit   'thenify-all': [ '1.6.0' ],
15 silly audit   'thread-loader': [ '3.0.4' ],
15 silly audit   thunky: [ '1.1.0' ],
15 silly audit   tinybench: [ '2.9.0' ],
15 silly audit   tinypool: [ '0.8.4' ],
15 silly audit   tinyspy: [ '2.2.1' ],
15 silly audit   'to-regex-range': [ '5.0.1' ],
15 silly audit   toidentifier: [ '1.0.1' ],
15 silly audit   totalist: [ '3.0.1' ],
15 silly audit   universalify: [ '0.2.0', '2.0.1' ],
15 silly audit   tweetnacl: [ '1.0.3' ],
15 silly audit   'type-check': [ '0.4.0' ],
15 silly audit   'type-is': [ '1.6.18' ],
15 silly audit   ufo: [ '1.6.3' ],
15 silly audit   'undici-types': [ '7.16.0' ],
15 silly audit   'unicode-canonical-property-names-ecmascript': [ '2.0.1' ],
15 silly audit   'unicode-match-property-ecmascript': [ '2.0.0' ],
15 silly audit   'unicode-match-property-value-ecmascript': [ '2.2.1' ],
15 silly audit   'unicode-property-aliases-ecmascript': [ '2.2.0' ],
15 silly audit   unpipe: [ '1.0.0' ],
15 silly audit   'until-async': [ '3.0.2' ],
15 silly audit   'update-browserslist-db': [ '1.2.2' ],
15 silly audit   'uri-js': [ '4.4.1' ],
15 silly audit   'url-parse': [ '1.5.10' ],
15 silly audit   'util-deprecate': [ '1.0.2' ],
15 silly audit   utila: [ '0.4.0' ],
15 silly audit   'utils-merge': [ '1.0.1' ],
15 silly audit   uuid: [ '8.3.2' ],
15 silly audit   'v8-compile-cache': [ '2.4.0' ],
15 silly audit   'validate-npm-package-license': [ '3.0.4' ],
15 silly audit   vary: [ '1.1.2' ],
15 silly audit   vite: [ '5.4.21' ],
15 silly audit   'vite-node': [ '1.6.1' ],
15 silly audit   vitest: [ '1.6.1' ],
15 silly audit   vue: [ '3.5.25' ],
15 silly audit   'vue-component-type-helpers': [ '2.2.12' ],
15 silly audit   'vue-eslint-parser': [ '8.3.0' ],
15 silly audit   'vue-hot-reload-api': [ '2.3.4' ],
15 silly audit   'vue-i18n': [ '9.14.5' ],
15 silly audit   'vue-router': [ '4.6.4' ],
15 silly audit   'vue-style-loader': [ '4.1.3' ],
15 silly audit   'vue-template-es2015-compiler': [ '1.9.1' ],
15 silly audit   watchpack: [ '2.4.4', '2.5.1' ],
15 silly audit   wbuf: [ '1.7.3' ],
15 silly audit   wcwidth: [ '1.0.1' ],
15 silly audit   webpack: [ '5.105.0' ],
15 silly audit   'webpack-bundle-analyzer': [ '4.10.2' ],
15 silly audit   'webpack-chain': [ '6.5.1' ],
15 silly audit   'webpack-dev-middleware': [ '5.3.4' ],
15 silly audit   'webpack-dev-server': [ '4.15.2' ],
15 silly audit   'webpack-merge': [ '5.10.0' ],
15 silly audit   'webpack-sources': [ '3.3.3' ],
15 silly audit   'webpack-virtual-modules': [ '0.4.6' ],
15 silly audit   'websocket-driver': [ '0.7.4' ],
15 silly audit   'websocket-extensions': [ '0.1.4' ],
15 silly audit   'whatwg-fetch': [ '3.6.20' ],
15 silly audit   'which-boxed-primitive': [ '1.1.1' ],
15 silly audit   'which-collection': [ '1.0.2' ],
15 silly audit   'which-typed-array': [ '1.1.20' ],
15 silly audit   'why-is-node-running': [ '2.3.0' ],
15 silly audit   wildcard: [ '2.0.1' ],
15 silly audit   'word-wrap': [ '1.2.5' ],
15 silly audit   wrappy: [ '1.0.2' ],
15 silly audit   xmlchars: [ '2.2.0' ],
15 silly audit   y18n: [ '5.0.8' ],
15 silly audit   yaml: [ '1.10.2' ],
15 silly audit   'yocto-queue': [ '1.2.2' ],
15 silly audit   'yoctocolors-cjs': [ '2.1.3' ],
15 silly audit   yorkie: [ '2.0.0' ]
15 silly audit }
16 verbose reify failed optional dependency C:\Users\Yusuf\OneDrive\Desktop\rakez-poject\node_modules\fsevents
17 silly reify mark deleted [
17 silly reify   'C:\\Users\\Yusuf\\OneDrive\\Desktop\\rakez-poject\\node_modules\\fsevents'
17 silly reify ]
18 verbose reify failed optional dependency C:\Users\Yusuf\OneDrive\Desktop\rakez-poject\node_modules\@rollup\rollup-win32-ia32-msvc
19 silly reify mark deleted [
19 silly reify   'C:\\Users\\Yusuf\\OneDrive\\Desktop\\rakez-poject\\node_modules\\@rollup\\rollup-win32-ia32-msvc'
19 silly reify ]
20 verbose reify failed optional dependency C:\Users\Yusuf\OneDrive\Desktop\rakez-poject\node_modules\@rollup\rollup-win32-arm64-msvc
21 silly reify mark deleted [
21 silly reify   'C:\\Users\\Yusuf\\OneDrive\\Desktop\\rakez-poject\\node_modules\\@rollup\\rollup-win32-arm64-msvc'
21 silly reify ]
22 verbose reify failed optional dependency C:\Users\Yusuf\OneDrive\Desktop\rakez-poject\node_modules\@rollup\rollup-openharmony-arm64
23 silly reify mark deleted [
23 silly reify   'C:\\Users\\Yusuf\\OneDrive\\Desktop\\rakez-poject\\node_modules\\@rollup\\rollup-openharmony-arm64'
23 silly reify ]
24 verbose reify failed optional dependency C:\Users\Yusuf\OneDrive\Desktop\rakez-poject\node_modules\@rollup\rollup-openbsd-x64
25 silly reify mark deleted [
25 silly reify   'C:\\Users\\Yusuf\\OneDrive\\Desktop\\rakez-poject\\node_modules\\@rollup\\rollup-openbsd-x64'
25 silly reify ]
26 verbose reify failed optional dependency C:\Users\Yusuf\OneDrive\Desktop\rakez-poject\node_modules\@rollup\rollup-linux-x64-musl
27 silly reify mark deleted [
27 silly reify   'C:\\Users\\Yusuf\\OneDrive\\Desktop\\rakez-poject\\node_modules\\@rollup\\rollup-linux-x64-musl'
27 silly reify ]
28 verbose reify failed optional dependency C:\Users\Yusuf\OneDrive\Desktop\rakez-poject\node_modules\@rollup\rollup-linux-x64-gnu
29 silly reify mark deleted [
29 silly reify   'C:\\Users\\Yusuf\\OneDrive\\Desktop\\rakez-poject\\node_modules\\@rollup\\rollup-linux-x64-gnu'
29 silly reify ]
30 verbose reify failed optional dependency C:\Users\Yusuf\OneDrive\Desktop\rakez-poject\node_modules\@rollup\rollup-linux-s390x-gnu
31 silly reify mark deleted [
31 silly reify   'C:\\Users\\Yusuf\\OneDrive\\Desktop\\rakez-poject\\node_modules\\@rollup\\rollup-linux-s390x-gnu'
31 silly reify ]
32 verbose reify failed optional dependency C:\Users\Yusuf\OneDrive\Desktop\rakez-poject\node_modules\@rollup\rollup-linux-riscv64-musl
33 silly reify mark deleted [
33 silly reify   'C:\\Users\\Yusuf\\OneDrive\\Desktop\\rakez-poject\\node_modules\\@rollup\\rollup-linux-riscv64-musl'
33 silly reify ]
34 verbose reify failed optional dependency C:\Users\Yusuf\OneDrive\Desktop\rakez-poject\node_modules\@rollup\rollup-linux-riscv64-gnu
35 silly reify mark deleted [
35 silly reify   'C:\\Users\\Yusuf\\OneDrive\\Desktop\\rakez-poject\\node_modules\\@rollup\\rollup-linux-riscv64-gnu'
35 silly reify ]
36 verbose reify failed optional dependency C:\Users\Yusuf\OneDrive\Desktop\rakez-poject\node_modules\@rollup\rollup-linux-ppc64-musl
37 silly reify mark deleted [
37 silly reify   'C:\\Users\\Yusuf\\OneDrive\\Desktop\\rakez-poject\\node_modules\\@rollup\\rollup-linux-ppc64-musl'
37 silly reify ]
38 verbose reify failed optional dependency C:\Users\Yusuf\OneDrive\Desktop\rakez-poject\node_modules\@rollup\rollup-linux-ppc64-gnu
39 silly reify mark deleted [
39 silly reify   'C:\\Users\\Yusuf\\OneDrive\\Desktop\\rakez-poject\\node_modules\\@rollup\\rollup-linux-ppc64-gnu'
39 silly reify ]
40 verbose reify failed optional dependency C:\Users\Yusuf\OneDrive\Desktop\rakez-poject\node_modules\@rollup\rollup-linux-loong64-musl
41 silly reify mark deleted [
41 silly reify   'C:\\Users\\Yusuf\\OneDrive\\Desktop\\rakez-poject\\node_modules\\@rollup\\rollup-linux-loong64-musl'
41 silly reify ]
42 verbose reify failed optional dependency C:\Users\Yusuf\OneDrive\Desktop\rakez-poject\node_modules\@rollup\rollup-linux-loong64-gnu
43 silly reify mark deleted [
43 silly reify   'C:\\Users\\Yusuf\\OneDrive\\Desktop\\rakez-poject\\node_modules\\@rollup\\rollup-linux-loong64-gnu'
43 silly reify ]
44 verbose reify failed optional dependency C:\Users\Yusuf\OneDrive\Desktop\rakez-poject\node_modules\@rollup\rollup-linux-arm64-musl
45 silly reify mark deleted [
45 silly reify   'C:\\Users\\Yusuf\\OneDrive\\Desktop\\rakez-poject\\node_modules\\@rollup\\rollup-linux-arm64-musl'
45 silly reify ]
46 verbose reify failed optional dependency C:\Users\Yusuf\OneDrive\Desktop\rakez-poject\node_modules\@rollup\rollup-linux-arm64-gnu
47 silly reify mark deleted [
47 silly reify   'C:\\Users\\Yusuf\\OneDrive\\Desktop\\rakez-poject\\node_modules\\@rollup\\rollup-linux-arm64-gnu'
47 silly reify ]
48 verbose reify failed optional dependency C:\Users\Yusuf\OneDrive\Desktop\rakez-poject\node_modules\@rollup\rollup-linux-arm-musleabihf
49 silly reify mark deleted [
49 silly reify   'C:\\Users\\Yusuf\\OneDrive\\Desktop\\rakez-poject\\node_modules\\@rollup\\rollup-linux-arm-musleabihf'
49 silly reify ]
50 verbose reify failed optional dependency C:\Users\Yusuf\OneDrive\Desktop\rakez-poject\node_modules\@rollup\rollup-linux-arm-gnueabihf
51 silly reify mark deleted [
51 silly reify   'C:\\Users\\Yusuf\\OneDrive\\Desktop\\rakez-poject\\node_modules\\@rollup\\rollup-linux-arm-gnueabihf'
51 silly reify ]
52 verbose reify failed optional dependency C:\Users\Yusuf\OneDrive\Desktop\rakez-poject\node_modules\@rollup\rollup-freebsd-x64
53 silly reify mark deleted [
53 silly reify   'C:\\Users\\Yusuf\\OneDrive\\Desktop\\rakez-poject\\node_modules\\@rollup\\rollup-freebsd-x64'
53 silly reify ]
54 verbose reify failed optional dependency C:\Users\Yusuf\OneDrive\Desktop\rakez-poject\node_modules\@rollup\rollup-freebsd-arm64
55 silly reify mark deleted [
55 silly reify   'C:\\Users\\Yusuf\\OneDrive\\Desktop\\rakez-poject\\node_modules\\@rollup\\rollup-freebsd-arm64'
55 silly reify ]
56 verbose reify failed optional dependency C:\Users\Yusuf\OneDrive\Desktop\rakez-poject\node_modules\@rollup\rollup-darwin-x64
57 silly reify mark deleted [
57 silly reify   'C:\\Users\\Yusuf\\OneDrive\\Desktop\\rakez-poject\\node_modules\\@rollup\\rollup-darwin-x64'
57 silly reify ]
58 verbose reify failed optional dependency C:\Users\Yusuf\OneDrive\Desktop\rakez-poject\node_modules\@rollup\rollup-darwin-arm64
59 silly reify mark deleted [
59 silly reify   'C:\\Users\\Yusuf\\OneDrive\\Desktop\\rakez-poject\\node_modules\\@rollup\\rollup-darwin-arm64'
59 silly reify ]
60 verbose reify failed optional dependency C:\Users\Yusuf\OneDrive\Desktop\rakez-poject\node_modules\@rollup\rollup-android-arm64
61 silly reify mark deleted [
61 silly reify   'C:\\Users\\Yusuf\\OneDrive\\Desktop\\rakez-poject\\node_modules\\@rollup\\rollup-android-arm64'
61 silly reify ]
62 verbose reify failed optional dependency C:\Users\Yusuf\OneDrive\Desktop\rakez-poject\node_modules\@rollup\rollup-android-arm-eabi
63 silly reify mark deleted [
63 silly reify   'C:\\Users\\Yusuf\\OneDrive\\Desktop\\rakez-poject\\node_modules\\@rollup\\rollup-android-arm-eabi'
63 silly reify ]
64 verbose reify failed optional dependency C:\Users\Yusuf\OneDrive\Desktop\rakez-poject\node_modules\@esbuild\win32-ia32
65 silly reify mark deleted [
65 silly reify   'C:\\Users\\Yusuf\\OneDrive\\Desktop\\rakez-poject\\node_modules\\@esbuild\\win32-ia32'
65 silly reify ]
66 verbose reify failed optional dependency C:\Users\Yusuf\OneDrive\Desktop\rakez-poject\node_modules\@esbuild\win32-arm64
67 silly reify mark deleted [
67 silly reify   'C:\\Users\\Yusuf\\OneDrive\\Desktop\\rakez-poject\\node_modules\\@esbuild\\win32-arm64'
67 silly reify ]
68 verbose reify failed optional dependency C:\Users\Yusuf\OneDrive\Desktop\rakez-poject\node_modules\@esbuild\sunos-x64
69 silly reify mark deleted [
69 silly reify   'C:\\Users\\Yusuf\\OneDrive\\Desktop\\rakez-poject\\node_modules\\@esbuild\\sunos-x64'
69 silly reify ]
70 verbose reify failed optional dependency C:\Users\Yusuf\OneDrive\Desktop\rakez-poject\node_modules\@esbuild\openbsd-x64
71 silly reify mark deleted [
71 silly reify   'C:\\Users\\Yusuf\\OneDrive\\Desktop\\rakez-poject\\node_modules\\@esbuild\\openbsd-x64'
71 silly reify ]
72 verbose reify failed optional dependency C:\Users\Yusuf\OneDrive\Desktop\rakez-poject\node_modules\@esbuild\netbsd-x64
73 silly reify mark deleted [
73 silly reify   'C:\\Users\\Yusuf\\OneDrive\\Desktop\\rakez-poject\\node_modules\\@esbuild\\netbsd-x64'
73 silly reify ]
74 verbose reify failed optional dependency C:\Users\Yusuf\OneDrive\Desktop\rakez-poject\node_modules\@esbuild\linux-x64
75 silly reify mark deleted [
75 silly reify   'C:\\Users\\Yusuf\\OneDrive\\Desktop\\rakez-poject\\node_modules\\@esbuild\\linux-x64'
75 silly reify ]
76 verbose reify failed optional dependency C:\Users\Yusuf\OneDrive\Desktop\rakez-poject\node_modules\@esbuild\linux-s390x
77 silly reify mark deleted [
77 silly reify   'C:\\Users\\Yusuf\\OneDrive\\Desktop\\rakez-poject\\node_modules\\@esbuild\\linux-s390x'
77 silly reify ]
78 verbose reify failed optional dependency C:\Users\Yusuf\OneDrive\Desktop\rakez-poject\node_modules\@esbuild\linux-riscv64
79 silly reify mark deleted [
79 silly reify   'C:\\Users\\Yusuf\\OneDrive\\Desktop\\rakez-poject\\node_modules\\@esbuild\\linux-riscv64'
79 silly reify ]
80 verbose reify failed optional dependency C:\Users\Yusuf\OneDrive\Desktop\rakez-poject\node_modules\@esbuild\linux-ppc64
81 silly reify mark deleted [
81 silly reify   'C:\\Users\\Yusuf\\OneDrive\\Desktop\\rakez-poject\\node_modules\\@esbuild\\linux-ppc64'
81 silly reify ]
82 verbose reify failed optional dependency C:\Users\Yusuf\OneDrive\Desktop\rakez-poject\node_modules\@esbuild\linux-mips64el
83 silly reify mark deleted [
83 silly reify   'C:\\Users\\Yusuf\\OneDrive\\Desktop\\rakez-poject\\node_modules\\@esbuild\\linux-mips64el'
83 silly reify ]
84 verbose reify failed optional dependency C:\Users\Yusuf\OneDrive\Desktop\rakez-poject\node_modules\@esbuild\linux-loong64
85 silly reify mark deleted [
85 silly reify   'C:\\Users\\Yusuf\\OneDrive\\Desktop\\rakez-poject\\node_modules\\@esbuild\\linux-loong64'
85 silly reify ]
86 verbose reify failed optional dependency C:\Users\Yusuf\OneDrive\Desktop\rakez-poject\node_modules\@esbuild\linux-ia32
87 silly reify mark deleted [
87 silly reify   'C:\\Users\\Yusuf\\OneDrive\\Desktop\\rakez-poject\\node_modules\\@esbuild\\linux-ia32'
87 silly reify ]
88 verbose reify failed optional dependency C:\Users\Yusuf\OneDrive\Desktop\rakez-poject\node_modules\@esbuild\linux-arm64
89 silly reify mark deleted [
89 silly reify   'C:\\Users\\Yusuf\\OneDrive\\Desktop\\rakez-poject\\node_modules\\@esbuild\\linux-arm64'
89 silly reify ]
90 verbose reify failed optional dependency C:\Users\Yusuf\OneDrive\Desktop\rakez-poject\node_modules\@esbuild\linux-arm
91 silly reify mark deleted [
91 silly reify   'C:\\Users\\Yusuf\\OneDrive\\Desktop\\rakez-poject\\node_modules\\@esbuild\\linux-arm'
91 silly reify ]
92 verbose reify failed optional dependency C:\Users\Yusuf\OneDrive\Desktop\rakez-poject\node_modules\@esbuild\freebsd-x64
93 silly reify mark deleted [
93 silly reify   'C:\\Users\\Yusuf\\OneDrive\\Desktop\\rakez-poject\\node_modules\\@esbuild\\freebsd-x64'
93 silly reify ]
94 verbose reify failed optional dependency C:\Users\Yusuf\OneDrive\Desktop\rakez-poject\node_modules\@esbuild\freebsd-arm64
95 silly reify mark deleted [
95 silly reify   'C:\\Users\\Yusuf\\OneDrive\\Desktop\\rakez-poject\\node_modules\\@esbuild\\freebsd-arm64'
95 silly reify ]
96 verbose reify failed optional dependency C:\Users\Yusuf\OneDrive\Desktop\rakez-poject\node_modules\@esbuild\darwin-x64
97 silly reify mark deleted [
97 silly reify   'C:\\Users\\Yusuf\\OneDrive\\Desktop\\rakez-poject\\node_modules\\@esbuild\\darwin-x64'
97 silly reify ]
98 verbose reify failed optional dependency C:\Users\Yusuf\OneDrive\Desktop\rakez-poject\node_modules\@esbuild\darwin-arm64
99 silly reify mark deleted [
99 silly reify   'C:\\Users\\Yusuf\\OneDrive\\Desktop\\rakez-poject\\node_modules\\@esbuild\\darwin-arm64'
99 silly reify ]
100 verbose reify failed optional dependency C:\Users\Yusuf\OneDrive\Desktop\rakez-poject\node_modules\@esbuild\android-x64
101 silly reify mark deleted [
101 silly reify   'C:\\Users\\Yusuf\\OneDrive\\Desktop\\rakez-poject\\node_modules\\@esbuild\\android-x64'
101 silly reify ]
102 verbose reify failed optional dependency C:\Users\Yusuf\OneDrive\Desktop\rakez-poject\node_modules\@esbuild\android-arm64
103 silly reify mark deleted [
103 silly reify   'C:\\Users\\Yusuf\\OneDrive\\Desktop\\rakez-poject\\node_modules\\@esbuild\\android-arm64'
103 silly reify ]
104 verbose reify failed optional dependency C:\Users\Yusuf\OneDrive\Desktop\rakez-poject\node_modules\@esbuild\android-arm
105 silly reify mark deleted [
105 silly reify   'C:\\Users\\Yusuf\\OneDrive\\Desktop\\rakez-poject\\node_modules\\@esbuild\\android-arm'
105 silly reify ]
106 verbose reify failed optional dependency C:\Users\Yusuf\OneDrive\Desktop\rakez-poject\node_modules\@esbuild\aix-ppc64
107 silly reify mark deleted [
107 silly reify   'C:\\Users\\Yusuf\\OneDrive\\Desktop\\rakez-poject\\node_modules\\@esbuild\\aix-ppc64'
107 silly reify ]
108 http fetch GET 200 https://registry.npmjs.org/yoctocolors-cjs/-/yoctocolors-cjs-2.1.3.tgz 1625ms (cache miss)
109 http fetch POST 200 https://registry.npmjs.org/-/npm/v1/security/advisories/bulk 1973ms
110 silly audit report {
110 silly audit report   postcss: [
110 silly audit report     {
110 silly audit report       id: 1109574,
110 silly audit report       url: 'https://github.com/advisories/GHSA-7fh5-64p2-3v2j',
110 silly audit report       title: 'PostCSS line return parsing error',
110 silly audit report       severity: 'moderate',
110 silly audit report       vulnerable_versions: '<8.4.31',
110 silly audit report       cwe: [Array],
110 silly audit report       cvss: [Object]
110 silly audit report     }
110 silly audit report   ],
110 silly audit report   axios: [
110 silly audit report     {
110 silly audit report       id: 1113092,
110 silly audit report       url: 'https://github.com/advisories/GHSA-43fc-jf86-j433',
110 silly audit report       title: 'Axios is Vulnerable to Denial of Service via __proto__ Key in mergeConfig',
110 silly audit report       severity: 'high',
110 silly audit report       vulnerable_versions: '<=1.13.4',
110 silly audit report       cwe: [Array],
110 silly audit report       cvss: [Object]
110 silly audit report     }
110 silly audit report   ],
110 silly audit report   'cross-spawn': [
110 silly audit report     {
110 silly audit report       id: 1104663,
110 silly audit report       url: 'https://github.com/advisories/GHSA-3xgq-45jj-v275',
110 silly audit report       title: 'Regular Expression Denial of Service (ReDoS) in cross-spawn',
110 silly audit report       severity: 'high',
110 silly audit report       vulnerable_versions: '<6.0.6',
110 silly audit report       cwe: [Array],
110 silly audit report       cvss: [Object]
110 silly audit report     }
110 silly audit report   ],
110 silly audit report   esbuild: [
110 silly audit report     {
110 silly audit report       id: 1102341,
110 silly audit report       url: 'https://github.com/advisories/GHSA-67mh-4wv8-2f99',
110 silly audit report       title: 'esbuild enables any website to send any requests to the development server and read the response',
110 silly audit report       severity: 'moderate',
110 silly audit report       vulnerable_versions: '<=0.24.2',
110 silly audit report       cwe: [Array],
110 silly audit report       cvss: [Object]
110 silly audit report     }
110 silly audit report   ],
110 silly audit report   'webpack-dev-server': [
110 silly audit report     {
110 silly audit report       id: 1108429,
110 silly audit report       url: 'https://github.com/advisories/GHSA-9jgg-88mc-972h',
110 silly audit report       title: "webpack-dev-server users' source code may be stolen when they access a malicious web site with non-Chromium based browser",
110 silly audit report       severity: 'moderate',
110 silly audit report       vulnerable_versions: '<=5.2.0',
110 silly audit report       cwe: [Array],
110 silly audit report       cvss: [Object]
110 silly audit report     },
110 silly audit report     {
110 silly audit report       id: 1108430,
110 silly audit report       url: 'https://github.com/advisories/GHSA-4v9v-hfq4-rm2v',
110 silly audit report       title: "webpack-dev-server users' source code may be stolen when they access a malicious web site",
110 silly audit report       severity: 'moderate',
110 silly audit report       vulnerable_versions: '<=5.2.0',
110 silly audit report       cwe: [Array],
110 silly audit report       cvss: [Object]
110 silly audit report     }
110 silly audit report   ]
110 silly audit report }
111 silly packumentCache corgi:https://registry.npmjs.org/postcss cache-miss
112 silly packumentCache corgi:https://registry.npmjs.org/axios cache-miss
113 silly packumentCache corgi:https://registry.npmjs.org/cross-spawn cache-miss
114 silly packumentCache corgi:https://registry.npmjs.org/esbuild cache-miss
115 silly packumentCache corgi:https://registry.npmjs.org/webpack-dev-server cache-miss
116 http fetch GET 200 https://registry.npmjs.org/yallist/-/yallist-3.1.1.tgz 2722ms (cache miss)
117 http fetch GET 200 https://registry.npmjs.org/yorkie/-/yorkie-2.0.0.tgz 3550ms (cache miss)
118 http fetch GET 200 https://registry.npmjs.org/yocto-queue/-/yocto-queue-1.2.2.tgz 3678ms (cache miss)
119 http fetch GET 200 https://registry.npmjs.org/word-wrap/-/word-wrap-1.2.5.tgz 3693ms (cache miss)
120 http fetch GET 200 https://registry.npmjs.org/y18n/-/y18n-5.0.8.tgz 3694ms (cache miss)
121 http fetch GET 200 https://registry.npmjs.org/wildcard/-/wildcard-2.0.1.tgz 3743ms (cache miss)
122 http fetch GET 200 https://registry.npmjs.org/xmlchars/-/xmlchars-2.2.0.tgz 3821ms (cache miss)
123 http fetch GET 200 https://registry.npmjs.org/yargs-parser/-/yargs-parser-20.2.9.tgz 4194ms (cache miss)
124 http fetch GET 200 https://registry.npmjs.org/why-is-node-running/-/why-is-node-running-2.3.0.tgz 4215ms (cache miss)
125 http fetch GET 200 https://registry.npmjs.org/which-typed-array/-/which-typed-array-1.1.20.tgz 4584ms (cache miss)
126 http fetch GET 200 https://registry.npmjs.org/xml-name-validator/-/xml-name-validator-4.0.0.tgz 4957ms (cache miss)
127 http fetch GET 200 https://registry.npmjs.org/which-boxed-primitive/-/which-boxed-primitive-1.1.1.tgz 4964ms (cache miss)
128 http fetch GET 200 https://registry.npmjs.org/wrappy/-/wrappy-1.0.2.tgz 5078ms (cache miss)
129 http fetch GET 200 https://registry.npmjs.org/whatwg-mimetype/-/whatwg-mimetype-3.0.0.tgz 5086ms (cache miss)
130 http fetch GET 200 https://registry.npmjs.org/which-collection/-/which-collection-1.0.2.tgz 5863ms (cache miss)
131 http fetch GET 200 https://registry.npmjs.org/yargs/-/yargs-16.2.0.tgz 5871ms (cache miss)
132 http fetch GET 200 https://registry.npmjs.org/whatwg-fetch/-/whatwg-fetch-3.6.20.tgz 6034ms (cache miss)
133 http fetch GET 200 https://registry.npmjs.org/whatwg-url/-/whatwg-url-5.0.0.tgz 6359ms (cache miss)
134 http fetch GET 200 https://registry.npmjs.org/websocket-extensions/-/websocket-extensions-0.1.4.tgz 6772ms (cache miss)
135 http fetch GET 200 https://registry.npmjs.org/whatwg-encoding/-/whatwg-encoding-2.0.0.tgz 6854ms (cache miss)
136 warn deprecated whatwg-encoding@2.0.0: Use @exodus/bytes instead for a more spec-conformant and faster implementation
137 http fetch GET 200 https://registry.npmjs.org/which/-/which-1.3.1.tgz 6855ms (cache miss)
138 http fetch GET 200 https://registry.npmjs.org/websocket-driver/-/websocket-driver-0.7.4.tgz 7385ms (cache miss)
139 http fetch GET 200 https://registry.npmjs.org/webpack-virtual-modules/-/webpack-virtual-modules-0.4.6.tgz 7619ms (cache miss)
140 http fetch GET 200 https://registry.npmjs.org/webpack-merge/-/webpack-merge-5.10.0.tgz 7949ms (cache miss)
141 http fetch GET 200 https://registry.npmjs.org/webpack-dev-middleware/-/webpack-dev-middleware-5.3.4.tgz 8268ms (cache miss)
142 http fetch GET 200 https://registry.npmjs.org/wrap-ansi/-/wrap-ansi-7.0.0.tgz 8434ms (cache miss)
143 http fetch GET 200 https://registry.npmjs.org/wrap-ansi/-/wrap-ansi-7.0.0.tgz 8487ms (cache miss)
144 http fetch GET 200 https://registry.npmjs.org/webpack-sources/-/webpack-sources-3.3.3.tgz 9017ms (cache miss)
145 http fetch GET 200 https://registry.npmjs.org/watchpack/-/watchpack-2.4.4.tgz 9324ms (cache miss)
146 http fetch GET 200 https://registry.npmjs.org/ws/-/ws-7.5.10.tgz 9497ms (cache miss)
147 http fetch GET 200 https://registry.npmjs.org/webidl-conversions/-/webidl-conversions-3.0.1.tgz 9497ms (cache miss)
148 http fetch GET 200 https://registry.npmjs.org/wcwidth/-/wcwidth-1.0.1.tgz 10126ms (cache miss)
149 http fetch GET 200 https://registry.npmjs.org/w3c-xmlserializer/-/w3c-xmlserializer-4.0.0.tgz 10252ms (cache miss)
150 http fetch GET 200 https://registry.npmjs.org/wbuf/-/wbuf-1.7.3.tgz 10524ms (cache miss)
151 http fetch GET 200 https://registry.npmjs.org/vue-hot-reload-api/-/vue-hot-reload-api-2.3.4.tgz 10841ms (cache miss)
152 http fetch GET 200 https://registry.npmjs.org/vue-style-loader/-/vue-style-loader-4.1.3.tgz 11200ms (cache miss)
153 http fetch GET 200 https://registry.npmjs.org/webpack-chain/-/webpack-chain-6.5.1.tgz 11495ms (cache miss)
154 warn deprecated webpack-chain@6.5.1: Package no longer supported. Contact Support at https://www.npmjs.com/support for more info.
155 http fetch GET 200 https://registry.npmjs.org/yaml/-/yaml-1.10.2.tgz 12543ms (cache miss)
156 http fetch GET 200 https://registry.npmjs.org/vue-loader/-/vue-loader-17.4.2.tgz 12544ms (cache miss)
157 http fetch GET 200 https://registry.npmjs.org/vary/-/vary-1.1.2.tgz 12904ms (cache miss)
158 http fetch GET 200 https://registry.npmjs.org/vue-component-type-helpers/-/vue-component-type-helpers-2.2.12.tgz 13479ms (cache miss)
159 http fetch GET 200 https://registry.npmjs.org/validate-npm-package-license/-/validate-npm-package-license-3.0.4.tgz 13648ms (cache miss)
160 http fetch GET 200 https://registry.npmjs.org/vite-node/-/vite-node-1.6.1.tgz 13878ms (cache miss)
161 http fetch GET 200 https://registry.npmjs.org/v8-compile-cache/-/v8-compile-cache-2.4.0.tgz 14346ms (cache miss)
162 http fetch GET 200 https://registry.npmjs.org/util-deprecate/-/util-deprecate-1.0.2.tgz 15820ms (cache miss)
163 http fetch GET 200 https://registry.npmjs.org/webpack-dev-server/-/webpack-dev-server-4.15.2.tgz 16842ms (cache miss)
164 http fetch GET 200 https://registry.npmjs.org/uuid/-/uuid-8.3.2.tgz 17495ms (cache miss)
165 http fetch GET 200 https://registry.npmjs.org/utila/-/utila-0.4.0.tgz 18093ms (cache miss)
166 http fetch GET 200 https://registry.npmjs.org/utils-merge/-/utils-merge-1.0.1.tgz 18572ms (cache miss)
167 http fetch GET 200 https://registry.npmjs.org/update-browserslist-db/-/update-browserslist-db-1.2.2.tgz 19859ms (cache miss)
168 http fetch GET 200 https://registry.npmjs.org/unpipe/-/unpipe-1.0.0.tgz 21873ms (cache miss)
169 http fetch GET 200 https://registry.npmjs.org/url-parse/-/url-parse-1.5.10.tgz 21880ms (cache miss)
170 http fetch GET 200 https://registry.npmjs.org/unicode-match-property-value-ecmascript/-/unicode-match-property-value-ecmascript-2.2.1.tgz 22542ms (cache miss)
171 http fetch GET 200 https://registry.npmjs.org/until-async/-/until-async-3.0.2.tgz 22653ms (cache miss)
172 http fetch GET 200 https://registry.npmjs.org/unicode-property-aliases-ecmascript/-/unicode-property-aliases-ecmascript-2.2.0.tgz 23742ms (cache miss)
173 http fetch GET 200 https://registry.npmjs.org/vue-template-es2015-compiler/-/vue-template-es2015-compiler-1.9.1.tgz 23997ms (cache miss)
174 http fetch GET 200 https://registry.npmjs.org/uri-js/-/uri-js-4.4.1.tgz 24402ms (cache miss)
175 http fetch GET 200 https://registry.npmjs.org/universalify/-/universalify-2.0.1.tgz 24587ms (cache miss)
176 http fetch GET 200 https://registry.npmjs.org/vue-eslint-parser/-/vue-eslint-parser-8.3.0.tgz 24738ms (cache miss)
177 http fetch GET 200 https://registry.npmjs.org/vue-router/-/vue-router-4.6.4.tgz 25132ms (cache miss)
178 http fetch GET 200 https://registry.npmjs.org/unicode-canonical-property-names-ecmascript/-/unicode-canonical-property-names-ecmascript-2.0.1.tgz 25332ms (cache miss)
179 http fetch GET 200 https://registry.npmjs.org/vitest/-/vitest-1.6.1.tgz 25623ms (cache miss)
180 http fetch GET 200 https://registry.npmjs.org/undici-types/-/undici-types-7.16.0.tgz 25626ms (cache miss)
181 http fetch GET 200 https://registry.npmjs.org/type-is/-/type-is-1.6.18.tgz 25870ms (cache miss)
182 http fetch GET 200 https://registry.npmjs.org/unicode-match-property-ecmascript/-/unicode-match-property-ecmascript-2.0.0.tgz 26116ms (cache miss)
183 http fetch GET 200 https://registry.npmjs.org/type-fest/-/type-fest-0.6.0.tgz 26117ms (cache miss)
184 http fetch GET 200 https://registry.npmjs.org/type-detect/-/type-detect-4.0.8.tgz 26238ms (cache miss)
185 http fetch GET 200 https://registry.npmjs.org/totalist/-/totalist-3.0.1.tgz 26392ms (cache miss)
186 http fetch GET 200 https://registry.npmjs.org/tough-cookie/-/tough-cookie-4.1.4.tgz 26407ms (cache miss)
187 http fetch GET 200 https://registry.npmjs.org/to-regex-range/-/to-regex-range-5.0.1.tgz 26481ms (cache miss)
188 http fetch GET 200 https://registry.npmjs.org/toidentifier/-/toidentifier-1.0.1.tgz 26591ms (cache miss)
189 http fetch GET 200 https://registry.npmjs.org/tinyspy/-/tinyspy-2.2.1.tgz 27078ms (cache miss)
190 http fetch GET 200 https://registry.npmjs.org/tweetnacl/-/tweetnacl-1.0.3.tgz 27422ms (cache miss)
191 http fetch GET 200 https://registry.npmjs.org/type-check/-/type-check-0.4.0.tgz 27553ms (cache miss)
192 http fetch GET 200 https://registry.npmjs.org/tinypool/-/tinypool-0.8.4.tgz 27646ms (cache miss)
193 http fetch GET 200 https://registry.npmjs.org/tslib/-/tslib-2.8.1.tgz 28016ms (cache miss)
194 http fetch GET 200 https://registry.npmjs.org/tinybench/-/tinybench-2.9.0.tgz 28588ms (cache miss)
195 http fetch GET 200 https://registry.npmjs.org/thunky/-/thunky-1.1.0.tgz 28915ms (cache miss)
196 http fetch GET 200 https://registry.npmjs.org/tldts-core/-/tldts-core-6.1.86.tgz 29116ms (cache miss)
197 http fetch GET 200 https://registry.npmjs.org/thenify-all/-/thenify-all-1.6.0.tgz 29118ms (cache miss)
198 http fetch GET 200 https://registry.npmjs.org/ufo/-/ufo-1.6.3.tgz 29120ms (cache miss)
199 http fetch GET 200 https://registry.npmjs.org/thenify/-/thenify-3.3.1.tgz 29422ms (cache miss)
200 http fetch GET 200 https://registry.npmjs.org/test-exclude/-/test-exclude-6.0.0.tgz 29719ms (cache miss)
201 http fetch GET 200 https://registry.npmjs.org/thread-loader/-/thread-loader-3.0.4.tgz 29925ms (cache miss)
202 http fetch GET 200 https://registry.npmjs.org/text-table/-/text-table-0.2.0.tgz 29939ms (cache miss)
203 http fetch GET 200 https://registry.npmjs.org/tagged-tag/-/tagged-tag-1.0.0.tgz 30801ms (cache miss)
204 http fetch GET 200 https://registry.npmjs.org/vue-i18n/-/vue-i18n-9.14.5.tgz 31453ms (cache miss)
205 warn deprecated vue-i18n@9.14.5: v9 and v10 no longer supported. please migrate to v11. about maintenance status, see https://vue-i18n.intlify.dev/guide/maintenance.html
206 http fetch GET 200 https://registry.npmjs.org/table/-/table-6.9.0.tgz 31839ms (cache miss)
207 http fetch GET 200 https://registry.npmjs.org/tapable/-/tapable-2.3.0.tgz 32052ms (cache miss)
208 http fetch GET 200 https://registry.npmjs.org/supports-preserve-symlinks-flag/-/supports-preserve-symlinks-flag-1.0.0.tgz 32233ms (cache miss)
209 http fetch GET 200 https://registry.npmjs.org/svg-tags/-/svg-tags-1.0.0.tgz 32314ms (cache miss)
210 http fetch GET 200 https://registry.npmjs.org/tr46/-/tr46-0.0.3.tgz 32569ms (cache miss)
211 http fetch GET 200 https://registry.npmjs.org/symbol-tree/-/symbol-tree-3.2.4.tgz 32850ms (cache miss)
212 http fetch GET 200 https://registry.npmjs.org/terser-webpack-plugin/-/terser-webpack-plugin-5.3.16.tgz 33202ms (cache miss)
213 http fetch GET 200 https://registry.npmjs.org/superjson/-/superjson-2.2.6.tgz 33508ms (cache miss)
214 http fetch GET 200 https://registry.npmjs.org/strip-literal/-/strip-literal-2.1.1.tgz 33673ms (cache miss)
215 http fetch GET 200 https://registry.npmjs.org/strip-json-comments/-/strip-json-comments-3.1.1.tgz 34369ms (cache miss)
216 http fetch GET 200 https://registry.npmjs.org/supports-color/-/supports-color-7.2.0.tgz 34370ms (cache miss)
217 http fetch GET 200 https://registry.npmjs.org/strip-indent/-/strip-indent-2.0.0.tgz 34629ms (cache miss)
218 http fetch GET 200 https://registry.npmjs.org/stylehacks/-/stylehacks-5.1.1.tgz 34835ms (cache miss)
219 http fetch GET 200 https://registry.npmjs.org/strip-final-newline/-/strip-final-newline-2.0.0.tgz 35024ms (cache miss)
220 http fetch GET 200 https://registry.npmjs.org/strip-eof/-/strip-eof-1.0.0.tgz 35101ms (cache miss)
221 http fetch GET 200 https://registry.npmjs.org/string-width/-/string-width-4.2.3.tgz 35120ms (cache miss)
222 http fetch GET 200 https://registry.npmjs.org/strip-ansi/-/strip-ansi-6.0.1.tgz 35365ms (cache miss)
223 http fetch GET 200 https://registry.npmjs.org/strict-event-emitter/-/strict-event-emitter-0.5.1.tgz 35685ms (cache miss)
224 http fetch GET 200 https://registry.npmjs.org/string_decoder/-/string_decoder-1.3.0.tgz 35809ms (cache miss)
225 http fetch GET 200 https://registry.npmjs.org/stackframe/-/stackframe-1.3.4.tgz 36221ms (cache miss)
226 http fetch GET 200 https://registry.npmjs.org/webpack-bundle-analyzer/-/webpack-bundle-analyzer-4.10.2.tgz 36232ms (cache miss)
227 http fetch GET 200 https://registry.npmjs.org/stop-iteration-iterator/-/stop-iteration-iterator-1.1.0.tgz 36231ms (cache miss)
228 http fetch GET 200 https://registry.npmjs.org/stack-utils/-/stack-utils-2.0.6.tgz 36433ms (cache miss)
229 http fetch GET 200 https://registry.npmjs.org/stackback/-/stackback-0.0.2.tgz 36441ms (cache miss)
230 http fetch GET 200 https://registry.npmjs.org/statuses/-/statuses-2.0.2.tgz 36446ms (cache miss)
231 http fetch GET 200 https://registry.npmjs.org/string-width/-/string-width-4.2.3.tgz 36632ms (cache miss)
232 http fetch GET 200 https://registry.npmjs.org/std-env/-/std-env-3.10.0.tgz 37576ms (cache miss)
233 http fetch GET 200 https://registry.npmjs.org/stable/-/stable-0.1.8.tgz 37933ms (cache miss)
234 warn deprecated stable@0.1.8: Modern JS already guarantees Array#sort() is a stable sort, so this library is deprecated. See the compatibility table on MDN: https://developer.mozilla.org/en-US/docs/Web/JavaScript/Reference/Global_Objects/Array/sort#browser_compatibility
235 http fetch GET 200 https://registry.npmjs.org/spdx-expression-parse/-/spdx-expression-parse-3.0.1.tgz 38670ms (cache miss)
236 http fetch GET 200 https://registry.npmjs.org/spdx-license-ids/-/spdx-license-ids-3.0.22.tgz 38776ms (cache miss)
237 http fetch GET 200 https://registry.npmjs.org/ssri/-/ssri-8.0.1.tgz 38826ms (cache miss)
238 http fetch GET 200 https://registry.npmjs.org/strip-ansi/-/strip-ansi-6.0.1.tgz 39013ms (cache miss)
239 http fetch GET 200 https://registry.npmjs.org/sprintf-js/-/sprintf-js-1.0.3.tgz 39016ms (cache miss)
240 http fetch GET 200 https://registry.npmjs.org/spdx-exceptions/-/spdx-exceptions-2.5.0.tgz 39016ms (cache miss)
241 http fetch GET 200 https://registry.npmjs.org/spdx-correct/-/spdx-correct-3.2.0.tgz 39016ms (cache miss)
242 http fetch GET 200 https://registry.npmjs.org/spdy-transport/-/spdy-transport-3.0.0.tgz 39022ms (cache miss)
243 http fetch GET 200 https://registry.npmjs.org/source-map-support/-/source-map-support-0.5.21.tgz 39124ms (cache miss)
244 http fetch GET 200 https://registry.npmjs.org/slash/-/slash-3.0.0.tgz 39365ms (cache miss)
245 http fetch GET 200 https://registry.npmjs.org/sirv/-/sirv-2.0.4.tgz 39439ms (cache miss)
246 http fetch GET 200 https://registry.npmjs.org/svgo/-/svgo-2.8.0.tgz 39447ms (cache miss)
247 http fetch GET 200 https://registry.npmjs.org/signal-exit/-/signal-exit-3.0.7.tgz 39564ms (cache miss)
248 http fetch GET 200 https://registry.npmjs.org/siginfo/-/siginfo-2.0.0.tgz 40163ms (cache miss)
249 http fetch GET 200 https://registry.npmjs.org/slice-ansi/-/slice-ansi-4.0.0.tgz 40165ms (cache miss)
250 http fetch GET 200 https://registry.npmjs.org/speakingurl/-/speakingurl-14.0.1.tgz 40393ms (cache miss)
251 http fetch GET 200 https://registry.npmjs.org/side-channel-map/-/side-channel-map-1.0.1.tgz 40545ms (cache miss)
252 http fetch GET 200 https://registry.npmjs.org/side-channel-weakmap/-/side-channel-weakmap-1.0.2.tgz 40546ms (cache miss)
253 http fetch GET 200 https://registry.npmjs.org/side-channel-list/-/side-channel-list-1.0.0.tgz 40554ms (cache miss)
254 http fetch GET 200 https://registry.npmjs.org/sockjs/-/sockjs-0.3.24.tgz 40560ms (cache miss)
255 http fetch GET 200 https://registry.npmjs.org/shell-quote/-/shell-quote-1.8.3.tgz 41167ms (cache miss)
256 http fetch GET 200 https://registry.npmjs.org/spdy/-/spdy-4.0.2.tgz 41191ms (cache miss)
257 http fetch GET 200 https://registry.npmjs.org/shebang-command/-/shebang-command-1.2.0.tgz 41480ms (cache miss)
258 http fetch GET 200 https://registry.npmjs.org/setprototypeof/-/setprototypeof-1.2.0.tgz 41481ms (cache miss)
259 http fetch GET 200 https://registry.npmjs.org/shebang-regex/-/shebang-regex-1.0.0.tgz 41481ms (cache miss)
260 http fetch GET 200 https://registry.npmjs.org/shallow-clone/-/shallow-clone-3.0.1.tgz 41481ms (cache miss)
261 http fetch GET 200 https://registry.npmjs.org/set-function-name/-/set-function-name-2.0.2.tgz 41488ms (cache miss)
262 http fetch GET 200 https://registry.npmjs.org/side-channel/-/side-channel-1.1.0.tgz 41579ms (cache miss)
263 http fetch GET 200 https://registry.npmjs.org/source-map/-/source-map-0.6.1.tgz 41896ms (cache miss)
264 http fetch GET 200 https://registry.npmjs.org/selfsigned/-/selfsigned-2.4.1.tgz 42345ms (cache miss)
265 http fetch GET 200 https://registry.npmjs.org/serialize-javascript/-/serialize-javascript-6.0.2.tgz 42347ms (cache miss)
266 http fetch GET 200 https://registry.npmjs.org/source-map-js/-/source-map-js-1.2.1.tgz 42370ms (cache miss)
267 http fetch GET 200 https://registry.npmjs.org/semver/-/semver-6.3.1.tgz 42404ms (cache miss)
268 http fetch GET 200 https://registry.npmjs.org/set-function-length/-/set-function-length-1.2.2.tgz 42426ms (cache miss)
269 http fetch GET 200 https://registry.npmjs.org/serve-index/-/serve-index-1.9.1.tgz 42427ms (cache miss)
270 http fetch GET 200 https://registry.npmjs.org/select-hose/-/select-hose-2.0.0.tgz 42641ms (cache miss)
271 http fetch GET 200 https://registry.npmjs.org/safer-buffer/-/safer-buffer-2.1.2.tgz 43068ms (cache miss)
272 http fetch GET 200 https://registry.npmjs.org/safe-regex-test/-/safe-regex-test-1.1.0.tgz 43067ms (cache miss)
273 http fetch GET 200 https://registry.npmjs.org/serve-static/-/serve-static-1.16.2.tgz 43072ms (cache miss)
274 http fetch GET 200 https://registry.npmjs.org/safe-buffer/-/safe-buffer-5.2.1.tgz 43070ms (cache miss)
275 http fetch GET 200 https://registry.npmjs.org/send/-/send-0.19.1.tgz 43078ms (cache miss)
276 http fetch GET 200 https://registry.npmjs.org/run-parallel/-/run-parallel-1.2.0.tgz 43560ms (cache miss)
277 http fetch GET 200 https://registry.npmjs.org/schema-utils/-/schema-utils-2.7.1.tgz 43820ms (cache miss)
278 http fetch GET 200 https://registry.npmjs.org/restore-cursor/-/restore-cursor-3.1.0.tgz 43840ms (cache miss)
279 http fetch GET 200 https://registry.npmjs.org/retry/-/retry-0.13.1.tgz 43841ms (cache miss)
280 http fetch GET 200 https://registry.npmjs.org/rrweb-cssom/-/rrweb-cssom-0.6.0.tgz 44137ms (cache miss)
281 http fetch GET 200 https://registry.npmjs.org/resolve-from/-/resolve-from-4.0.0.tgz 44292ms (cache miss)
282 http fetch GET 200 https://registry.npmjs.org/rfdc/-/rfdc-1.4.1.tgz 44293ms (cache miss)
283 http fetch GET 200 https://registry.npmjs.org/rimraf/-/rimraf-3.0.2.tgz 44294ms (cache miss)
284 warn deprecated rimraf@3.0.2: Rimraf versions prior to v4 are no longer supported
285 http fetch GET 200 https://registry.npmjs.org/rettime/-/rettime-0.10.1.tgz 44428ms (cache miss)
286 http fetch GET 200 https://registry.npmjs.org/requires-port/-/requires-port-1.0.0.tgz 44757ms (cache miss)
287 http fetch GET 200 https://registry.npmjs.org/reusify/-/reusify-1.1.0.tgz 45045ms (cache miss)
288 http fetch GET 200 https://registry.npmjs.org/require-from-string/-/require-from-string-2.0.2.tgz 45045ms (cache miss)
289 http fetch GET 200 https://registry.npmjs.org/resolve/-/resolve-1.22.11.tgz 45074ms (cache miss)
290 http fetch GET 200 https://registry.npmjs.org/regjsparser/-/regjsparser-0.13.0.tgz 45290ms (cache miss)
291 http fetch GET 200 https://registry.npmjs.org/require-directory/-/require-directory-2.1.1.tgz 45401ms (cache miss)
292 http fetch GET 200 https://registry.npmjs.org/regjsgen/-/regjsgen-0.8.0.tgz 45432ms (cache miss)
293 http fetch GET 200 https://registry.npmjs.org/saxes/-/saxes-6.0.0.tgz 45737ms (cache miss)
294 http fetch GET 200 https://registry.npmjs.org/relateurl/-/relateurl-0.2.7.tgz 45744ms (cache miss)
295 http fetch GET 200 https://registry.npmjs.org/regexpu-core/-/regexpu-core-6.4.0.tgz 46276ms (cache miss)
296 http fetch GET 200 https://registry.npmjs.org/readable-stream/-/readable-stream-3.6.2.tgz 47156ms (cache miss)
297 http fetch GET 200 https://registry.npmjs.org/read-pkg-up/-/read-pkg-up-7.0.1.tgz 47279ms (cache miss)
298 http fetch GET 200 https://registry.npmjs.org/regenerate/-/regenerate-1.4.2.tgz 47338ms (cache miss)
299 http fetch GET 200 https://registry.npmjs.org/readdirp/-/readdirp-3.6.0.tgz 47782ms (cache miss)
300 http fetch GET 200 https://registry.npmjs.org/rollup/-/rollup-4.57.1.tgz 47968ms (cache miss)
301 http fetch GET 200 https://registry.npmjs.org/vite/-/vite-5.4.21.tgz 48012ms (cache miss)
302 http fetch GET 200 https://registry.npmjs.org/regexp.prototype.flags/-/regexp.prototype.flags-1.5.4.tgz 48178ms (cache miss)
303 http fetch GET 200 https://registry.npmjs.org/regenerate-unicode-properties/-/regenerate-unicode-properties-10.2.2.tgz 48391ms (cache miss)
304 http fetch GET 200 https://registry.npmjs.org/react-is/-/react-is-18.3.1.tgz 48490ms (cache miss)
305 http fetch GET 200 https://registry.npmjs.org/raw-body/-/raw-body-2.5.3.tgz 48804ms (cache miss)
306 http fetch GET 200 https://registry.npmjs.org/range-parser/-/range-parser-1.2.1.tgz 49049ms (cache miss)
307 http fetch GET 200 https://registry.npmjs.org/read-pkg/-/read-pkg-5.2.0.tgz 49193ms (cache miss)
308 http fetch GET 200 https://registry.npmjs.org/querystringify/-/querystringify-2.2.0.tgz 49192ms (cache miss)
309 http fetch GET 200 https://registry.npmjs.org/randombytes/-/randombytes-2.1.0.tgz 49193ms (cache miss)
310 http fetch GET 200 https://registry.npmjs.org/queue-microtask/-/queue-microtask-1.2.3.tgz 49193ms (cache miss)
311 http fetch GET 200 https://registry.npmjs.org/renderkid/-/renderkid-3.0.0.tgz 49503ms (cache miss)
312 http fetch GET 200 https://registry.npmjs.org/punycode/-/punycode-2.3.1.tgz 49553ms (cache miss)
313 http fetch GET 200 https://registry.npmjs.org/pump/-/pump-3.0.3.tgz 49560ms (cache miss)
314 http fetch GET 200 https://registry.npmjs.org/pseudomap/-/pseudomap-1.0.2.tgz 50229ms (cache miss)
315 http fetch GET 200 https://registry.npmjs.org/proxy-addr/-/proxy-addr-2.0.7.tgz 50231ms (cache miss)
316 http fetch GET 200 https://registry.npmjs.org/proto-list/-/proto-list-1.2.4.tgz 50231ms (cache miss)
317 http fetch GET 200 https://registry.npmjs.org/process-nextick-args/-/process-nextick-args-2.0.1.tgz 50300ms (cache miss)
318 http fetch GET 200 https://registry.npmjs.org/pretty-format/-/pretty-format-30.2.0.tgz 50303ms (cache miss)
319 http fetch GET 200 https://registry.npmjs.org/proxy-from-env/-/proxy-from-env-1.1.0.tgz 50335ms (cache miss)
320 http fetch GET 200 https://registry.npmjs.org/progress/-/progress-2.0.3.tgz 50347ms (cache miss)
321 http fetch GET 200 https://registry.npmjs.org/progress-webpack-plugin/-/progress-webpack-plugin-1.0.16.tgz 50687ms (cache miss)
322 http fetch GET 200 https://registry.npmjs.org/pretty-error/-/pretty-error-4.0.0.tgz 50695ms (cache miss)
323 http fetch GET 200 https://registry.npmjs.org/postcss-unique-selectors/-/postcss-unique-selectors-5.1.1.tgz 50824ms (cache miss)
324 http fetch GET 200 https://registry.npmjs.org/prelude-ls/-/prelude-ls-1.2.1.tgz 50825ms (cache miss)
325 http fetch GET 200 https://registry.npmjs.org/regexpp/-/regexpp-3.2.0.tgz 50867ms (cache miss)
326 http fetch GET 200 https://registry.npmjs.org/prettier-linter-helpers/-/prettier-linter-helpers-1.0.0.tgz 51170ms (cache miss)
327 http fetch GET 200 https://registry.npmjs.org/postcss-reduce-transforms/-/postcss-reduce-transforms-5.1.0.tgz 51505ms (cache miss)
328 http fetch GET 200 https://registry.npmjs.org/postcss-reduce-initial/-/postcss-reduce-initial-5.1.2.tgz 51854ms (cache miss)
329 http fetch GET 200 https://registry.npmjs.org/postcss-svgo/-/postcss-svgo-5.1.0.tgz 51856ms (cache miss)
330 http fetch GET 200 https://registry.npmjs.org/postcss-value-parser/-/postcss-value-parser-4.2.0.tgz 52192ms (cache miss)
331 http fetch GET 200 https://registry.npmjs.org/postcss-selector-parser/-/postcss-selector-parser-6.1.2.tgz 52314ms (cache miss)
332 http fetch GET 200 https://registry.npmjs.org/postcss-normalize-url/-/postcss-normalize-url-5.1.0.tgz 52555ms (cache miss)
333 http fetch GET 200 https://registry.npmjs.org/postcss-normalize-whitespace/-/postcss-normalize-whitespace-5.1.1.tgz 52750ms (cache miss)
334 http fetch GET 200 https://registry.npmjs.org/postcss-ordered-values/-/postcss-ordered-values-5.1.3.tgz 52750ms (cache miss)
335 http fetch GET 200 https://registry.npmjs.org/postcss-normalize-string/-/postcss-normalize-string-5.1.0.tgz 53109ms (cache miss)
336 http fetch GET 200 https://registry.npmjs.org/postcss-normalize-unicode/-/postcss-normalize-unicode-5.1.1.tgz 53229ms (cache miss)
337 http fetch GET 200 https://registry.npmjs.org/postcss-normalize-timing-functions/-/postcss-normalize-timing-functions-5.1.0.tgz 53467ms (cache miss)
338 http fetch GET 200 https://registry.npmjs.org/postcss-normalize-repeat-style/-/postcss-normalize-repeat-style-5.1.1.tgz 53635ms (cache miss)
339 http fetch GET 200 https://registry.npmjs.org/postcss-normalize-display-values/-/postcss-normalize-display-values-5.1.0.tgz 53785ms (cache miss)
340 http fetch GET 200 https://registry.npmjs.org/postcss-normalize-charset/-/postcss-normalize-charset-5.1.0.tgz 53975ms (cache miss)
341 http fetch GET 200 https://registry.npmjs.org/postcss-modules-values/-/postcss-modules-values-4.0.0.tgz 54259ms (cache miss)
342 http fetch GET 200 https://registry.npmjs.org/postcss-modules-local-by-default/-/postcss-modules-local-by-default-4.2.0.tgz 54672ms (cache miss)
343 http fetch GET 200 https://registry.npmjs.org/postcss-modules-scope/-/postcss-modules-scope-3.2.1.tgz 54673ms (cache miss)
344 http fetch GET 200 https://registry.npmjs.org/terser/-/terser-5.44.1.tgz 54691ms (cache miss)
345 http fetch GET 200 https://registry.npmjs.org/postcss-normalize-positions/-/postcss-normalize-positions-5.1.1.tgz 54675ms (cache miss)
346 http fetch GET 200 https://registry.npmjs.org/postcss-minify-selectors/-/postcss-minify-selectors-5.2.1.tgz 55099ms (cache miss)
347 http fetch GET 200 https://registry.npmjs.org/postcss-modules-extract-imports/-/postcss-modules-extract-imports-3.1.0.tgz 55206ms (cache miss)
348 http fetch GET 200 https://registry.npmjs.org/postcss-minify-gradients/-/postcss-minify-gradients-5.1.1.tgz 55248ms (cache miss)
349 http fetch GET 200 https://registry.npmjs.org/postcss-minify-params/-/postcss-minify-params-5.1.4.tgz 55249ms (cache miss)
350 http fetch GET 200 https://registry.npmjs.org/qs/-/qs-6.14.1.tgz 55443ms (cache miss)
351 http fetch GET 200 https://registry.npmjs.org/postcss-merge-longhand/-/postcss-merge-longhand-5.1.7.tgz 55637ms (cache miss)
352 http fetch GET 200 https://registry.npmjs.org/postcss-minify-font-values/-/postcss-minify-font-values-5.1.0.tgz 55817ms (cache miss)
353 http fetch GET 200 https://registry.npmjs.org/postcss-merge-rules/-/postcss-merge-rules-5.1.4.tgz 55861ms (cache miss)
354 http fetch GET 200 https://registry.npmjs.org/postcss-discard-overridden/-/postcss-discard-overridden-5.1.0.tgz 55984ms (cache miss)
355 http fetch GET 200 https://registry.npmjs.org/postcss-discard-duplicates/-/postcss-discard-duplicates-5.1.0.tgz 56336ms (cache miss)
356 http fetch GET 200 https://registry.npmjs.org/postcss-discard-empty/-/postcss-discard-empty-5.1.1.tgz 56657ms (cache miss)
357 http fetch GET 200 https://registry.npmjs.org/postcss-discard-comments/-/postcss-discard-comments-5.1.2.tgz 56658ms (cache miss)
358 http fetch GET 200 https://registry.npmjs.org/postcss-loader/-/postcss-loader-6.2.1.tgz 56663ms (cache miss)
359 http fetch GET 200 https://registry.npmjs.org/postcss-colormin/-/postcss-colormin-5.3.1.tgz 56683ms (cache miss)
360 http fetch GET 200 https://registry.npmjs.org/postcss-convert-values/-/postcss-convert-values-5.1.3.tgz 56735ms (cache miss)
361 http fetch GET 200 https://registry.npmjs.org/portfinder/-/portfinder-1.0.38.tgz 57299ms (cache miss)
362 http fetch GET 200 https://registry.npmjs.org/tldts/-/tldts-6.1.86.tgz 57478ms (cache miss)
363 http fetch GET 200 https://registry.npmjs.org/picocolors/-/picocolors-1.1.1.tgz 57589ms (cache miss)
364 http fetch GET 200 https://registry.npmjs.org/pkg-dir/-/pkg-dir-4.2.0.tgz 57914ms (cache miss)
365 http fetch GET 200 https://registry.npmjs.org/possible-typed-array-names/-/possible-typed-array-names-1.1.0.tgz 58068ms (cache miss)
366 http fetch GET 200 https://registry.npmjs.org/pkg-types/-/pkg-types-1.3.1.tgz 58527ms (cache miss)
367 http fetch GET 200 https://registry.npmjs.org/pathval/-/pathval-1.1.1.tgz 58710ms (cache miss)
368 http fetch GET 200 https://registry.npmjs.org/path-type/-/path-type-4.0.0.tgz 59511ms (cache miss)
369 http fetch GET 200 https://registry.npmjs.org/pathe/-/pathe-1.1.2.tgz 59522ms (cache miss)
370 http fetch GET 200 https://registry.npmjs.org/postcss-calc/-/postcss-calc-8.2.4.tgz 59574ms (cache miss)
371 http fetch GET 200 https://registry.npmjs.org/perfect-debounce/-/perfect-debounce-1.0.0.tgz 59602ms (cache miss)
372 http fetch GET 200 https://registry.npmjs.org/path-to-regexp/-/path-to-regexp-0.1.12.tgz 59746ms (cache miss)
373 http fetch GET 200 https://registry.npmjs.org/path-key/-/path-key-2.0.1.tgz 59768ms (cache miss)
374 http fetch GET 200 https://registry.npmjs.org/psl/-/psl-1.15.0.tgz 60083ms (cache miss)
375 http fetch GET 200 https://registry.npmjs.org/picomatch/-/picomatch-2.3.1.tgz 60359ms (cache miss)
376 http fetch GET 200 https://registry.npmjs.org/path-parse/-/path-parse-1.0.7.tgz 60368ms (cache miss)
377 http fetch GET 200 https://registry.npmjs.org/path-is-absolute/-/path-is-absolute-1.0.1.tgz 60629ms (cache miss)
378 http fetch GET 200 https://registry.npmjs.org/path-exists/-/path-exists-4.0.0.tgz 60630ms (cache miss)
379 http fetch GET 200 https://registry.npmjs.org/postcss/-/postcss-8.5.6.tgz 60649ms (cache miss)
380 http fetch GET 200 https://registry.npmjs.org/parseurl/-/parseurl-1.3.3.tgz 60722ms (cache miss)
381 http fetch GET 200 https://registry.npmjs.org/pascal-case/-/pascal-case-3.1.2.tgz 61118ms (cache miss)
382 http fetch GET 200 https://registry.npmjs.org/parse5-htmlparser2-tree-adapter/-/parse5-htmlparser2-tree-adapter-6.0.1.tgz 61336ms (cache miss)
383 http fetch GET 200 https://registry.npmjs.org/parent-module/-/parent-module-1.0.1.tgz 61571ms (cache miss)
384 http fetch GET 200 https://registry.npmjs.org/parse-json/-/parse-json-5.2.0.tgz 61572ms (cache miss)
385 http fetch GET 200 https://registry.npmjs.org/param-case/-/param-case-3.0.4.tgz 61657ms (cache miss)
386 http fetch GET 200 https://registry.npmjs.org/package-json-from-dist/-/package-json-from-dist-1.0.1.tgz 61658ms (cache miss)
387 http fetch GET 200 https://registry.npmjs.org/p-try/-/p-try-2.2.0.tgz 61755ms (cache miss)
388 http fetch GET 200 https://registry.npmjs.org/p-retry/-/p-retry-4.6.2.tgz 61840ms (cache miss)
389 http fetch GET 200 https://registry.npmjs.org/p-locate/-/p-locate-4.1.0.tgz 61918ms (cache miss)
390 http fetch GET 200 https://registry.npmjs.org/p-finally/-/p-finally-1.0.0.tgz 61919ms (cache miss)
391 http fetch GET 200 https://registry.npmjs.org/p-limit/-/p-limit-2.3.0.tgz 62149ms (cache miss)
392 http fetch GET 200 https://registry.npmjs.org/outvariant/-/outvariant-1.4.3.tgz 62180ms (cache miss)
393 http fetch GET 200 https://registry.npmjs.org/opener/-/opener-1.5.2.tgz 62180ms (cache miss)
394 http fetch GET 200 https://registry.npmjs.org/onetime/-/onetime-5.1.2.tgz 62196ms (cache miss)
395 http fetch GET 200 https://registry.npmjs.org/optionator/-/optionator-0.9.4.tgz 62230ms (cache miss)
396 http fetch GET 200 https://registry.npmjs.org/ora/-/ora-5.4.1.tgz 62485ms (cache miss)
397 http fetch GET 200 https://registry.npmjs.org/on-finished/-/on-finished-2.4.1.tgz 62556ms (cache miss)
398 http fetch GET 200 https://registry.npmjs.org/once/-/once-1.4.0.tgz 62573ms (cache miss)
399 http fetch GET 200 https://registry.npmjs.org/obuf/-/obuf-1.1.2.tgz 62714ms (cache miss)
400 http fetch GET 200 https://registry.npmjs.org/on-headers/-/on-headers-1.1.0.tgz 62812ms (cache miss)
401 http fetch GET 200 https://registry.npmjs.org/object-keys/-/object-keys-1.1.1.tgz 63157ms (cache miss)
402 http fetch GET 200 https://registry.npmjs.org/object-assign/-/object-assign-4.1.1.tgz 63296ms (cache miss)
403 http fetch GET 200 https://registry.npmjs.org/nth-check/-/nth-check-2.1.1.tgz 64162ms (cache miss)
404 http fetch GET 200 https://registry.npmjs.org/object.assign/-/object.assign-4.1.7.tgz 64191ms (cache miss)
405 http fetch GET 200 https://registry.npmjs.org/object-is/-/object-is-1.1.6.tgz 64418ms (cache miss)
406 http fetch GET 200 https://registry.npmjs.org/open/-/open-8.4.2.tgz 64419ms (cache miss)
407 http fetch GET 200 https://registry.npmjs.org/nwsapi/-/nwsapi-2.2.23.tgz 64551ms (cache miss)
408 http fetch GET 200 https://registry.npmjs.org/normalize-url/-/normalize-url-6.1.0.tgz 64938ms (cache miss)
409 http fetch GET 200 https://registry.npmjs.org/npm-run-path/-/npm-run-path-2.0.2.tgz 64938ms (cache miss)
410 http fetch GET 200 https://registry.npmjs.org/node-releases/-/node-releases-2.0.27.tgz 65264ms (cache miss)
411 http fetch GET 200 https://registry.npmjs.org/normalize-path/-/normalize-path-3.0.0.tgz 65322ms (cache miss)
412 http fetch GET 200 https://registry.npmjs.org/object-inspect/-/object-inspect-1.13.4.tgz 65479ms (cache miss)
413 http fetch GET 200 https://registry.npmjs.org/normalize-package-data/-/normalize-package-data-2.5.0.tgz 66151ms (cache miss)
414 http fetch GET 200 https://registry.npmjs.org/nopt/-/nopt-7.2.1.tgz 66592ms (cache miss)
415 http fetch GET 200 https://registry.npmjs.org/pinia/-/pinia-3.0.4.tgz 66605ms (cache miss)
416 http fetch GET 200 https://registry.npmjs.org/node-fetch/-/node-fetch-2.7.0.tgz 66692ms (cache miss)
417 http fetch GET 200 https://registry.npmjs.org/nice-try/-/nice-try-1.0.5.tgz 66692ms (cache miss)
418 http fetch GET 200 https://registry.npmjs.org/no-case/-/no-case-3.0.4.tgz 66739ms (cache miss)
419 http fetch GET 200 https://registry.npmjs.org/parse5/-/parse5-5.1.1.tgz 67104ms (cache miss)
420 http fetch GET 200 https://registry.npmjs.org/nanoid/-/nanoid-3.3.11.tgz 67875ms (cache miss)
421 http fetch GET 200 https://registry.npmjs.org/natural-compare/-/natural-compare-1.4.0.tgz 68023ms (cache miss)
422 http fetch GET 200 https://registry.npmjs.org/negotiator/-/negotiator-0.6.4.tgz 68129ms (cache miss)
423 http fetch GET 200 https://registry.npmjs.org/mute-stream/-/mute-stream-2.0.0.tgz 68129ms (cache miss)
424 http fetch GET 200 https://registry.npmjs.org/mz/-/mz-2.7.0.tgz 68129ms (cache miss)
425 http fetch GET 200 https://registry.npmjs.org/multicast-dns/-/multicast-dns-7.2.5.tgz 68792ms (cache miss)
426 http fetch GET 200 https://registry.npmjs.org/ms/-/ms-2.1.3.tgz 69707ms (cache miss)
427 http fetch GET 200 https://registry.npmjs.org/mrmime/-/mrmime-2.0.1.tgz 69762ms (cache miss)
428 http fetch GET 200 https://registry.npmjs.org/module-alias/-/module-alias-2.2.3.tgz 70074ms (cache miss)
429 http fetch GET 200 https://registry.npmjs.org/mitt/-/mitt-3.0.1.tgz 70720ms (cache miss)
430 http fetch GET 200 https://registry.npmjs.org/path-scurry/-/path-scurry-1.11.1.tgz 70884ms (cache miss)
431 http fetch GET 200 https://registry.npmjs.org/node-forge/-/node-forge-1.3.3.tgz 71458ms (cache miss)
432 http fetch GET 200 https://registry.npmjs.org/minimist/-/minimist-1.2.8.tgz 71793ms (cache miss)
433 http fetch GET 200 https://registry.npmjs.org/minimalistic-assert/-/minimalistic-assert-1.0.1.tgz 71908ms (cache miss)
434 http fetch GET 200 https://registry.npmjs.org/mimic-fn/-/mimic-fn-2.1.0.tgz 71963ms (cache miss)
435 http fetch GET 200 https://registry.npmjs.org/neo-async/-/neo-async-2.6.2.tgz 72140ms (cache miss)
436 http fetch GET 200 https://registry.npmjs.org/mini-css-extract-plugin/-/mini-css-extract-plugin-2.9.4.tgz 72324ms (cache miss)
437 http fetch GET 200 https://registry.npmjs.org/minimatch/-/minimatch-3.1.2.tgz 72589ms (cache miss)
438 http fetch GET 200 https://registry.npmjs.org/minipass/-/minipass-3.3.6.tgz 72823ms (cache miss)
439 http fetch GET 200 https://registry.npmjs.org/pako/-/pako-1.0.11.tgz 72830ms (cache miss)
440 http fetch GET 200 https://registry.npmjs.org/mime-types/-/mime-types-2.1.35.tgz 72900ms (cache miss)
441 http fetch GET 200 https://registry.npmjs.org/methods/-/methods-1.1.2.tgz 73058ms (cache miss)
442 http fetch GET 200 https://registry.npmjs.org/merge2/-/merge2-1.4.1.tgz 73136ms (cache miss)
443 http fetch GET 200 https://registry.npmjs.org/merge-source-map/-/merge-source-map-1.1.0.tgz 73314ms (cache miss)
444 http fetch GET 200 https://registry.npmjs.org/merge-stream/-/merge-stream-2.0.0.tgz 73482ms (cache miss)
445 http fetch GET 200 https://registry.npmjs.org/memfs/-/memfs-3.5.3.tgz 73635ms (cache miss)
446 http fetch GET 200 https://registry.npmjs.org/merge-descriptors/-/merge-descriptors-1.0.3.tgz 73645ms (cache miss)
447 http fetch GET 200 https://registry.npmjs.org/mime/-/mime-1.6.0.tgz 73700ms (cache miss)
448 http fetch GET 200 https://registry.npmjs.org/media-typer/-/media-typer-0.3.0.tgz 74128ms (cache miss)
449 http fetch GET 200 https://registry.npmjs.org/make-dir/-/make-dir-3.1.0.tgz 74451ms (cache miss)
450 http fetch GET 200 https://registry.npmjs.org/mlly/-/mlly-1.8.0.tgz 74510ms (cache miss)
451 http fetch GET 200 https://registry.npmjs.org/math-intrinsics/-/math-intrinsics-1.1.0.tgz 74527ms (cache miss)
452 http fetch GET 200 https://registry.npmjs.org/micromatch/-/micromatch-4.0.8.tgz 74562ms (cache miss)
453 http fetch GET 200 https://registry.npmjs.org/loupe/-/loupe-2.3.7.tgz 75597ms (cache miss)
454 http fetch GET 200 https://registry.npmjs.org/lru-cache/-/lru-cache-5.1.1.tgz 75627ms (cache miss)
455 http fetch GET 200 https://registry.npmjs.org/mime-db/-/mime-db-1.52.0.tgz 75710ms (cache miss)
456 http fetch GET 200 https://registry.npmjs.org/lower-case/-/lower-case-2.0.2.tgz 75780ms (cache miss)
457 http fetch GET 200 https://registry.npmjs.org/log-update/-/log-update-2.3.0.tgz 75884ms (cache miss)
458 http fetch GET 200 https://registry.npmjs.org/log-symbols/-/log-symbols-4.1.0.tgz 75971ms (cache miss)
459 http fetch GET 200 https://registry.npmjs.org/vue/-/vue-3.5.25.tgz 76741ms (cache miss)
460 http fetch GET 200 https://registry.npmjs.org/lodash.uniq/-/lodash.uniq-4.5.0.tgz 76835ms (cache miss)
461 http fetch GET 200 https://registry.npmjs.org/lodash.truncate/-/lodash.truncate-4.4.2.tgz 77047ms (cache miss)
462 http fetch GET 200 https://registry.npmjs.org/lodash.merge/-/lodash.merge-4.6.2.tgz 77432ms (cache miss)
463 http fetch GET 200 https://registry.npmjs.org/lodash.memoize/-/lodash.memoize-4.1.2.tgz 77588ms (cache miss)
464 http fetch GET 200 https://registry.npmjs.org/lodash.kebabcase/-/lodash.kebabcase-4.1.1.tgz 77810ms (cache miss)
465 http fetch GET 200 https://registry.npmjs.org/locate-path/-/locate-path-5.0.0.tgz 78376ms (cache miss)
466 http fetch GET 200 https://registry.npmjs.org/lodash.debounce/-/lodash.debounce-4.0.8.tgz 78376ms (cache miss)
467 http fetch GET 200 https://registry.npmjs.org/lodash.defaultsdeep/-/lodash.defaultsdeep-4.6.1.tgz 78378ms (cache miss)
468 http fetch GET 200 https://registry.npmjs.org/local-pkg/-/local-pkg-0.5.1.tgz 78426ms (cache miss)
469 http fetch GET 200 https://registry.npmjs.org/lodash.mapvalues/-/lodash.mapvalues-4.6.0.tgz 78577ms (cache miss)
470 http fetch GET 200 https://registry.npmjs.org/lilconfig/-/lilconfig-2.1.0.tgz 78985ms (cache miss)
471 http fetch GET 200 https://registry.npmjs.org/lz-string/-/lz-string-1.5.0.tgz 79117ms (cache miss)
472 http fetch GET 200 https://registry.npmjs.org/loader-runner/-/loader-runner-4.3.1.tgz 79165ms (cache miss)
473 http fetch GET 200 https://registry.npmjs.org/lines-and-columns/-/lines-and-columns-1.2.4.tgz 79203ms (cache miss)
474 http fetch GET 200 https://registry.npmjs.org/launch-editor-middleware/-/launch-editor-middleware-2.12.0.tgz 79585ms (cache miss)
475 http fetch GET 200 https://registry.npmjs.org/loader-utils/-/loader-utils-1.4.2.tgz 79590ms (cache miss)
476 http fetch GET 200 https://registry.npmjs.org/levn/-/levn-0.4.1.tgz 79815ms (cache miss)
477 http fetch GET 200 https://registry.npmjs.org/klona/-/klona-2.0.6.tgz 80039ms (cache miss)
478 http fetch GET 200 https://registry.npmjs.org/msw/-/msw-2.12.9.tgz 80091ms (cache miss)
479 http fetch GET 200 https://registry.npmjs.org/kind-of/-/kind-of-6.0.3.tgz 80160ms (cache miss)
480 http fetch GET 200 https://registry.npmjs.org/launch-editor/-/launch-editor-2.12.0.tgz 80164ms (cache miss)
481 http fetch GET 200 https://registry.npmjs.org/jsonfile/-/jsonfile-6.2.0.tgz 80483ms (cache miss)
482 http fetch GET 200 https://registry.npmjs.org/json-schema-traverse/-/json-schema-traverse-0.4.1.tgz 80484ms (cache miss)
483 http fetch GET 200 https://registry.npmjs.org/keyv/-/keyv-4.5.4.tgz 80486ms (cache miss)
484 http fetch GET 200 https://registry.npmjs.org/json-stable-stringify-without-jsonify/-/json-stable-stringify-without-jsonify-1.0.1.tgz 80780ms (cache miss)
485 http fetch GET 200 https://registry.npmjs.org/json-buffer/-/json-buffer-3.0.1.tgz 80781ms (cache miss)
486 http fetch GET 200 https://registry.npmjs.org/magicast/-/magicast-0.3.5.tgz 80791ms (cache miss)
487 http fetch GET 200 https://registry.npmjs.org/json-parse-better-errors/-/json-parse-better-errors-1.0.2.tgz 80869ms (cache miss)
488 http fetch GET 200 https://registry.npmjs.org/js-message/-/js-message-1.0.7.tgz 81067ms (cache miss)
489 http fetch GET 200 https://registry.npmjs.org/json-parse-even-better-errors/-/json-parse-even-better-errors-2.3.1.tgz 81070ms (cache miss)
490 http fetch GET 200 https://registry.npmjs.org/js-cookie/-/js-cookie-3.0.5.tgz 81097ms (cache miss)
491 http fetch GET 200 https://registry.npmjs.org/mdn-data/-/mdn-data-2.0.14.tgz 81107ms (cache miss)
492 http fetch GET 200 https://registry.npmjs.org/js-tokens/-/js-tokens-4.0.0.tgz 81500ms (cache miss)
493 http fetch GET 200 https://registry.npmjs.org/jsesc/-/jsesc-3.1.0.tgz 81507ms (cache miss)
494 http fetch GET 200 https://registry.npmjs.org/magic-string/-/magic-string-0.30.21.tgz 82185ms (cache miss)
495 http fetch GET 200 https://registry.npmjs.org/joi/-/joi-17.13.3.tgz 82195ms (cache miss)
496 http fetch GET 200 https://registry.npmjs.org/jest-regex-util/-/jest-regex-util-30.0.1.tgz 82281ms (cache miss)
497 http fetch GET 200 https://registry.npmjs.org/jest-message-util/-/jest-message-util-30.2.0.tgz 82582ms (cache miss)
498 http fetch GET 200 https://registry.npmjs.org/jest-mock/-/jest-mock-30.2.0.tgz 82836ms (cache miss)
499 http fetch GET 200 https://registry.npmjs.org/jest-environment-jsdom/-/jest-environment-jsdom-30.2.0.tgz 82837ms (cache miss)
500 http fetch GET 200 https://registry.npmjs.org/jest-util/-/jest-util-30.2.0.tgz 82841ms (cache miss)
501 http fetch GET 200 https://registry.npmjs.org/jest-worker/-/jest-worker-27.5.1.tgz 83050ms (cache miss)
502 http fetch GET 200 https://registry.npmjs.org/jackspeak/-/jackspeak-3.4.3.tgz 83162ms (cache miss)
503 http fetch GET 200 https://registry.npmjs.org/json5/-/json5-2.2.3.tgz 83241ms (cache miss)
504 http fetch GET 200 https://registry.npmjs.org/isobject/-/isobject-3.0.1.tgz 83662ms (cache miss)
505 http fetch GET 200 https://registry.npmjs.org/isexe/-/isexe-2.0.0.tgz 83696ms (cache miss)
506 http fetch GET 200 https://registry.npmjs.org/js-beautify/-/js-beautify-1.15.4.tgz 83702ms (cache miss)
507 http fetch GET 200 https://registry.npmjs.org/javascript-stringify/-/javascript-stringify-2.1.0.tgz 83705ms (cache miss)
508 http fetch GET 200 https://registry.npmjs.org/istanbul-lib-source-maps/-/istanbul-lib-source-maps-5.0.6.tgz 83725ms (cache miss)
509 http fetch GET 200 https://registry.npmjs.org/istanbul-lib-report/-/istanbul-lib-report-3.0.1.tgz 83727ms (cache miss)
510 http fetch GET 200 https://registry.npmjs.org/istanbul-lib-coverage/-/istanbul-lib-coverage-3.2.2.tgz 83844ms (cache miss)
511 http fetch GET 200 https://registry.npmjs.org/isarray/-/isarray-1.0.0.tgz 84034ms (cache miss)
512 http fetch GET 200 https://registry.npmjs.org/is-wsl/-/is-wsl-2.2.0.tgz 84165ms (cache miss)
513 http fetch GET 200 https://registry.npmjs.org/js-yaml/-/js-yaml-3.14.2.tgz 84187ms (cache miss)
514 http fetch GET 200 https://registry.npmjs.org/is-unicode-supported/-/is-unicode-supported-0.1.0.tgz 84220ms (cache miss)
515 http fetch GET 200 https://registry.npmjs.org/is-what/-/is-what-5.5.0.tgz 84227ms (cache miss)
516 http fetch GET 200 https://registry.npmjs.org/is-string/-/is-string-1.1.1.tgz 84337ms (cache miss)
517 http fetch GET 200 https://registry.npmjs.org/is-weakset/-/is-weakset-2.0.4.tgz 84384ms (cache miss)
518 http fetch GET 200 https://registry.npmjs.org/is-stream/-/is-stream-1.1.0.tgz 84435ms (cache miss)
519 http fetch GET 200 https://registry.npmjs.org/is-weakmap/-/is-weakmap-2.0.2.tgz 84459ms (cache miss)
520 http fetch GET 200 https://registry.npmjs.org/is-regex/-/is-regex-1.2.1.tgz 84624ms (cache miss)
521 http fetch GET 200 https://registry.npmjs.org/is-set/-/is-set-2.0.3.tgz 84630ms (cache miss)
522 http fetch GET 200 https://registry.npmjs.org/is-plain-object/-/is-plain-object-2.0.4.tgz 84681ms (cache miss)
523 http fetch GET 200 https://registry.npmjs.org/is-potential-custom-element-name/-/is-potential-custom-element-name-1.0.1.tgz 84681ms (cache miss)
524 http fetch GET 200 https://registry.npmjs.org/is-shared-array-buffer/-/is-shared-array-buffer-1.0.4.tgz 84689ms (cache miss)
525 http fetch GET 200 https://registry.npmjs.org/is-symbol/-/is-symbol-1.1.1.tgz 84723ms (cache miss)
526 http fetch GET 200 https://registry.npmjs.org/is-plain-obj/-/is-plain-obj-3.0.0.tgz 84723ms (cache miss)
527 http fetch GET 200 https://registry.npmjs.org/is-number/-/is-number-7.0.0.tgz 84840ms (cache miss)
528 http fetch GET 200 https://registry.npmjs.org/is-node-process/-/is-node-process-1.2.0.tgz 84841ms (cache miss)
529 http fetch GET 200 https://registry.npmjs.org/is-interactive/-/is-interactive-1.0.0.tgz 84887ms (cache miss)
530 http fetch GET 200 https://registry.npmjs.org/is-extglob/-/is-extglob-2.1.1.tgz 84923ms (cache miss)
531 http fetch GET 200 https://registry.npmjs.org/is-fullwidth-code-point/-/is-fullwidth-code-point-3.0.0.tgz 84953ms (cache miss)
532 http fetch GET 200 https://registry.npmjs.org/is-glob/-/is-glob-4.0.3.tgz 84954ms (cache miss)
533 http fetch GET 200 https://registry.npmjs.org/is-docker/-/is-docker-2.2.1.tgz 84956ms (cache miss)
534 http fetch GET 200 https://registry.npmjs.org/is-number-object/-/is-number-object-1.1.1.tgz 85043ms (cache miss)
535 http fetch GET 200 https://registry.npmjs.org/is-buffer/-/is-buffer-2.0.5.tgz 85089ms (cache miss)
536 http fetch GET 200 https://registry.npmjs.org/is-ci/-/is-ci-1.2.1.tgz 85089ms (cache miss)
537 http fetch GET 200 https://registry.npmjs.org/is-file-esm/-/is-file-esm-1.0.0.tgz 85108ms (cache miss)
538 http fetch GET 200 https://registry.npmjs.org/is-callable/-/is-callable-1.2.7.tgz 85129ms (cache miss)
539 http fetch GET 200 https://registry.npmjs.org/is-map/-/is-map-2.0.3.tgz 85301ms (cache miss)
540 http fetch GET 200 https://registry.npmjs.org/is-binary-path/-/is-binary-path-2.1.0.tgz 85444ms (cache miss)
541 http fetch GET 200 https://registry.npmjs.org/is-arrayish/-/is-arrayish-0.2.1.tgz 85445ms (cache miss)
542 http fetch GET 200 https://registry.npmjs.org/is-date-object/-/is-date-object-1.1.0.tgz 85450ms (cache miss)
543 http fetch GET 200 https://registry.npmjs.org/is-core-module/-/is-core-module-2.16.1.tgz 85451ms (cache miss)
544 http fetch GET 200 https://registry.npmjs.org/is-array-buffer/-/is-array-buffer-3.0.5.tgz 85638ms (cache miss)
545 http fetch GET 200 https://registry.npmjs.org/is-boolean-object/-/is-boolean-object-1.2.2.tgz 85688ms (cache miss)
546 http fetch GET 200 https://registry.npmjs.org/is-arguments/-/is-arguments-1.2.0.tgz 85829ms (cache miss)
547 http fetch GET 200 https://registry.npmjs.org/inherits/-/inherits-2.0.4.tgz 85829ms (cache miss)
548 http fetch GET 200 https://registry.npmjs.org/is-bigint/-/is-bigint-1.1.0.tgz 85832ms (cache miss)
549 http fetch GET 200 https://registry.npmjs.org/ini/-/ini-1.3.8.tgz 85871ms (cache miss)
550 http fetch GET 200 https://registry.npmjs.org/inflight/-/inflight-1.0.6.tgz 86094ms (cache miss)
551 warn deprecated inflight@1.0.6: This module is not supported, and leaks memory. Do not use it. Check out lru-cache if you want a good and tested way to coalesce async requests by a key value, which is much more comprehensive and powerful.
552 http fetch GET 200 https://registry.npmjs.org/internal-slot/-/internal-slot-1.1.0.tgz 86118ms (cache miss)
553 http fetch GET 200 https://registry.npmjs.org/import-fresh/-/import-fresh-3.3.1.tgz 86143ms (cache miss)
554 http fetch GET 200 https://registry.npmjs.org/imurmurhash/-/imurmurhash-0.1.4.tgz 86144ms (cache miss)
555 http fetch GET 200 https://registry.npmjs.org/ignore/-/ignore-5.3.2.tgz 86147ms (cache miss)
556 http fetch GET 200 https://registry.npmjs.org/ieee754/-/ieee754-1.2.1.tgz 86295ms (cache miss)
557 http fetch GET 200 https://registry.npmjs.org/icss-utils/-/icss-utils-5.1.0.tgz 86297ms (cache miss)
558 http fetch GET 200 https://registry.npmjs.org/ipaddr.js/-/ipaddr.js-2.3.0.tgz 86301ms (cache miss)
559 http fetch GET 200 https://registry.npmjs.org/http-proxy-agent/-/http-proxy-agent-5.0.0.tgz 86545ms (cache miss)
560 http fetch GET 200 https://registry.npmjs.org/http-proxy-middleware/-/http-proxy-middleware-2.0.9.tgz 86616ms (cache miss)
561 http fetch GET 200 https://registry.npmjs.org/istanbul-reports/-/istanbul-reports-3.2.0.tgz 86641ms (cache miss)
562 http fetch GET 200 https://registry.npmjs.org/https-proxy-agent/-/https-proxy-agent-5.0.1.tgz 86743ms (cache miss)
563 http fetch GET 200 https://registry.npmjs.org/human-signals/-/human-signals-2.1.0.tgz 86748ms (cache miss)
564 http fetch GET 200 https://registry.npmjs.org/http-deceiver/-/http-deceiver-1.2.7.tgz 86768ms (cache miss)
565 http fetch GET 200 https://registry.npmjs.org/http-errors/-/http-errors-2.0.1.tgz 86768ms (cache miss)
566 http fetch GET 200 https://registry.npmjs.org/http-parser-js/-/http-parser-js-0.5.10.tgz 87136ms (cache miss)
567 http fetch GET 200 https://registry.npmjs.org/html-tags/-/html-tags-2.0.0.tgz 87137ms (cache miss)
568 http fetch GET 200 https://registry.npmjs.org/html-escaper/-/html-escaper-2.0.2.tgz 87136ms (cache miss)
569 http fetch GET 200 https://registry.npmjs.org/html-encoding-sniffer/-/html-encoding-sniffer-3.0.0.tgz 87270ms (cache miss)
570 http fetch GET 200 https://registry.npmjs.org/hosted-git-info/-/hosted-git-info-2.8.9.tgz 87424ms (cache miss)
571 http fetch GET 200 https://registry.npmjs.org/htmlparser2/-/htmlparser2-6.1.0.tgz 87452ms (cache miss)
572 http fetch GET 200 https://registry.npmjs.org/hookable/-/hookable-5.5.3.tgz 88010ms (cache miss)
573 http fetch GET 200 https://registry.npmjs.org/headers-polyfill/-/headers-polyfill-4.0.3.tgz 88046ms (cache miss)
574 http fetch GET 200 https://registry.npmjs.org/html-minifier-terser/-/html-minifier-terser-6.1.0.tgz 88050ms (cache miss)
575 http fetch GET 200 https://registry.npmjs.org/html-webpack-plugin/-/html-webpack-plugin-5.6.5.tgz 88050ms (cache miss)
576 http fetch GET 200 https://registry.npmjs.org/hpack.js/-/hpack.js-2.1.6.tgz 88135ms (cache miss)
577 http fetch GET 200 https://registry.npmjs.org/has-tostringtag/-/has-tostringtag-1.0.2.tgz 88219ms (cache miss)
578 http fetch GET 200 https://registry.npmjs.org/hasown/-/hasown-2.0.2.tgz 88402ms (cache miss)
579 http fetch GET 200 https://registry.npmjs.org/hash-sum/-/hash-sum-2.0.0.tgz 88402ms (cache miss)
580 http fetch GET 200 https://registry.npmjs.org/has-property-descriptors/-/has-property-descriptors-1.0.2.tgz 88404ms (cache miss)
581 http fetch GET 200 https://registry.npmjs.org/has-symbols/-/has-symbols-1.1.0.tgz 88607ms (cache miss)
582 http fetch GET 200 https://registry.npmjs.org/handle-thing/-/handle-thing-2.0.1.tgz 88663ms (cache miss)
583 http fetch GET 200 https://registry.npmjs.org/has-flag/-/has-flag-4.0.0.tgz 88726ms (cache miss)
584 http fetch GET 200 https://registry.npmjs.org/html-entities/-/html-entities-2.6.0.tgz 88813ms (cache miss)
585 http fetch GET 200 https://registry.npmjs.org/has-bigints/-/has-bigints-1.1.0.tgz 88978ms (cache miss)
586 http fetch GET 200 https://registry.npmjs.org/gzip-size/-/gzip-size-6.0.0.tgz 88985ms (cache miss)
587 http fetch GET 200 https://registry.npmjs.org/gopd/-/gopd-1.2.0.tgz 89467ms (cache miss)
588 http fetch GET 200 https://registry.npmjs.org/he/-/he-1.2.0.tgz 89472ms (cache miss)
589 http fetch GET 200 https://registry.npmjs.org/globby/-/globby-11.1.0.tgz 89607ms (cache miss)
590 http fetch GET 200 https://registry.npmjs.org/glob-parent/-/glob-parent-6.0.2.tgz 89845ms (cache miss)
591 http fetch GET 200 https://registry.npmjs.org/globals/-/globals-13.24.0.tgz 89908ms (cache miss)
592 http fetch GET 200 https://registry.npmjs.org/http-proxy/-/http-proxy-1.18.1.tgz 89924ms (cache miss)
593 http fetch GET 200 https://registry.npmjs.org/glob-to-regexp/-/glob-to-regexp-0.4.1.tgz 90225ms (cache miss)
594 http fetch GET 200 https://registry.npmjs.org/graphql/-/graphql-16.12.0.tgz 90607ms (cache miss)
595 http fetch GET 200 https://registry.npmjs.org/get-stream/-/get-stream-4.1.0.tgz 90718ms (cache miss)
596 http fetch GET 200 https://registry.npmjs.org/get-proto/-/get-proto-1.0.1.tgz 90718ms (cache miss)
597 http fetch GET 200 https://registry.npmjs.org/glob/-/glob-7.2.3.tgz 90737ms (cache miss)
598 warn deprecated glob@7.2.3: Glob versions prior to v9 are no longer supported
599 http fetch GET 200 https://registry.npmjs.org/get-func-name/-/get-func-name-2.0.2.tgz 90855ms (cache miss)
600 http fetch GET 200 https://registry.npmjs.org/graceful-fs/-/graceful-fs-4.2.11.tgz 90865ms (cache miss)
601 http fetch GET 200 https://registry.npmjs.org/get-caller-file/-/get-caller-file-2.0.5.tgz 91100ms (cache miss)
602 http fetch GET 200 https://registry.npmjs.org/get-intrinsic/-/get-intrinsic-1.3.0.tgz 91104ms (cache miss)
603 http fetch GET 200 https://registry.npmjs.org/functions-have-names/-/functions-have-names-1.2.3.tgz 91354ms (cache miss)
604 http fetch GET 200 https://registry.npmjs.org/gensync/-/gensync-1.0.0-beta.2.tgz 91364ms (cache miss)
605 http fetch GET 200 https://registry.npmjs.org/fs.realpath/-/fs.realpath-1.0.0.tgz 91379ms (cache miss)
606 http fetch GET 200 https://registry.npmjs.org/functional-red-black-tree/-/functional-red-black-tree-1.0.1.tgz 91380ms (cache miss)
607 http fetch GET 200 https://registry.npmjs.org/function-bind/-/function-bind-1.1.2.tgz 91382ms (cache miss)
608 http fetch GET 200 https://registry.npmjs.org/fs-monkey/-/fs-monkey-1.1.0.tgz 91404ms (cache miss)
609 http fetch GET 200 https://registry.npmjs.org/forwarded/-/forwarded-0.2.0.tgz 91563ms (cache miss)
610 http fetch GET 200 https://registry.npmjs.org/for-each/-/for-each-0.3.5.tgz 91595ms (cache miss)
611 http fetch GET 200 https://registry.npmjs.org/fresh/-/fresh-0.5.2.tgz 91629ms (cache miss)
612 http fetch GET 200 https://registry.npmjs.org/pusher-js/-/pusher-js-8.4.0.tgz 91738ms (cache miss)
613 http fetch GET 200 https://registry.npmjs.org/follow-redirects/-/follow-redirects-1.15.11.tgz 91777ms (cache miss)
614 http fetch GET 200 https://registry.npmjs.org/foreground-child/-/foreground-child-3.3.1.tgz 92233ms (cache miss)
615 http fetch GET 200 https://registry.npmjs.org/find-up/-/find-up-4.1.0.tgz 92233ms (cache miss)
616 http fetch GET 200 https://registry.npmjs.org/flatted/-/flatted-3.3.3.tgz 92235ms (cache miss)
617 http fetch GET 200 https://registry.npmjs.org/flat/-/flat-5.0.2.tgz 92239ms (cache miss)
618 http fetch GET 200 https://registry.npmjs.org/flat-cache/-/flat-cache-3.2.0.tgz 92349ms (cache miss)
619 http fetch GET 200 https://registry.npmjs.org/fs-extra/-/fs-extra-9.1.0.tgz 92398ms (cache miss)
620 http fetch GET 200 https://registry.npmjs.org/file-entry-cache/-/file-entry-cache-6.0.1.tgz 92406ms (cache miss)
621 http fetch GET 200 https://registry.npmjs.org/find-cache-dir/-/find-cache-dir-3.3.2.tgz 92550ms (cache miss)
622 http fetch GET 200 https://registry.npmjs.org/form-data/-/form-data-4.0.5.tgz 92583ms (cache miss)
623 http fetch GET 200 https://registry.npmjs.org/fill-range/-/fill-range-7.1.1.tgz 92580ms (cache miss)
624 http fetch GET 200 https://registry.npmjs.org/finalhandler/-/finalhandler-1.3.2.tgz 92580ms (cache miss)
625 http fetch GET 200 https://registry.npmjs.org/figures/-/figures-2.0.0.tgz 92799ms (cache miss)
626 http fetch GET 200 https://registry.npmjs.org/fraction.js/-/fraction.js-5.3.4.tgz 92811ms (cache miss)
627 http fetch GET 200 https://registry.npmjs.org/fast-uri/-/fast-uri-3.1.0.tgz 92839ms (cache miss)
628 http fetch GET 200 https://registry.npmjs.org/fast-levenshtein/-/fast-levenshtein-2.0.6.tgz 92955ms (cache miss)
629 http fetch GET 200 https://registry.npmjs.org/fast-json-stable-stringify/-/fast-json-stable-stringify-2.1.0.tgz 93091ms (cache miss)
630 http fetch GET 200 https://registry.npmjs.org/fastq/-/fastq-1.19.1.tgz 93092ms (cache miss)
631 http fetch GET 200 https://registry.npmjs.org/fast-glob/-/fast-glob-3.3.3.tgz 93194ms (cache miss)
632 http fetch GET 200 https://registry.npmjs.org/fast-deep-equal/-/fast-deep-equal-3.1.3.tgz 93244ms (cache miss)
633 http fetch GET 200 https://registry.npmjs.org/faye-websocket/-/faye-websocket-0.11.4.tgz 93365ms (cache miss)
634 http fetch GET 200 https://registry.npmjs.org/eventemitter3/-/eventemitter3-4.0.7.tgz 93501ms (cache miss)
635 http fetch GET 200 https://registry.npmjs.org/execa/-/execa-1.0.0.tgz 93624ms (cache miss)
636 http fetch GET 200 https://registry.npmjs.org/fast-diff/-/fast-diff-1.3.0.tgz 93708ms (cache miss)
637 http fetch GET 200 https://registry.npmjs.org/event-pubsub/-/event-pubsub-4.3.0.tgz 93743ms (cache miss)
638 http fetch GET 200 https://registry.npmjs.org/etag/-/etag-1.8.1.tgz 93848ms (cache miss)
639 http fetch GET 200 https://registry.npmjs.org/estree-walker/-/estree-walker-2.0.2.tgz 94021ms (cache miss)
640 http fetch GET 200 https://registry.npmjs.org/esrecurse/-/esrecurse-4.3.0.tgz 94255ms (cache miss)
641 http fetch GET 200 https://registry.npmjs.org/esutils/-/esutils-2.0.3.tgz 94265ms (cache miss)
642 http fetch GET 200 https://registry.npmjs.org/events/-/events-3.3.0.tgz 94285ms (cache miss)
643 http fetch GET 200 https://registry.npmjs.org/lodash/-/lodash-4.17.23.tgz 94402ms (cache miss)
644 http fetch GET 200 https://registry.npmjs.org/estraverse/-/estraverse-4.3.0.tgz 94387ms (cache miss)
645 http fetch GET 200 https://registry.npmjs.org/iconv-lite/-/iconv-lite-0.4.24.tgz 94454ms (cache miss)
646 http fetch GET 200 https://registry.npmjs.org/esprima/-/esprima-4.0.1.tgz 94537ms (cache miss)
647 http fetch GET 200 https://registry.npmjs.org/express/-/express-4.22.1.tgz 94827ms (cache miss)
648 http fetch GET 200 https://registry.npmjs.org/eslint-visitor-keys/-/eslint-visitor-keys-2.1.0.tgz 95024ms (cache miss)
649 http fetch GET 200 https://registry.npmjs.org/eslint-webpack-plugin/-/eslint-webpack-plugin-3.2.0.tgz 95047ms (cache miss)
650 http fetch GET 200 https://registry.npmjs.org/eslint-plugin-prettier/-/eslint-plugin-prettier-3.4.1.tgz 95148ms (cache miss)
651 http fetch GET 200 https://registry.npmjs.org/eslint-scope/-/eslint-scope-5.1.1.tgz 95443ms (cache miss)
652 http fetch GET 200 https://registry.npmjs.org/espree/-/espree-7.3.1.tgz 95448ms (cache miss)
653 http fetch GET 200 https://registry.npmjs.org/escape-string-regexp/-/escape-string-regexp-1.0.5.tgz 95558ms (cache miss)
654 http fetch GET 200 https://registry.npmjs.org/escalade/-/escalade-3.2.0.tgz 95579ms (cache miss)
655 http fetch GET 200 https://registry.npmjs.org/escape-html/-/escape-html-1.0.3.tgz 95664ms (cache miss)
656 http fetch GET 200 https://registry.npmjs.org/eslint-config-prettier/-/eslint-config-prettier-10.1.8.tgz 95870ms (cache miss)
657 http fetch GET 200 https://registry.npmjs.org/es-object-atoms/-/es-object-atoms-1.1.1.tgz 95892ms (cache miss)
658 http fetch GET 200 https://registry.npmjs.org/es-set-tostringtag/-/es-set-tostringtag-2.1.0.tgz 96142ms (cache miss)
659 http fetch GET 200 https://registry.npmjs.org/es-get-iterator/-/es-get-iterator-1.1.3.tgz 96159ms (cache miss)
660 http fetch GET 200 https://registry.npmjs.org/es-errors/-/es-errors-1.3.0.tgz 96288ms (cache miss)
661 http fetch GET 200 https://registry.npmjs.org/error-stack-parser/-/error-stack-parser-2.1.4.tgz 96668ms (cache miss)
662 http fetch GET 200 https://registry.npmjs.org/es-define-property/-/es-define-property-1.0.1.tgz 96669ms (cache miss)
663 http fetch GET 200 https://registry.npmjs.org/error-ex/-/error-ex-1.3.4.tgz 96719ms (cache miss)
664 http fetch GET 200 https://registry.npmjs.org/es-module-lexer/-/es-module-lexer-2.0.0.tgz 97057ms (cache miss)
665 http fetch GET 200 https://registry.npmjs.org/esbuild/-/esbuild-0.21.5.tgz 97165ms (cache miss)
666 http fetch GET 200 https://registry.npmjs.org/entities/-/entities-4.5.0.tgz 97472ms (cache miss)
667 http fetch GET 200 https://registry.npmjs.org/jsdom/-/jsdom-22.1.0.tgz 97641ms (cache miss)
668 http fetch GET 200 https://registry.npmjs.org/encodeurl/-/encodeurl-2.0.0.tgz 97755ms (cache miss)
669 http fetch GET 200 https://registry.npmjs.org/eslint-utils/-/eslint-utils-3.0.0.tgz 97966ms (cache miss)
670 http fetch GET 200 https://registry.npmjs.org/end-of-stream/-/end-of-stream-1.4.5.tgz 97963ms (cache miss)
671 http fetch GET 200 https://registry.npmjs.org/emoji-regex/-/emoji-regex-8.0.0.tgz 98493ms (cache miss)
672 http fetch GET 200 https://registry.npmjs.org/enhanced-resolve/-/enhanced-resolve-5.19.0.tgz 98499ms (cache miss)
673 http fetch GET 200 https://registry.npmjs.org/webpack/-/webpack-5.105.0.tgz 98620ms (cache miss)
674 http fetch GET 200 https://registry.npmjs.org/fflate/-/fflate-0.8.2.tgz 98561ms (cache miss)
675 http fetch GET 200 https://registry.npmjs.org/ee-first/-/ee-first-1.1.1.tgz 98872ms (cache miss)
676 http fetch GET 200 https://registry.npmjs.org/enquirer/-/enquirer-2.4.1.tgz 98953ms (cache miss)
677 http fetch GET 200 https://registry.npmjs.org/editorconfig/-/editorconfig-1.0.4.tgz 98952ms (cache miss)
678 http fetch GET 200 https://registry.npmjs.org/emojis-list/-/emojis-list-3.0.0.tgz 98963ms (cache miss)
679 http fetch GET 200 https://registry.npmjs.org/eastasianwidth/-/eastasianwidth-0.2.0.tgz 99067ms (cache miss)
680 http fetch GET 200 https://registry.npmjs.org/duplexer/-/duplexer-0.1.2.tgz 99132ms (cache miss)
681 http fetch GET 200 https://registry.npmjs.org/easy-stack/-/easy-stack-1.0.1.tgz 99142ms (cache miss)
682 http fetch GET 200 https://registry.npmjs.org/electron-to-chromium/-/electron-to-chromium-1.5.267.tgz 99177ms (cache miss)
683 http fetch GET 200 https://registry.npmjs.org/dotenv-expand/-/dotenv-expand-5.1.0.tgz 99235ms (cache miss)
684 http fetch GET 200 https://registry.npmjs.org/dunder-proto/-/dunder-proto-1.0.1.tgz 99309ms (cache miss)
685 http fetch GET 200 https://registry.npmjs.org/prettier/-/prettier-2.8.8.tgz 99367ms (cache miss)
686 http fetch GET 200 https://registry.npmjs.org/dot-case/-/dot-case-3.0.4.tgz 99362ms (cache miss)
687 http fetch GET 200 https://registry.npmjs.org/dotenv/-/dotenv-10.0.0.tgz 99433ms (cache miss)
688 http fetch GET 200 https://registry.npmjs.org/domelementtype/-/domelementtype-2.3.0.tgz 99473ms (cache miss)
689 http fetch GET 200 https://registry.npmjs.org/domexception/-/domexception-4.0.0.tgz 99519ms (cache miss)
690 warn deprecated domexception@4.0.0: Use your platform's native DOMException instead
691 http fetch GET 200 https://registry.npmjs.org/dom-converter/-/dom-converter-0.2.0.tgz 99542ms (cache miss)
692 http fetch GET 200 https://registry.npmjs.org/dom-serializer/-/dom-serializer-1.4.1.tgz 99626ms (cache miss)
693 http fetch GET 200 https://registry.npmjs.org/domhandler/-/domhandler-4.3.1.tgz 99773ms (cache miss)
694 http fetch GET 200 https://registry.npmjs.org/domutils/-/domutils-2.8.0.tgz 99893ms (cache miss)
695 http fetch GET 200 https://registry.npmjs.org/destroy/-/destroy-1.2.0.tgz 99892ms (cache miss)
696 http fetch GET 200 https://registry.npmjs.org/detect-node/-/detect-node-2.1.0.tgz 99893ms (cache miss)
697 http fetch GET 200 https://registry.npmjs.org/doctrine/-/doctrine-3.0.0.tgz 99913ms (cache miss)
698 http fetch GET 200 https://registry.npmjs.org/delayed-stream/-/delayed-stream-1.0.0.tgz 100368ms (cache miss)
699 http fetch GET 200 https://registry.npmjs.org/dns-packet/-/dns-packet-5.6.1.tgz 100368ms (cache miss)
700 http fetch GET 200 https://registry.npmjs.org/dir-glob/-/dir-glob-3.0.1.tgz 100369ms (cache miss)
701 http fetch GET 200 https://registry.npmjs.org/define-lazy-prop/-/define-lazy-prop-2.0.0.tgz 100368ms (cache miss)
702 http fetch GET 200 https://registry.npmjs.org/diff-sequences/-/diff-sequences-29.6.3.tgz 100372ms (cache miss)
703 http fetch GET 200 https://registry.npmjs.org/depd/-/depd-2.0.0.tgz 100373ms (cache miss)
704 http fetch GET 200 https://registry.npmjs.org/define-properties/-/define-properties-1.2.1.tgz 100385ms (cache miss)
705 http fetch GET 200 https://registry.npmjs.org/define-data-property/-/define-data-property-1.1.4.tgz 100385ms (cache miss)
706 http fetch GET 200 https://registry.npmjs.org/deep-equal/-/deep-equal-2.2.3.tgz 100643ms (cache miss)
707 http fetch GET 200 https://registry.npmjs.org/deep-is/-/deep-is-0.1.4.tgz 100772ms (cache miss)
708 http fetch GET 200 https://registry.npmjs.org/defaults/-/defaults-1.0.4.tgz 100773ms (cache miss)
709 http fetch GET 200 https://registry.npmjs.org/default-gateway/-/default-gateway-6.0.3.tgz 100986ms (cache miss)
710 http fetch GET 200 https://registry.npmjs.org/debug/-/debug-4.4.3.tgz 100985ms (cache miss)
711 http fetch GET 200 https://registry.npmjs.org/debounce/-/debounce-1.2.1.tgz 100987ms (cache miss)
712 http fetch GET 200 https://registry.npmjs.org/deep-eql/-/deep-eql-4.1.4.tgz 100988ms (cache miss)
713 http fetch GET 200 https://registry.npmjs.org/deepmerge/-/deepmerge-1.5.2.tgz 100997ms (cache miss)
714 http fetch GET 200 https://registry.npmjs.org/data-urls/-/data-urls-4.0.0.tgz 101020ms (cache miss)
715 http fetch GET 200 https://registry.npmjs.org/esquery/-/esquery-1.6.0.tgz 101061ms (cache miss)
716 http fetch GET 200 https://registry.npmjs.org/dom-accessibility-api/-/dom-accessibility-api-0.5.16.tgz 101090ms (cache miss)
717 http fetch GET 200 https://registry.npmjs.org/cssesc/-/cssesc-3.0.0.tgz 101108ms (cache miss)
718 http fetch GET 200 https://registry.npmjs.org/cssnano-utils/-/cssnano-utils-3.1.0.tgz 101141ms (cache miss)
719 http fetch GET 200 https://registry.npmjs.org/cssnano-preset-default/-/cssnano-preset-default-5.2.14.tgz 101380ms (cache miss)
720 http fetch GET 200 https://registry.npmjs.org/css-select/-/css-select-4.3.0.tgz 101458ms (cache miss)
721 http fetch GET 200 https://registry.npmjs.org/css-what/-/css-what-6.2.2.tgz 101644ms (cache miss)
722 http fetch GET 200 https://registry.npmjs.org/cssnano/-/cssnano-5.1.15.tgz 101809ms (cache miss)
723 http fetch GET 200 https://registry.npmjs.org/css-minimizer-webpack-plugin/-/css-minimizer-webpack-plugin-3.4.1.tgz 101874ms (cache miss)
724 http fetch GET 200 https://registry.npmjs.org/cross-spawn/-/cross-spawn-6.0.6.tgz 101890ms (cache miss)
725 http fetch GET 200 https://registry.npmjs.org/css-declaration-sorter/-/css-declaration-sorter-6.4.1.tgz 102050ms (cache miss)
726 http fetch GET 200 https://registry.npmjs.org/core-util-is/-/core-util-is-1.0.3.tgz 102349ms (cache miss)
727 http fetch GET 200 https://registry.npmjs.org/core-js-compat/-/core-js-compat-3.48.0.tgz 102882ms (cache miss)
728 http fetch GET 200 https://registry.npmjs.org/css-loader/-/css-loader-6.11.0.tgz 102903ms (cache miss)
729 http fetch GET 200 https://registry.npmjs.org/copy-webpack-plugin/-/copy-webpack-plugin-9.1.0.tgz 102905ms (cache miss)
730 http fetch GET 200 https://registry.npmjs.org/cssstyle/-/cssstyle-3.0.0.tgz 102916ms (cache miss)
731 http fetch GET 200 https://registry.npmjs.org/copy-anything/-/copy-anything-4.0.5.tgz 103034ms (cache miss)
732 http fetch GET 200 https://registry.npmjs.org/cookie-signature/-/cookie-signature-1.0.7.tgz 103228ms (cache miss)
733 http fetch GET 200 https://registry.npmjs.org/convert-source-map/-/convert-source-map-2.0.0.tgz 103268ms (cache miss)
734 http fetch GET 200 https://registry.npmjs.org/cosmiconfig/-/cosmiconfig-7.1.0.tgz 103275ms (cache miss)
735 http fetch GET 200 https://registry.npmjs.org/content-type/-/content-type-1.0.5.tgz 103299ms (cache miss)
736 http fetch GET 200 https://registry.npmjs.org/cookie/-/cookie-0.7.2.tgz 103475ms (cache miss)
737 http fetch GET 200 https://registry.npmjs.org/eslint-plugin-vue/-/eslint-plugin-vue-8.7.1.tgz 103501ms (cache miss)
738 http fetch GET 200 https://registry.npmjs.org/decimal.js/-/decimal.js-10.6.0.tgz 103722ms (cache miss)
739 http fetch GET 200 https://registry.npmjs.org/connect-history-api-fallback/-/connect-history-api-fallback-2.0.0.tgz 103753ms (cache miss)
740 http fetch GET 200 https://registry.npmjs.org/concat-map/-/concat-map-0.0.1.tgz 103829ms (cache miss)
741 http fetch GET 200 https://registry.npmjs.org/config-chain/-/config-chain-1.1.13.tgz 103829ms (cache miss)
742 http fetch GET 200 https://registry.npmjs.org/consolidate/-/consolidate-0.15.1.tgz 103830ms (cache miss)
743 http fetch GET 200 https://registry.npmjs.org/content-disposition/-/content-disposition-0.5.4.tgz 103833ms (cache miss)
744 warn deprecated consolidate@0.15.1: Please upgrade to consolidate v1.0.0+ as it has been modernized with several long-awaited fixes implemented. Maintenance is supported by Forward Email at https://forwardemail.net ; follow/watch https://github.com/ladjs/consolidate for updates and release changelog
745 http fetch GET 200 https://registry.npmjs.org/highlight.js/-/highlight.js-10.7.3.tgz 103873ms (cache miss)
746 http fetch GET 200 https://registry.npmjs.org/commondir/-/commondir-1.0.1.tgz 103927ms (cache miss)
747 http fetch GET 200 https://registry.npmjs.org/compressible/-/compressible-2.0.18.tgz 103927ms (cache miss)
748 http fetch GET 200 https://registry.npmjs.org/combined-stream/-/combined-stream-1.0.8.tgz 103958ms (cache miss)
749 http fetch GET 200 https://registry.npmjs.org/colorette/-/colorette-2.0.20.tgz 104236ms (cache miss)
750 http fetch GET 200 https://registry.npmjs.org/clone-deep/-/clone-deep-4.0.1.tgz 104354ms (cache miss)
751 http fetch GET 200 https://registry.npmjs.org/color-name/-/color-name-1.1.4.tgz 104355ms (cache miss)
752 http fetch GET 200 https://registry.npmjs.org/compression/-/compression-1.8.1.tgz 104358ms (cache miss)
753 http fetch GET 200 https://registry.npmjs.org/color-convert/-/color-convert-2.0.1.tgz 104418ms (cache miss)
754 http fetch GET 200 https://registry.npmjs.org/clone/-/clone-1.0.4.tgz 104770ms (cache miss)
755 http fetch GET 200 https://registry.npmjs.org/cliui/-/cliui-7.0.4.tgz 104770ms (cache miss)
756 http fetch GET 200 https://registry.npmjs.org/cli-width/-/cli-width-4.1.0.tgz 104824ms (cache miss)
757 http fetch GET 200 https://registry.npmjs.org/dompurify/-/dompurify-3.3.1.tgz 104835ms (cache miss)
758 http fetch GET 200 https://registry.npmjs.org/cli-spinners/-/cli-spinners-2.9.2.tgz 104945ms (cache miss)
759 http fetch GET 200 https://registry.npmjs.org/cli-cursor/-/cli-cursor-3.1.0.tgz 105069ms (cache miss)
760 http fetch GET 200 https://registry.npmjs.org/colord/-/colord-2.9.3.tgz 105097ms (cache miss)
761 http fetch GET 200 https://registry.npmjs.org/ci-info/-/ci-info-1.6.0.tgz 105352ms (cache miss)
762 http fetch GET 200 https://registry.npmjs.org/cli-highlight/-/cli-highlight-2.1.11.tgz 105393ms (cache miss)
763 http fetch GET 200 https://registry.npmjs.org/chrome-trace-event/-/chrome-trace-event-1.0.4.tgz 105506ms (cache miss)
764 http fetch GET 200 https://registry.npmjs.org/check-error/-/check-error-1.0.3.tgz 105507ms (cache miss)
765 http fetch GET 200 https://registry.npmjs.org/commander/-/commander-8.3.0.tgz 105512ms (cache miss)
766 http fetch GET 200 https://registry.npmjs.org/csstype/-/csstype-3.2.3.tgz 106122ms (cache miss)
767 http fetch GET 200 https://registry.npmjs.org/chalk/-/chalk-3.0.0.tgz 106208ms (cache miss)
768 http fetch GET 200 https://registry.npmjs.org/caniuse-api/-/caniuse-api-3.0.0.tgz 106297ms (cache miss)
769 http fetch GET 200 https://registry.npmjs.org/case-sensitive-paths-webpack-plugin/-/case-sensitive-paths-webpack-plugin-2.4.0.tgz 106572ms (cache miss)
770 http fetch GET 200 https://registry.npmjs.org/chokidar/-/chokidar-3.6.0.tgz 106598ms (cache miss)
771 http fetch GET 200 https://registry.npmjs.org/csso/-/csso-4.2.0.tgz 106614ms (cache miss)
772 http fetch GET 200 https://registry.npmjs.org/camelcase/-/camelcase-5.3.1.tgz 106826ms (cache miss)
773 http fetch GET 200 https://registry.npmjs.org/camel-case/-/camel-case-4.1.2.tgz 106826ms (cache miss)
774 http fetch GET 200 https://registry.npmjs.org/callsites/-/callsites-3.1.0.tgz 106826ms (cache miss)
775 http fetch GET 200 https://registry.npmjs.org/confbox/-/confbox-0.1.8.tgz 107092ms (cache miss)
776 http fetch GET 200 https://registry.npmjs.org/call-bound/-/call-bound-1.0.4.tgz 107165ms (cache miss)
777 http fetch GET 200 https://registry.npmjs.org/call-bind-apply-helpers/-/call-bind-apply-helpers-1.0.2.tgz 107195ms (cache miss)
778 http fetch GET 200 https://registry.npmjs.org/call-bind/-/call-bind-1.0.8.tgz 107322ms (cache miss)
779 http fetch GET 200 https://registry.npmjs.org/buffer-from/-/buffer-from-1.1.2.tgz 107417ms (cache miss)
780 http fetch GET 200 https://registry.npmjs.org/bytes/-/bytes-3.1.2.tgz 107418ms (cache miss)
781 http fetch GET 200 https://registry.npmjs.org/caniuse-lite/-/caniuse-lite-1.0.30001760.tgz 107426ms (cache miss)
782 http fetch GET 200 https://registry.npmjs.org/brace-expansion/-/brace-expansion-1.1.12.tgz 107705ms (cache miss)
783 http fetch GET 200 https://registry.npmjs.org/boolbase/-/boolbase-1.0.0.tgz 107715ms (cache miss)
784 http fetch GET 200 https://registry.npmjs.org/cac/-/cac-6.7.14.tgz 107816ms (cache miss)
785 http fetch GET 200 https://registry.npmjs.org/browserslist/-/browserslist-4.28.1.tgz 107998ms (cache miss)
786 http fetch GET 200 https://registry.npmjs.org/braces/-/braces-3.0.3.tgz 108048ms (cache miss)
787 http fetch GET 200 https://registry.npmjs.org/clean-css/-/clean-css-5.3.3.tgz 108314ms (cache miss)
788 http fetch GET 200 https://registry.npmjs.org/buffer/-/buffer-5.7.1.tgz 108451ms (cache miss)
789 http fetch GET 200 https://registry.npmjs.org/body-parser/-/body-parser-1.20.4.tgz 108459ms (cache miss)
790 http fetch GET 200 https://registry.npmjs.org/birpc/-/birpc-2.9.0.tgz 108621ms (cache miss)
791 http fetch GET 200 https://registry.npmjs.org/binary-extensions/-/binary-extensions-2.3.0.tgz 108671ms (cache miss)
792 http fetch GET 200 https://registry.npmjs.org/bonjour-service/-/bonjour-service-1.3.0.tgz 108742ms (cache miss)
793 http fetch GET 200 https://registry.npmjs.org/bl/-/bl-4.1.0.tgz 108798ms (cache miss)
794 http fetch GET 200 https://registry.npmjs.org/batch/-/batch-0.6.1.tgz 109143ms (cache miss)
795 http fetch GET 200 https://registry.npmjs.org/base64-js/-/base64-js-1.5.1.tgz 109217ms (cache miss)
796 http fetch GET 200 https://registry.npmjs.org/balanced-match/-/balanced-match-1.0.2.tgz 109220ms (cache miss)
797 http fetch GET 200 https://registry.npmjs.org/bluebird/-/bluebird-3.7.2.tgz 109281ms (cache miss)
798 http fetch GET 200 https://registry.npmjs.org/babel-plugin-polyfill-regenerator/-/babel-plugin-polyfill-regenerator-0.6.6.tgz 109438ms (cache miss)
799 http fetch GET 200 https://registry.npmjs.org/core-js/-/core-js-3.48.0.tgz 109484ms (cache miss)
800 http fetch GET 200 https://registry.npmjs.org/big.js/-/big.js-5.2.2.tgz 109507ms (cache miss)
801 http fetch GET 200 https://registry.npmjs.org/babel-plugin-dynamic-import-node/-/babel-plugin-dynamic-import-node-2.3.3.tgz 109685ms (cache miss)
802 http fetch GET 200 https://registry.npmjs.org/babel-loader/-/babel-loader-8.4.1.tgz 109707ms (cache miss)
803 http fetch GET 200 https://registry.npmjs.org/css-tree/-/css-tree-1.1.3.tgz 109718ms (cache miss)
804 http fetch GET 200 https://registry.npmjs.org/at-least-node/-/at-least-node-1.0.0.tgz 109984ms (cache miss)
805 http fetch GET 200 https://registry.npmjs.org/available-typed-arrays/-/available-typed-arrays-1.0.7.tgz 109984ms (cache miss)
806 http fetch GET 200 https://registry.npmjs.org/babel-plugin-polyfill-corejs2/-/babel-plugin-polyfill-corejs2-0.4.15.tgz 109990ms (cache miss)
807 http fetch GET 200 https://registry.npmjs.org/astral-regex/-/astral-regex-2.0.0.tgz 110023ms (cache miss)
808 http fetch GET 200 https://registry.npmjs.org/axios-mock-adapter/-/axios-mock-adapter-1.22.0.tgz 110040ms (cache miss)
809 http fetch GET 200 https://registry.npmjs.org/asynckit/-/asynckit-0.4.0.tgz 110179ms (cache miss)
810 http fetch GET 200 https://registry.npmjs.org/array-flatten/-/array-flatten-1.1.1.tgz 110524ms (cache miss)
811 http fetch GET 200 https://registry.npmjs.org/array-union/-/array-union-2.1.0.tgz 110527ms (cache miss)
812 http fetch GET 200 https://registry.npmjs.org/assertion-error/-/assertion-error-1.1.0.tgz 110641ms (cache miss)
813 http fetch GET 200 https://registry.npmjs.org/array-buffer-byte-length/-/array-buffer-byte-length-1.0.2.tgz 110991ms (cache miss)
814 http fetch GET 200 https://registry.npmjs.org/async/-/async-3.2.6.tgz 111327ms (cache miss)
815 http fetch GET 200 https://registry.npmjs.org/autoprefixer/-/autoprefixer-10.4.23.tgz 111332ms (cache miss)
816 http fetch GET 200 https://registry.npmjs.org/arch/-/arch-2.2.0.tgz 111353ms (cache miss)
817 http fetch GET 200 https://registry.npmjs.org/anymatch/-/anymatch-3.1.3.tgz 111374ms (cache miss)
818 http fetch GET 200 https://registry.npmjs.org/ansi-styles/-/ansi-styles-4.3.0.tgz 111375ms (cache miss)
819 http fetch GET 200 https://registry.npmjs.org/baseline-browser-mapping/-/baseline-browser-mapping-2.9.7.tgz 111503ms (cache miss)
820 http fetch GET 200 https://registry.npmjs.org/chai/-/chai-4.5.0.tgz 111507ms (cache miss)
821 http fetch GET 200 https://registry.npmjs.org/any-promise/-/any-promise-1.3.0.tgz 111519ms (cache miss)
822 http fetch GET 200 https://registry.npmjs.org/ansi-colors/-/ansi-colors-4.1.3.tgz 111599ms (cache miss)
823 http fetch GET 200 https://registry.npmjs.org/ansi-escapes/-/ansi-escapes-3.2.0.tgz 111734ms (cache miss)
824 http fetch GET 200 https://registry.npmjs.org/ansi-regex/-/ansi-regex-5.0.1.tgz 111735ms (cache miss)
825 http fetch GET 200 https://registry.npmjs.org/babel-plugin-polyfill-corejs3/-/babel-plugin-polyfill-corejs3-0.13.0.tgz 111741ms (cache miss)
826 http fetch GET 200 https://registry.npmjs.org/aria-query/-/aria-query-5.1.3.tgz 111785ms (cache miss)
827 http fetch GET 200 https://registry.npmjs.org/ansi-html-community/-/ansi-html-community-0.0.8.tgz 111799ms (cache miss)
828 http fetch GET 200 https://registry.npmjs.org/address/-/address-1.2.2.tgz 111841ms (cache miss)
829 http fetch GET 200 https://registry.npmjs.org/agent-base/-/agent-base-6.0.2.tgz 111849ms (cache miss)
830 http fetch GET 200 https://registry.npmjs.org/argparse/-/argparse-1.0.10.tgz 111851ms (cache miss)
831 http fetch GET 200 https://registry.npmjs.org/acorn-import-phases/-/acorn-import-phases-1.0.4.tgz 112081ms (cache miss)
832 http fetch GET 200 https://registry.npmjs.org/ajv-formats/-/ajv-formats-2.1.1.tgz 112083ms (cache miss)
833 http fetch GET 200 https://registry.npmjs.org/acorn-walk/-/acorn-walk-8.3.4.tgz 112087ms (cache miss)
834 http fetch GET 200 https://registry.npmjs.org/abbrev/-/abbrev-2.0.0.tgz 112140ms (cache miss)
835 http fetch GET 200 https://registry.npmjs.org/accepts/-/accepts-1.3.8.tgz 112378ms (cache miss)
836 http fetch GET 200 https://registry.npmjs.org/abab/-/abab-2.0.6.tgz 112378ms (cache miss)
837 warn deprecated abab@2.0.6: Use your platform's native atob() and btoa() methods instead
838 http fetch GET 200 https://registry.npmjs.org/acorn-jsx/-/acorn-jsx-5.3.2.tgz 112447ms (cache miss)
839 http fetch GET 200 https://registry.npmjs.org/@xtuc/ieee754/-/ieee754-1.2.0.tgz 112551ms (cache miss)
840 http fetch GET 200 https://registry.npmjs.org/@webassemblyjs/wasm-parser/-/wasm-parser-1.14.1.tgz 112560ms (cache miss)
841 http fetch GET 200 https://registry.npmjs.org/ajv-keywords/-/ajv-keywords-3.5.2.tgz 112577ms (cache miss)
842 http fetch GET 200 https://registry.npmjs.org/@webassemblyjs/wasm-opt/-/wasm-opt-1.14.1.tgz 112619ms (cache miss)
843 http fetch GET 200 https://registry.npmjs.org/@webassemblyjs/wast-printer/-/wast-printer-1.14.1.tgz 112920ms (cache miss)
844 http fetch GET 200 https://registry.npmjs.org/@webassemblyjs/utf8/-/utf8-1.13.2.tgz 112955ms (cache miss)
845 http fetch GET 200 https://registry.npmjs.org/@webassemblyjs/ieee754/-/ieee754-1.13.2.tgz 112958ms (cache miss)
846 http fetch GET 200 https://registry.npmjs.org/@webassemblyjs/leb128/-/leb128-1.13.2.tgz 112958ms (cache miss)
847 http fetch GET 200 https://registry.npmjs.org/@webassemblyjs/wasm-edit/-/wasm-edit-1.14.1.tgz 112958ms (cache miss)
848 http fetch GET 200 https://registry.npmjs.org/@webassemblyjs/wasm-gen/-/wasm-gen-1.14.1.tgz 112989ms (cache miss)
849 http fetch GET 200 https://registry.npmjs.org/@xtuc/long/-/long-4.2.2.tgz 113140ms (cache miss)
850 http fetch GET 200 https://registry.npmjs.org/@webassemblyjs/helper-wasm-bytecode/-/helper-wasm-bytecode-1.13.2.tgz 113136ms (cache miss)
851 http fetch GET 200 https://registry.npmjs.org/@webassemblyjs/helper-wasm-section/-/helper-wasm-section-1.14.1.tgz 113143ms (cache miss)
852 http fetch GET 200 https://registry.npmjs.org/@webassemblyjs/helper-numbers/-/helper-numbers-1.13.2.tgz 113356ms (cache miss)
853 http fetch GET 200 https://registry.npmjs.org/@webassemblyjs/helper-buffer/-/helper-buffer-1.14.1.tgz 113356ms (cache miss)
854 http fetch GET 200 https://registry.npmjs.org/@webassemblyjs/helper-api-error/-/helper-api-error-1.13.2.tgz 113356ms (cache miss)
855 http fetch GET 200 https://registry.npmjs.org/@webassemblyjs/floating-point-hex-parser/-/floating-point-hex-parser-1.13.2.tgz 113356ms (cache miss)
856 http fetch GET 200 https://registry.npmjs.org/@webassemblyjs/ast/-/ast-1.14.1.tgz 113415ms (cache miss)
857 http fetch GET 200 https://registry.npmjs.org/@vue/web-component-wrapper/-/web-component-wrapper-1.3.0.tgz 113431ms (cache miss)
858 http fetch GET 200 https://registry.npmjs.org/@vue/eslint-config-prettier/-/eslint-config-prettier-7.1.0.tgz 113757ms (cache miss)
859 http fetch GET 200 https://registry.npmjs.org/@vue/shared/-/shared-3.5.25.tgz 113762ms (cache miss)
860 http fetch GET 200 https://registry.npmjs.org/@vue/devtools-api/-/devtools-api-6.6.4.tgz 114355ms (cache miss)
861 http fetch GET 200 https://registry.npmjs.org/@vue/devtools-shared/-/devtools-shared-7.7.9.tgz 114359ms (cache miss)
862 http fetch GET 200 https://registry.npmjs.org/vue-loader/-/vue-loader-15.11.1.tgz 114378ms (cache miss)
863 http fetch GET 200 https://registry.npmjs.org/eslint/-/eslint-7.32.0.tgz 115300ms (cache miss)
864 warn deprecated eslint@7.32.0: This version is no longer supported. Please see https://eslint.org/version-support for other options.
865 http fetch GET 200 https://registry.npmjs.org/@vue/compiler-ssr/-/compiler-ssr-3.5.25.tgz 115627ms (cache miss)
866 http fetch GET 200 https://registry.npmjs.org/@vue/component-compiler-utils/-/component-compiler-utils-3.3.0.tgz 115638ms (cache miss)
867 http fetch GET 200 https://registry.npmjs.org/@vue/cli-shared-utils/-/cli-shared-utils-5.0.9.tgz 117448ms (cache miss)
868 http fetch GET 200 https://registry.npmjs.org/acorn/-/acorn-8.15.0.tgz 117456ms (cache miss)
869 http fetch GET 200 https://registry.npmjs.org/@vue/devtools-kit/-/devtools-kit-7.7.9.tgz 118005ms (cache miss)
870 http fetch GET 200 https://registry.npmjs.org/@vue/cli-plugin-vuex/-/cli-plugin-vuex-5.0.9.tgz 118216ms (cache miss)
871 http fetch GET 200 https://registry.npmjs.org/@vue/reactivity/-/reactivity-3.5.25.tgz 118528ms (cache miss)
872 http fetch GET 200 https://registry.npmjs.org/@vue/cli-plugin-router/-/cli-plugin-router-5.0.9.tgz 118701ms (cache miss)
873 http fetch GET 200 https://registry.npmjs.org/@vue/server-renderer/-/server-renderer-3.5.25.tgz 118778ms (cache miss)
874 http fetch GET 200 https://registry.npmjs.org/clipboardy/-/clipboardy-2.3.0.tgz 119259ms (cache miss)
875 http fetch GET 200 https://registry.npmjs.org/@vue/cli-overlay/-/cli-overlay-5.0.9.tgz 119244ms (cache miss)
876 http fetch GET 200 https://registry.npmjs.org/@vue/babel-sugar-v-on/-/babel-sugar-v-on-1.4.0.tgz 119402ms (cache miss)
877 http fetch GET 200 https://registry.npmjs.org/@vue/cli-plugin-eslint/-/cli-plugin-eslint-5.0.9.tgz 119403ms (cache miss)
878 http fetch GET 200 https://registry.npmjs.org/@vue/babel-sugar-v-model/-/babel-sugar-v-model-1.4.0.tgz 119513ms (cache miss)
879 http fetch GET 200 https://registry.npmjs.org/@vue/babel-sugar-functional-vue/-/babel-sugar-functional-vue-1.4.0.tgz 119747ms (cache miss)
880 http fetch GET 200 https://registry.npmjs.org/@vue/babel-sugar-inject-h/-/babel-sugar-inject-h-1.4.0.tgz 120178ms (cache miss)
881 http fetch GET 200 https://registry.npmjs.org/@vue/cli-plugin-babel/-/cli-plugin-babel-5.0.9.tgz 120179ms (cache miss)
882 http fetch GET 200 https://registry.npmjs.org/@vue/babel-sugar-composition-api-render-instance/-/babel-sugar-composition-api-render-instance-1.4.0.tgz 120179ms (cache miss)
883 http fetch GET 200 https://registry.npmjs.org/@vue/babel-preset-jsx/-/babel-preset-jsx-1.4.0.tgz 120178ms (cache miss)
884 http fetch GET 200 https://registry.npmjs.org/@vue/babel-plugin-transform-vue-jsx/-/babel-plugin-transform-vue-jsx-1.4.0.tgz 120429ms (cache miss)
885 http fetch GET 200 https://registry.npmjs.org/@vue/cli-service/-/cli-service-5.0.9.tgz 120538ms (cache miss)
886 http fetch GET 200 https://registry.npmjs.org/@vue/babel-plugin-resolve-type/-/babel-plugin-resolve-type-1.5.0.tgz 120688ms (cache miss)
887 http fetch GET 200 https://registry.npmjs.org/@vue/babel-preset-app/-/babel-preset-app-5.0.9.tgz 120736ms (cache miss)
888 http fetch GET 200 https://registry.npmjs.org/@vue/babel-sugar-composition-api-inject-h/-/babel-sugar-composition-api-inject-h-1.4.0.tgz 120769ms (cache miss)
889 http fetch GET 200 https://registry.npmjs.org/ajv/-/ajv-6.12.6.tgz 120914ms (cache miss)
890 http fetch GET 200 https://registry.npmjs.org/@vue/babel-helper-vue-transform-on/-/babel-helper-vue-transform-on-1.5.0.tgz 120931ms (cache miss)
891 http fetch GET 200 https://registry.npmjs.org/@vue/babel-helper-vue-jsx-merge-props/-/babel-helper-vue-jsx-merge-props-1.4.0.tgz 121147ms (cache miss)
892 http fetch GET 200 https://registry.npmjs.org/@vue/babel-plugin-jsx/-/babel-plugin-jsx-1.5.0.tgz 121150ms (cache miss)
893 http fetch GET 200 https://registry.npmjs.org/@vitest/spy/-/spy-1.6.1.tgz 121440ms (cache miss)
894 http fetch GET 200 https://registry.npmjs.org/@vitest/runner/-/runner-1.6.1.tgz 122187ms (cache miss)
895 http fetch GET 200 https://registry.npmjs.org/@vitest/expect/-/expect-1.6.1.tgz 122294ms (cache miss)
896 http fetch GET 200 https://registry.npmjs.org/@vitest/snapshot/-/snapshot-1.6.1.tgz 122307ms (cache miss)
897 http fetch GET 200 https://registry.npmjs.org/@vue/runtime-core/-/runtime-core-3.5.25.tgz 122533ms (cache miss)
898 http fetch GET 200 https://registry.npmjs.org/@vue/compiler-dom/-/compiler-dom-3.5.25.tgz 122535ms (cache miss)
899 http fetch GET 200 https://registry.npmjs.org/@vitest/utils/-/utils-1.6.1.tgz 122663ms (cache miss)
900 http fetch GET 200 https://registry.npmjs.org/@vitest/coverage-v8/-/coverage-v8-1.6.1.tgz 122696ms (cache miss)
901 http fetch GET 200 https://registry.npmjs.org/@types/yargs-parser/-/yargs-parser-21.0.3.tgz 122703ms (cache miss)
902 http fetch GET 200 https://registry.npmjs.org/@types/ws/-/ws-8.18.1.tgz 122926ms (cache miss)
903 http fetch GET 200 https://registry.npmjs.org/@types/statuses/-/statuses-2.0.6.tgz 122925ms (cache miss)
904 http fetch GET 200 https://registry.npmjs.org/@types/trusted-types/-/trusted-types-2.0.7.tgz 122933ms (cache miss)
905 http fetch GET 200 https://registry.npmjs.org/@types/yargs/-/yargs-17.0.35.tgz 123087ms (cache miss)
906 http fetch GET 200 https://registry.npmjs.org/@types/sockjs/-/sockjs-0.3.36.tgz 123273ms (cache miss)
907 http fetch GET 200 https://registry.npmjs.org/@types/tough-cookie/-/tough-cookie-4.0.5.tgz 123274ms (cache miss)
908 http fetch GET 200 https://registry.npmjs.org/@types/serve-index/-/serve-index-1.9.4.tgz 123374ms (cache miss)
909 http fetch GET 200 https://registry.npmjs.org/@types/serve-static/-/serve-static-1.15.10.tgz 123471ms (cache miss)
910 http fetch GET 200 https://registry.npmjs.org/@vue/compiler-sfc/-/compiler-sfc-3.5.25.tgz 123482ms (cache miss)
911 http fetch GET 200 https://registry.npmjs.org/@types/send/-/send-1.2.1.tgz 123502ms (cache miss)
912 http fetch GET 200 https://registry.npmjs.org/@vitejs/plugin-vue/-/plugin-vue-4.6.2.tgz 123507ms (cache miss)
913 http fetch GET 200 https://registry.npmjs.org/@types/stack-utils/-/stack-utils-2.0.3.tgz 123515ms (cache miss)
914 http fetch GET 200 https://registry.npmjs.org/@types/retry/-/retry-0.12.0.tgz 123571ms (cache miss)
915 http fetch GET 200 https://registry.npmjs.org/@types/range-parser/-/range-parser-1.2.7.tgz 123672ms (cache miss)
916 http fetch GET 200 https://registry.npmjs.org/@types/qs/-/qs-6.14.0.tgz 123702ms (cache miss)
917 http fetch GET 200 https://registry.npmjs.org/@types/parse-json/-/parse-json-4.0.2.tgz 123718ms (cache miss)
918 http fetch GET 200 https://registry.npmjs.org/@types/normalize-package-data/-/normalize-package-data-2.4.4.tgz 123760ms (cache miss)
919 http fetch GET 200 https://registry.npmjs.org/@types/mime/-/mime-1.3.5.tgz 123777ms (cache miss)
920 http fetch GET 200 https://registry.npmjs.org/@types/minimist/-/minimist-1.2.5.tgz 123858ms (cache miss)
921 http fetch GET 200 https://registry.npmjs.org/@types/node-forge/-/node-forge-1.3.14.tgz 123892ms (cache miss)
922 http fetch GET 200 https://registry.npmjs.org/@types/json-schema/-/json-schema-7.0.15.tgz 123961ms (cache miss)
923 http fetch GET 200 https://registry.npmjs.org/@types/istanbul-lib-coverage/-/istanbul-lib-coverage-2.0.6.tgz 124257ms (cache miss)
924 http fetch GET 200 https://registry.npmjs.org/@types/http-proxy/-/http-proxy-1.17.17.tgz 124256ms (cache miss)
925 http fetch GET 200 https://registry.npmjs.org/@types/istanbul-reports/-/istanbul-reports-3.0.4.tgz 124258ms (cache miss)
926 http fetch GET 200 https://registry.npmjs.org/@types/istanbul-lib-report/-/istanbul-lib-report-3.0.3.tgz 124258ms (cache miss)
927 http fetch GET 200 https://registry.npmjs.org/@types/http-errors/-/http-errors-2.0.5.tgz 124258ms (cache miss)
928 http fetch GET 200 https://registry.npmjs.org/@types/jsdom/-/jsdom-21.1.7.tgz 124264ms (cache miss)
929 http fetch GET 200 https://registry.npmjs.org/@vue/test-utils/-/test-utils-2.4.6.tgz 124405ms (cache miss)
930 http fetch GET 200 https://registry.npmjs.org/@types/connect-history-api-fallback/-/connect-history-api-fallback-1.5.4.tgz 124530ms (cache miss)
931 http fetch GET 200 https://registry.npmjs.org/@types/express/-/express-4.17.25.tgz 124541ms (cache miss)
932 http fetch GET 200 https://registry.npmjs.org/@types/eslint-scope/-/eslint-scope-3.7.7.tgz 124548ms (cache miss)
933 http fetch GET 200 https://registry.npmjs.org/@types/connect/-/connect-3.4.38.tgz 124710ms (cache miss)
934 http fetch GET 200 https://registry.npmjs.org/@types/express-serve-static-core/-/express-serve-static-core-5.1.0.tgz 124722ms (cache miss)
935 http fetch GET 200 https://registry.npmjs.org/@types/estree/-/estree-1.0.8.tgz 124763ms (cache miss)
936 http fetch GET 200 https://registry.npmjs.org/@types/html-minifier-terser/-/html-minifier-terser-6.1.0.tgz 124771ms (cache miss)
937 http fetch GET 200 https://registry.npmjs.org/@types/bonjour/-/bonjour-3.5.13.tgz 124786ms (cache miss)
938 http fetch GET 200 https://registry.npmjs.org/@types/body-parser/-/body-parser-1.19.6.tgz 124983ms (cache miss)
939 http fetch GET 200 https://registry.npmjs.org/@types/aria-query/-/aria-query-5.0.4.tgz 124983ms (cache miss)
940 http fetch GET 200 https://registry.npmjs.org/@tootallnate/once/-/once-2.0.0.tgz 125454ms (cache miss)
941 http fetch GET 200 https://registry.npmjs.org/@testing-library/vue/-/vue-8.1.0.tgz 125454ms (cache miss)
942 http fetch GET 200 https://registry.npmjs.org/@soda/get-current-script/-/get-current-script-1.0.2.tgz 125454ms (cache miss)
943 http fetch GET 200 https://registry.npmjs.org/@trysound/sax/-/sax-0.2.0.tgz 125480ms (cache miss)
944 http fetch GET 200 https://registry.npmjs.org/@types/eslint/-/eslint-8.56.12.tgz 125481ms (cache miss)
945 http fetch GET 200 https://registry.npmjs.org/@soda/friendly-errors-webpack-plugin/-/friendly-errors-webpack-plugin-1.8.1.tgz 125546ms (cache miss)
946 http fetch GET 200 https://registry.npmjs.org/@sinonjs/commons/-/commons-3.0.1.tgz 125752ms (cache miss)
947 http fetch GET 200 https://registry.npmjs.org/@sideway/pinpoint/-/pinpoint-2.0.0.tgz 125801ms (cache miss)
948 http fetch GET 200 https://registry.npmjs.org/@sideway/formula/-/formula-3.0.1.tgz 125884ms (cache miss)
949 http fetch GET 200 https://registry.npmjs.org/@polka/url/-/url-1.0.0-next.29.tgz 126577ms (cache miss)
950 http fetch GET 200 https://registry.npmjs.org/@sideway/address/-/address-4.1.5.tgz 126581ms (cache miss)
951 http fetch GET 200 https://registry.npmjs.org/@sinonjs/fake-timers/-/fake-timers-13.0.5.tgz 126673ms (cache miss)
952 http fetch GET 200 https://registry.npmjs.org/@open-draft/until/-/until-2.1.0.tgz 127337ms (cache miss)
953 http fetch GET 200 https://registry.npmjs.org/@pkgjs/parseargs/-/parseargs-0.11.0.tgz 127561ms (cache miss)
954 http fetch GET 200 https://registry.npmjs.org/@vue/runtime-dom/-/runtime-dom-3.5.25.tgz 128597ms (cache miss)
955 http fetch GET 200 https://registry.npmjs.org/@open-draft/logger/-/logger-0.3.0.tgz 128878ms (cache miss)
956 http fetch GET 200 https://registry.npmjs.org/@vue/compiler-core/-/compiler-core-3.5.25.tgz 129851ms (cache miss)
957 http fetch GET 200 https://registry.npmjs.org/@one-ini/wasm/-/wasm-0.1.1.tgz 130703ms (cache miss)
958 http fetch GET 200 https://registry.npmjs.org/@open-draft/deferred-promise/-/deferred-promise-2.2.0.tgz 130703ms (cache miss)
959 http fetch GET 200 https://registry.npmjs.org/@nodelib/fs.walk/-/fs.walk-1.2.8.tgz 131159ms (cache miss)
960 http fetch GET 200 https://registry.npmjs.org/@nodelib/fs.stat/-/fs.stat-2.0.5.tgz 131987ms (cache miss)
961 http fetch GET 200 https://registry.npmjs.org/@nodelib/fs.scandir/-/fs.scandir-2.1.5.tgz 132391ms (cache miss)
962 http fetch GET 200 https://registry.npmjs.org/@node-ipc/js-queue/-/js-queue-2.0.3.tgz 132928ms (cache miss)
963 http fetch GET 200 https://registry.npmjs.org/@leichtgewicht/ip-codec/-/ip-codec-2.0.5.tgz 133910ms (cache miss)
964 http fetch GET 200 https://registry.npmjs.org/@pdf-lib/upng/-/upng-1.0.1.tgz 134022ms (cache miss)
965 http fetch GET 200 https://registry.npmjs.org/axios/-/axios-1.13.2.tgz 134261ms (cache miss)
966 http fetch GET 200 https://registry.npmjs.org/@jridgewell/source-map/-/source-map-0.3.11.tgz 134432ms (cache miss)
967 http fetch GET 200 https://registry.npmjs.org/@sinclair/typebox/-/typebox-0.34.48.tgz 135131ms (cache miss)
968 http fetch GET 200 https://registry.npmjs.org/@jridgewell/remapping/-/remapping-2.3.5.tgz 135860ms (cache miss)
969 http fetch GET 200 https://registry.npmjs.org/@jridgewell/resolve-uri/-/resolve-uri-3.1.2.tgz 135947ms (cache miss)
970 http fetch GET 200 https://registry.npmjs.org/@jridgewell/trace-mapping/-/trace-mapping-0.3.31.tgz 136092ms (cache miss)
971 http fetch GET 200 https://registry.npmjs.org/@jridgewell/sourcemap-codec/-/sourcemap-codec-1.5.5.tgz 136243ms (cache miss)
972 http fetch GET 200 https://registry.npmjs.org/@jest/types/-/types-30.2.0.tgz 136683ms (cache miss)
973 http fetch GET 200 https://registry.npmjs.org/@jridgewell/gen-mapping/-/gen-mapping-0.3.13.tgz 136699ms (cache miss)
974 http fetch GET 200 https://registry.npmjs.org/@jest/schemas/-/schemas-30.0.5.tgz 137310ms (cache miss)
975 http fetch GET 200 https://registry.npmjs.org/@jest/pattern/-/pattern-30.0.1.tgz 137311ms (cache miss)
976 http fetch GET 200 https://registry.npmjs.org/@jest/fake-timers/-/fake-timers-30.2.0.tgz 137347ms (cache miss)
977 http fetch GET 200 https://registry.npmjs.org/@jest/environment-jsdom-abstract/-/environment-jsdom-abstract-30.2.0.tgz 137400ms (cache miss)
978 http fetch GET 200 https://registry.npmjs.org/@isaacs/cliui/-/cliui-8.0.2.tgz 137465ms (cache miss)
979 http fetch GET 200 https://registry.npmjs.org/@jest/environment/-/environment-30.2.0.tgz 137569ms (cache miss)
980 http fetch GET 200 https://registry.npmjs.org/@inquirer/confirm/-/confirm-5.1.21.tgz 137914ms (cache miss)
981 http fetch GET 200 https://registry.npmjs.org/@inquirer/type/-/type-3.0.10.tgz 138006ms (cache miss)
982 http fetch GET 200 https://registry.npmjs.org/@intlify/shared/-/shared-9.14.5.tgz 138163ms (cache miss)
983 http fetch GET 200 https://registry.npmjs.org/@istanbuljs/schema/-/schema-0.1.3.tgz 138199ms (cache miss)
984 http fetch GET 200 https://registry.npmjs.org/@inquirer/ansi/-/ansi-1.0.2.tgz 138299ms (cache miss)
985 http fetch GET 200 https://registry.npmjs.org/@humanwhocodes/object-schema/-/object-schema-1.2.1.tgz 138864ms (cache miss)
986 warn deprecated @humanwhocodes/object-schema@1.2.1: Use @eslint/object-schema instead
987 http fetch GET 200 https://registry.npmjs.org/@humanwhocodes/config-array/-/config-array-0.5.0.tgz 139478ms (cache miss)
988 warn deprecated @humanwhocodes/config-array@0.5.0: Use @eslint/config-array instead
989 http fetch GET 200 https://registry.npmjs.org/@inquirer/core/-/core-10.3.2.tgz 139518ms (cache miss)
990 http fetch GET 200 https://registry.npmjs.org/@eslint/eslintrc/-/eslintrc-0.4.3.tgz 139625ms (cache miss)
991 http fetch GET 200 https://registry.npmjs.org/@hapi/topo/-/topo-5.1.0.tgz 139749ms (cache miss)
992 http fetch GET 200 https://registry.npmjs.org/@inquirer/figures/-/figures-1.0.15.tgz 140321ms (cache miss)
993 http fetch GET 200 https://registry.npmjs.org/@hapi/hoek/-/hoek-9.3.0.tgz 140415ms (cache miss)
994 http fetch GET 200 https://registry.npmjs.org/@csstools/css-tokenizer/-/css-tokenizer-3.0.4.tgz 140950ms (cache miss)
995 http fetch GET 200 https://registry.npmjs.org/@vitest/ui/-/ui-1.6.1.tgz 141026ms (cache miss)
996 http fetch GET 200 https://registry.npmjs.org/@csstools/css-color-parser/-/css-color-parser-3.1.0.tgz 141865ms (cache miss)
997 http fetch GET 200 https://registry.npmjs.org/@csstools/css-parser-algorithms/-/css-parser-algorithms-3.0.5.tgz 141869ms (cache miss)
998 http fetch GET 200 https://registry.npmjs.org/@intlify/core-base/-/core-base-9.14.5.tgz 142255ms (cache miss)
999 http fetch GET 200 https://registry.npmjs.org/@types/node/-/node-25.0.2.tgz 142462ms (cache miss)
1000 http fetch GET 200 https://registry.npmjs.org/@intlify/message-compiler/-/message-compiler-9.14.5.tgz 142514ms (cache miss)
1001 http fetch GET 200 https://registry.npmjs.org/@csstools/css-calc/-/css-calc-2.1.4.tgz 142813ms (cache miss)
1002 http fetch GET 200 https://registry.npmjs.org/@discoveryjs/json-ext/-/json-ext-0.5.7.tgz 142835ms (cache miss)
1003 http fetch GET 200 https://registry.npmjs.org/@csstools/color-helpers/-/color-helpers-5.1.0.tgz 142991ms (cache miss)
1004 http fetch GET 200 https://registry.npmjs.org/@babel/plugin-transform-unicode-regex/-/plugin-transform-unicode-regex-7.27.1.tgz 143897ms (cache miss)
1005 http fetch GET 200 https://registry.npmjs.org/@babel/preset-modules/-/preset-modules-0.1.6-no-external-plugins.tgz 144211ms (cache miss)
1006 http fetch GET 200 https://registry.npmjs.org/@babel/template/-/template-7.28.6.tgz 144936ms (cache miss)
1007 http fetch GET 200 https://registry.npmjs.org/@babel/plugin-transform-unicode-sets-regex/-/plugin-transform-unicode-sets-regex-7.28.6.tgz 145838ms (cache miss)
1008 http fetch GET 200 https://registry.npmjs.org/@mswjs/interceptors/-/interceptors-0.41.2.tgz 145891ms (cache miss)
1009 http fetch GET 200 https://registry.npmjs.org/@babel/preset-env/-/preset-env-7.29.0.tgz 145998ms (cache miss)
1010 http fetch GET 200 https://registry.npmjs.org/@bcoe/v8-coverage/-/v8-coverage-0.2.3.tgz 146082ms (cache miss)
1011 http fetch GET 200 https://registry.npmjs.org/@babel/plugin-transform-unicode-escapes/-/plugin-transform-unicode-escapes-7.27.1.tgz 146537ms (cache miss)
1012 http fetch GET 200 https://registry.npmjs.org/@babel/runtime/-/runtime-7.28.6.tgz 147214ms (cache miss)
1013 http fetch GET 200 https://registry.npmjs.org/@babel/plugin-transform-unicode-property-regex/-/plugin-transform-unicode-property-regex-7.28.6.tgz 147257ms (cache miss)
1014 http fetch GET 200 https://registry.npmjs.org/@babel/plugin-transform-typeof-symbol/-/plugin-transform-typeof-symbol-7.27.1.tgz 147317ms (cache miss)
1015 http fetch GET 200 https://registry.npmjs.org/@babel/plugin-transform-template-literals/-/plugin-transform-template-literals-7.27.1.tgz 147628ms (cache miss)
1016 http fetch GET 200 https://registry.npmjs.org/@babel/plugin-transform-spread/-/plugin-transform-spread-7.28.6.tgz 147810ms (cache miss)
1017 http fetch GET 200 https://registry.npmjs.org/@babel/plugin-transform-sticky-regex/-/plugin-transform-sticky-regex-7.27.1.tgz 147814ms (cache miss)
1018 http fetch GET 200 https://registry.npmjs.org/@babel/plugin-transform-shorthand-properties/-/plugin-transform-shorthand-properties-7.27.1.tgz 148455ms (cache miss)
1019 http fetch GET 200 https://registry.npmjs.org/@babel/plugin-transform-regexp-modifiers/-/plugin-transform-regexp-modifiers-7.28.6.tgz 148542ms (cache miss)
1020 http fetch GET 200 https://registry.npmjs.org/@babel/plugin-transform-runtime/-/plugin-transform-runtime-7.29.0.tgz 148759ms (cache miss)
1021 http fetch GET 200 https://registry.npmjs.org/@babel/plugin-transform-property-literals/-/plugin-transform-property-literals-7.27.1.tgz 148916ms (cache miss)
1022 http fetch GET 200 https://registry.npmjs.org/@babel/plugin-transform-private-property-in-object/-/plugin-transform-private-property-in-object-7.28.6.tgz 149139ms (cache miss)
1023 http fetch GET 200 https://registry.npmjs.org/@babel/plugin-transform-private-methods/-/plugin-transform-private-methods-7.28.6.tgz 149256ms (cache miss)
1024 http fetch GET 200 https://registry.npmjs.org/@babel/plugin-transform-reserved-words/-/plugin-transform-reserved-words-7.27.1.tgz 149586ms (cache miss)
1025 http fetch GET 200 https://registry.npmjs.org/@babel/plugin-transform-optional-chaining/-/plugin-transform-optional-chaining-7.28.6.tgz 149652ms (cache miss)
1026 http fetch GET 200 https://registry.npmjs.org/@babel/plugin-transform-optional-catch-binding/-/plugin-transform-optional-catch-binding-7.28.6.tgz 149652ms (cache miss)
1027 http fetch GET 200 https://registry.npmjs.org/@babel/plugin-transform-parameters/-/plugin-transform-parameters-7.27.7.tgz 149658ms (cache miss)
1028 http fetch GET 200 https://registry.npmjs.org/@babel/plugin-transform-object-super/-/plugin-transform-object-super-7.27.1.tgz 149792ms (cache miss)
1029 http fetch GET 200 https://registry.npmjs.org/@babel/plugin-transform-regenerator/-/plugin-transform-regenerator-7.29.0.tgz 150047ms (cache miss)
1030 http fetch GET 200 https://registry.npmjs.org/@babel/plugin-transform-numeric-separator/-/plugin-transform-numeric-separator-7.28.6.tgz 150282ms (cache miss)
1031 http fetch GET 200 https://registry.npmjs.org/@babel/plugin-transform-new-target/-/plugin-transform-new-target-7.27.1.tgz 150282ms (cache miss)
1032 http fetch GET 200 https://registry.npmjs.org/@babel/plugin-transform-named-capturing-groups-regex/-/plugin-transform-named-capturing-groups-regex-7.29.0.tgz 150281ms (cache miss)
1033 http fetch GET 200 https://registry.npmjs.org/@testing-library/dom/-/dom-9.3.4.tgz 150419ms (cache miss)
1034 http fetch GET 200 https://registry.npmjs.org/@babel/plugin-transform-modules-umd/-/plugin-transform-modules-umd-7.27.1.tgz 150414ms (cache miss)
1035 http fetch GET 200 https://registry.npmjs.org/@babel/traverse/-/traverse-7.29.0.tgz 150568ms (cache miss)
1036 http fetch GET 200 https://registry.npmjs.org/@babel/plugin-transform-nullish-coalescing-operator/-/plugin-transform-nullish-coalescing-operator-7.28.6.tgz 150667ms (cache miss)
1037 http fetch GET 200 https://registry.npmjs.org/@babel/plugin-transform-object-rest-spread/-/plugin-transform-object-rest-spread-7.28.6.tgz 151039ms (cache miss)
1038 http fetch GET 200 https://registry.npmjs.org/@babel/plugin-transform-member-expression-literals/-/plugin-transform-member-expression-literals-7.27.1.tgz 151152ms (cache miss)
1039 http fetch GET 200 https://registry.npmjs.org/@babel/plugin-transform-logical-assignment-operators/-/plugin-transform-logical-assignment-operators-7.28.6.tgz 151163ms (cache miss)
1040 http fetch GET 200 https://registry.npmjs.org/@babel/plugin-transform-modules-amd/-/plugin-transform-modules-amd-7.27.1.tgz 151165ms (cache miss)
1041 http fetch GET 200 https://registry.npmjs.org/@babel/plugin-transform-literals/-/plugin-transform-literals-7.27.1.tgz 151355ms (cache miss)
1042 http fetch GET 200 https://registry.npmjs.org/@babel/plugin-transform-modules-commonjs/-/plugin-transform-modules-commonjs-7.28.6.tgz 151454ms (cache miss)
1043 http fetch GET 200 https://registry.npmjs.org/@babel/plugin-transform-function-name/-/plugin-transform-function-name-7.27.1.tgz 151694ms (cache miss)
1044 http fetch GET 200 https://registry.npmjs.org/@babel/plugin-transform-json-strings/-/plugin-transform-json-strings-7.28.6.tgz 151694ms (cache miss)
1045 http fetch GET 200 https://registry.npmjs.org/@babel/plugin-transform-modules-systemjs/-/plugin-transform-modules-systemjs-7.29.0.tgz 151694ms (cache miss)
1046 http fetch GET 200 https://registry.npmjs.org/@babel/plugin-transform-export-namespace-from/-/plugin-transform-export-namespace-from-7.27.1.tgz 151777ms (cache miss)
1047 http fetch GET 200 https://registry.npmjs.org/@babel/plugin-transform-exponentiation-operator/-/plugin-transform-exponentiation-operator-7.28.6.tgz 151966ms (cache miss)
1048 http fetch GET 200 https://registry.npmjs.org/@babel/plugin-transform-dynamic-import/-/plugin-transform-dynamic-import-7.27.1.tgz 152130ms (cache miss)
1049 http fetch GET 200 https://registry.npmjs.org/@babel/plugin-transform-for-of/-/plugin-transform-for-of-7.27.1.tgz 152132ms (cache miss)
1050 http fetch GET 200 https://registry.npmjs.org/@babel/plugin-transform-explicit-resource-management/-/plugin-transform-explicit-resource-management-7.28.6.tgz 152131ms (cache miss)
1051 http fetch GET 200 https://registry.npmjs.org/@pdf-lib/standard-fonts/-/standard-fonts-1.0.0.tgz 152251ms (cache miss)
1052 http fetch GET 200 https://registry.npmjs.org/@babel/plugin-transform-duplicate-named-capturing-groups-regex/-/plugin-transform-duplicate-named-capturing-groups-regex-7.29.0.tgz 152390ms (cache miss)
1053 http fetch GET 200 https://registry.npmjs.org/@babel/plugin-transform-dotall-regex/-/plugin-transform-dotall-regex-7.28.6.tgz 152391ms (cache miss)
1054 http fetch GET 200 https://registry.npmjs.org/@babel/plugin-transform-duplicate-keys/-/plugin-transform-duplicate-keys-7.27.1.tgz 152392ms (cache miss)
1055 http fetch GET 200 https://registry.npmjs.org/@babel/plugin-transform-computed-properties/-/plugin-transform-computed-properties-7.28.6.tgz 152822ms (cache miss)
1056 http fetch GET 200 https://registry.npmjs.org/@babel/plugin-transform-class-properties/-/plugin-transform-class-properties-7.28.6.tgz 152821ms (cache miss)
1057 http fetch GET 200 https://registry.npmjs.org/@babel/plugin-transform-class-static-block/-/plugin-transform-class-static-block-7.28.6.tgz 152861ms (cache miss)
1058 http fetch GET 200 https://registry.npmjs.org/@babel/plugin-transform-destructuring/-/plugin-transform-destructuring-7.28.5.tgz 152863ms (cache miss)
1059 http fetch GET 200 https://registry.npmjs.org/@babel/plugin-transform-async-to-generator/-/plugin-transform-async-to-generator-7.28.6.tgz 152900ms (cache miss)
1060 http fetch GET 200 https://registry.npmjs.org/@babel/plugin-transform-block-scoped-functions/-/plugin-transform-block-scoped-functions-7.27.1.tgz 152921ms (cache miss)
1061 http fetch GET 200 https://registry.npmjs.org/@babel/plugin-transform-async-generator-functions/-/plugin-transform-async-generator-functions-7.29.0.tgz 153195ms (cache miss)
1062 http fetch GET 200 https://registry.npmjs.org/@babel/plugin-transform-classes/-/plugin-transform-classes-7.28.6.tgz 153252ms (cache miss)
1063 http fetch GET 200 https://registry.npmjs.org/@babel/plugin-syntax-jsx/-/plugin-syntax-jsx-7.28.6.tgz 153410ms (cache miss)
1064 http fetch GET 200 https://registry.npmjs.org/@babel/plugin-syntax-dynamic-import/-/plugin-syntax-dynamic-import-7.8.3.tgz 153410ms (cache miss)
1065 http fetch GET 200 https://registry.npmjs.org/@babel/plugin-syntax-unicode-sets-regex/-/plugin-syntax-unicode-sets-regex-7.18.6.tgz 153411ms (cache miss)
1066 http fetch GET 200 https://registry.npmjs.org/@babel/plugin-transform-arrow-functions/-/plugin-transform-arrow-functions-7.27.1.tgz 153412ms (cache miss)
1067 http fetch GET 200 https://registry.npmjs.org/@babel/plugin-syntax-import-attributes/-/plugin-syntax-import-attributes-7.28.6.tgz 153412ms (cache miss)
1068 http fetch GET 200 https://registry.npmjs.org/@babel/plugin-syntax-import-assertions/-/plugin-syntax-import-assertions-7.28.6.tgz 153426ms (cache miss)
1069 http fetch GET 200 https://registry.npmjs.org/@babel/plugin-transform-block-scoping/-/plugin-transform-block-scoping-7.28.6.tgz 153610ms (cache miss)
1070 http fetch GET 200 https://registry.npmjs.org/@babel/plugin-syntax-decorators/-/plugin-syntax-decorators-7.28.6.tgz 153625ms (cache miss)
1071 http fetch GET 200 https://registry.npmjs.org/@babel/plugin-proposal-private-property-in-object/-/plugin-proposal-private-property-in-object-7.21.0-placeholder-for-preset-env.2.tgz 153656ms (cache miss)
1072 http fetch GET 200 https://registry.npmjs.org/@babel/plugin-proposal-class-properties/-/plugin-proposal-class-properties-7.18.6.tgz 153851ms (cache miss)
1073 warn deprecated @babel/plugin-proposal-class-properties@7.18.6: This proposal has been merged to the ECMAScript standard and thus this plugin is no longer maintained. Please use @babel/plugin-transform-class-properties instead.
1074 http fetch GET 200 https://registry.npmjs.org/@babel/plugin-bugfix-v8-spread-parameters-in-optional-chaining/-/plugin-bugfix-v8-spread-parameters-in-optional-chaining-7.27.1.tgz 153964ms (cache miss)
1075 http fetch GET 200 https://registry.npmjs.org/@babel/plugin-bugfix-safari-class-field-initializer-scope/-/plugin-bugfix-safari-class-field-initializer-scope-7.27.1.tgz 153964ms (cache miss)
1076 http fetch GET 200 https://registry.npmjs.org/@babel/plugin-bugfix-firefox-class-in-computed-class-key/-/plugin-bugfix-firefox-class-in-computed-class-key-7.28.5.tgz 153965ms (cache miss)
1077 http fetch GET 200 https://registry.npmjs.org/@babel/plugin-proposal-decorators/-/plugin-proposal-decorators-7.29.0.tgz 154000ms (cache miss)
1078 http fetch GET 200 https://registry.npmjs.org/@babel/plugin-bugfix-safari-id-destructuring-collision-in-function-expression/-/plugin-bugfix-safari-id-destructuring-collision-in-function-expression-7.27.1.tgz 154001ms (cache miss)
1079 http fetch GET 200 https://registry.npmjs.org/@babel/plugin-bugfix-v8-static-class-fields-redefine-readonly/-/plugin-bugfix-v8-static-class-fields-redefine-readonly-7.28.6.tgz 154032ms (cache miss)
1080 http fetch GET 200 https://registry.npmjs.org/@babel/highlight/-/highlight-7.25.9.tgz 154386ms (cache miss)
1081 http fetch GET 200 https://registry.npmjs.org/@babel/helper-skip-transparent-expression-wrappers/-/helper-skip-transparent-expression-wrappers-7.27.1.tgz 154396ms (cache miss)
1082 http fetch GET 200 https://registry.npmjs.org/@babel/helper-validator-option/-/helper-validator-option-7.27.1.tgz 154396ms (cache miss)
1083 http fetch GET 200 https://registry.npmjs.org/@babel/helper-wrap-function/-/helper-wrap-function-7.28.6.tgz 154552ms (cache miss)
1084 http fetch GET 200 https://registry.npmjs.org/@babel/helper-string-parser/-/helper-string-parser-7.27.1.tgz 154692ms (cache miss)
1085 http fetch GET 200 https://registry.npmjs.org/@babel/helper-replace-supers/-/helper-replace-supers-7.28.6.tgz 154848ms (cache miss)
1086 http fetch GET 200 https://registry.npmjs.org/@babel/helper-optimise-call-expression/-/helper-optimise-call-expression-7.27.1.tgz 155134ms (cache miss)
1087 http fetch GET 200 https://registry.npmjs.org/@babel/helper-plugin-utils/-/helper-plugin-utils-7.28.6.tgz 155134ms (cache miss)
1088 http fetch GET 200 https://registry.npmjs.org/@babel/helper-validator-identifier/-/helper-validator-identifier-7.28.5.tgz 155135ms (cache miss)
1089 http fetch GET 200 https://registry.npmjs.org/@babel/helper-remap-async-to-generator/-/helper-remap-async-to-generator-7.27.1.tgz 155136ms (cache miss)
1090 http fetch GET 200 https://registry.npmjs.org/@babel/helper-module-imports/-/helper-module-imports-7.28.6.tgz 155707ms (cache miss)
1091 http fetch GET 200 https://registry.npmjs.org/@babel/helper-member-expression-to-functions/-/helper-member-expression-to-functions-7.28.5.tgz 155845ms (cache miss)
1092 http fetch GET 200 https://registry.npmjs.org/@babel/helper-globals/-/helper-globals-7.28.0.tgz 156332ms (cache miss)
1093 http fetch GET 200 https://registry.npmjs.org/@babel/helper-create-regexp-features-plugin/-/helper-create-regexp-features-plugin-7.28.5.tgz 156491ms (cache miss)
1094 http fetch GET 200 https://registry.npmjs.org/@babel/helper-module-transforms/-/helper-module-transforms-7.28.6.tgz 156564ms (cache miss)
1095 http fetch GET 200 https://registry.npmjs.org/@babel/helper-annotate-as-pure/-/helper-annotate-as-pure-7.27.3.tgz 156640ms (cache miss)
1096 http fetch GET 200 https://registry.npmjs.org/@babel/helper-compilation-targets/-/helper-compilation-targets-7.28.6.tgz 156922ms (cache miss)
1097 http fetch GET 200 https://registry.npmjs.org/@babel/compat-data/-/compat-data-7.29.0.tgz 157884ms (cache miss)
1098 http fetch GET 200 https://registry.npmjs.org/@babel/code-frame/-/code-frame-7.29.0.tgz 157943ms (cache miss)
1099 http fetch GET 200 https://registry.npmjs.org/yallist/-/yallist-2.1.2.tgz 158601ms (cache miss)
1100 http fetch GET 200 https://registry.npmjs.org/@babel/helper-define-polyfill-provider/-/helper-define-polyfill-provider-0.6.6.tgz 159248ms (cache miss)
1101 http fetch GET 200 https://registry.npmjs.org/@achrinza/node-ipc/-/node-ipc-9.2.9.tgz 159792ms (cache miss)
1102 http fetch GET 200 https://registry.npmjs.org/@ampproject/remapping/-/remapping-2.3.0.tgz 160250ms (cache miss)
1103 http fetch GET 200 https://registry.npmjs.org/normalize-path/-/normalize-path-1.0.0.tgz 160700ms (cache miss)
1104 http fetch GET 200 https://registry.npmjs.org/@babel/helper-create-class-features-plugin/-/helper-create-class-features-plugin-7.28.6.tgz 160912ms (cache miss)
1105 http fetch GET 200 https://registry.npmjs.org/@babel/types/-/types-7.29.0.tgz 161019ms (cache miss)
1106 http fetch GET 200 https://registry.npmjs.org/lru-cache/-/lru-cache-4.1.5.tgz 161258ms (cache miss)
1107 http fetch GET 200 https://registry.npmjs.org/@babel/helpers/-/helpers-7.28.4.tgz 161556ms (cache miss)
1108 http fetch GET 200 https://registry.npmjs.org/cross-spawn/-/cross-spawn-5.1.0.tgz 162067ms (cache miss)
1109 http fetch GET 200 https://registry.npmjs.org/execa/-/execa-0.8.0.tgz 162067ms (cache miss)
1110 http fetch GET 200 https://registry.npmjs.org/json-schema-traverse/-/json-schema-traverse-1.0.0.tgz 162187ms (cache miss)
1111 http fetch GET 200 https://registry.npmjs.org/schema-utils/-/schema-utils-4.3.3.tgz 162338ms (cache miss)
1112 http fetch GET 200 https://registry.npmjs.org/get-stream/-/get-stream-3.0.0.tgz 162854ms (cache miss)
1113 http fetch GET 200 https://registry.npmjs.org/@babel/generator/-/generator-7.29.1.tgz 163282ms (cache miss)
1114 http fetch GET 200 https://registry.npmjs.org/schema-utils/-/schema-utils-4.3.3.tgz 163842ms (cache miss)
1115 http fetch GET 200 https://registry.npmjs.org/ws/-/ws-8.18.3.tgz 163954ms (cache miss)
1116 http fetch GET 200 https://registry.npmjs.org/json-schema-traverse/-/json-schema-traverse-1.0.0.tgz 164225ms (cache miss)
1117 http fetch GET 200 https://registry.npmjs.org/ajv-keywords/-/ajv-keywords-5.1.0.tgz 164572ms (cache miss)
1118 http fetch GET 200 https://registry.npmjs.org/@rollup/rollup-win32-x64-msvc/-/rollup-win32-x64-msvc-4.57.1.tgz 164882ms (cache miss)
1119 http fetch GET 200 https://registry.npmjs.org/@babel/core/-/core-7.28.5.tgz 164943ms (cache miss)
1120 http fetch GET 200 https://registry.npmjs.org/escape-string-regexp/-/escape-string-regexp-4.0.0.tgz 165190ms (cache miss)
1121 http fetch GET 200 https://registry.npmjs.org/schema-utils/-/schema-utils-4.3.3.tgz 165201ms (cache miss)
1122 http fetch GET 200 https://registry.npmjs.org/ajv-keywords/-/ajv-keywords-5.1.0.tgz 165526ms (cache miss)
1123 http fetch GET 200 https://registry.npmjs.org/hash-sum/-/hash-sum-1.0.2.tgz 165568ms (cache miss)
1124 http fetch GET 200 https://registry.npmjs.org/@rollup/rollup-win32-x64-gnu/-/rollup-win32-x64-gnu-4.57.1.tgz 166026ms (cache miss)
1125 http fetch GET 200 https://registry.npmjs.org/watchpack/-/watchpack-2.5.1.tgz 166400ms (cache miss)
1126 http fetch GET 200 https://registry.npmjs.org/json-schema-traverse/-/json-schema-traverse-1.0.0.tgz 166459ms (cache miss)
1127 http fetch GET 200 https://registry.npmjs.org/chalk/-/chalk-4.1.2.tgz 166463ms (cache miss)
1128 http fetch GET 200 https://registry.npmjs.org/commander/-/commander-7.2.0.tgz 166786ms (cache miss)
1129 http fetch GET 200 https://registry.npmjs.org/estraverse/-/estraverse-5.3.0.tgz 167148ms (cache miss)
1130 http fetch GET 200 https://registry.npmjs.org/ajv-keywords/-/ajv-keywords-5.1.0.tgz 167250ms (cache miss)
1131 http fetch GET 200 https://registry.npmjs.org/strip-final-newline/-/strip-final-newline-3.0.0.tgz 167266ms (cache miss)
1132 http fetch GET 200 https://registry.npmjs.org/semver/-/semver-7.7.3.tgz 167744ms (cache miss)
1133 http fetch GET 200 https://registry.npmjs.org/eslint-visitor-keys/-/eslint-visitor-keys-3.4.3.tgz 167744ms (cache miss)
1134 http fetch GET 200 https://registry.npmjs.org/iconv-lite/-/iconv-lite-0.6.3.tgz 167923ms (cache miss)
1135 http fetch GET 200 https://registry.npmjs.org/which/-/which-2.0.2.tgz 168207ms (cache miss)
1136 http fetch GET 200 https://registry.npmjs.org/signal-exit/-/signal-exit-4.1.0.tgz 168486ms (cache miss)
1137 http fetch GET 200 https://registry.npmjs.org/shebang-regex/-/shebang-regex-3.0.0.tgz 168508ms (cache miss)
1138 http fetch GET 200 https://registry.npmjs.org/espree/-/espree-9.6.1.tgz 168516ms (cache miss)
1139 http fetch GET 200 https://registry.npmjs.org/path-key/-/path-key-4.0.0.tgz 168607ms (cache miss)
1140 http fetch GET 200 https://registry.npmjs.org/shebang-command/-/shebang-command-2.0.0.tgz 168751ms (cache miss)
1141 http fetch GET 200 https://registry.npmjs.org/path-key/-/path-key-3.1.1.tgz 168895ms (cache miss)
1142 http fetch GET 200 https://registry.npmjs.org/eslint-scope/-/eslint-scope-7.2.2.tgz 168921ms (cache miss)
1143 http fetch GET 200 https://registry.npmjs.org/onetime/-/onetime-6.0.0.tgz 169098ms (cache miss)
1144 http fetch GET 200 https://registry.npmjs.org/npm-run-path/-/npm-run-path-5.3.0.tgz 169098ms (cache miss)
1145 http fetch GET 200 https://registry.npmjs.org/is-stream/-/is-stream-3.0.0.tgz 169342ms (cache miss)
1146 http fetch GET 200 https://registry.npmjs.org/universalify/-/universalify-0.2.0.tgz 169343ms (cache miss)
1147 http fetch GET 200 https://registry.npmjs.org/human-signals/-/human-signals-5.0.0.tgz 169351ms (cache miss)
1148 http fetch GET 200 https://registry.npmjs.org/get-stream/-/get-stream-8.0.1.tgz 169356ms (cache miss)
1149 http fetch GET 200 https://registry.npmjs.org/mimic-fn/-/mimic-fn-4.0.0.tgz 169868ms (cache miss)
1150 http fetch GET 200 https://registry.npmjs.org/json-schema-traverse/-/json-schema-traverse-1.0.0.tgz 170567ms (cache miss)
1151 http fetch GET 200 https://registry.npmjs.org/cross-spawn/-/cross-spawn-7.0.6.tgz 170569ms (cache miss)
1152 http fetch GET 200 https://registry.npmjs.org/execa/-/execa-8.0.1.tgz 170608ms (cache miss)
1153 http fetch GET 200 https://registry.npmjs.org/schema-utils/-/schema-utils-3.3.0.tgz 170623ms (cache miss)
1154 http fetch GET 200 https://registry.npmjs.org/loader-utils/-/loader-utils-2.0.4.tgz 170792ms (cache miss)
1155 http fetch GET 200 https://registry.npmjs.org/schema-utils/-/schema-utils-4.3.3.tgz 170916ms (cache miss)
1156 http fetch GET 200 https://registry.npmjs.org/commander/-/commander-2.20.3.tgz 171824ms (cache miss)
1157 http fetch GET 200 https://registry.npmjs.org/json-schema-traverse/-/json-schema-traverse-1.0.0.tgz 171831ms (cache miss)
1158 http fetch GET 200 https://registry.npmjs.org/js-tokens/-/js-tokens-9.0.1.tgz 172245ms (cache miss)
1159 http fetch GET 200 https://registry.npmjs.org/commander/-/commander-7.2.0.tgz 172635ms (cache miss)
1160 http fetch GET 200 https://registry.npmjs.org/encodeurl/-/encodeurl-1.0.2.tgz 172917ms (cache miss)
1161 http fetch GET 200 https://registry.npmjs.org/statuses/-/statuses-2.0.1.tgz 172917ms (cache miss)
1162 http fetch GET 200 https://registry.npmjs.org/ajv-keywords/-/ajv-keywords-5.1.0.tgz 172943ms (cache miss)
1163 http fetch GET 200 https://registry.npmjs.org/escape-string-regexp/-/escape-string-regexp-2.0.0.tgz 173285ms (cache miss)
1164 http fetch GET 200 https://registry.npmjs.org/ajv/-/ajv-8.17.1.tgz 173728ms (cache miss)
1165 http fetch GET 200 https://registry.npmjs.org/setprototypeof/-/setprototypeof-1.1.0.tgz 173877ms (cache miss)
1166 http fetch GET 200 https://registry.npmjs.org/ajv/-/ajv-8.17.1.tgz 173885ms (cache miss)
1167 http fetch GET 200 https://registry.npmjs.org/send/-/send-0.19.0.tgz 173903ms (cache miss)
1168 http fetch GET 200 https://registry.npmjs.org/http-errors/-/http-errors-2.0.0.tgz 174295ms (cache miss)
1169 http fetch GET 200 https://registry.npmjs.org/statuses/-/statuses-1.5.0.tgz 174295ms (cache miss)
1170 http fetch GET 200 https://registry.npmjs.org/ms/-/ms-2.0.0.tgz 174920ms (cache miss)
1171 http fetch GET 200 https://registry.npmjs.org/inherits/-/inherits-2.0.3.tgz 174920ms (cache miss)
1172 http fetch GET 200 https://registry.npmjs.org/ms/-/ms-2.0.0.tgz 174921ms (cache miss)
1173 http fetch GET 200 https://registry.npmjs.org/debug/-/debug-2.6.9.tgz 174959ms (cache miss)
1174 http fetch GET 200 https://registry.npmjs.org/http-errors/-/http-errors-1.6.3.tgz 174964ms (cache miss)
1175 http fetch GET 200 https://registry.npmjs.org/statuses/-/statuses-2.0.1.tgz 175411ms (cache miss)
1176 http fetch GET 200 https://registry.npmjs.org/ajv/-/ajv-8.17.1.tgz 175441ms (cache miss)
1177 http fetch GET 200 https://registry.npmjs.org/depd/-/depd-1.1.2.tgz 175684ms (cache miss)
1178 http fetch GET 200 https://registry.npmjs.org/ms/-/ms-2.0.0.tgz 175850ms (cache miss)
1179 http fetch GET 200 https://registry.npmjs.org/http-errors/-/http-errors-2.0.0.tgz 176049ms (cache miss)
1180 http fetch GET 200 https://registry.npmjs.org/ipaddr.js/-/ipaddr.js-1.9.1.tgz 176134ms (cache miss)
1181 http fetch GET 200 https://registry.npmjs.org/debug/-/debug-2.6.9.tgz 176143ms (cache miss)
1182 http fetch GET 200 https://registry.npmjs.org/supports-color/-/supports-color-5.5.0.tgz 176280ms (cache miss)
1183 http fetch GET 200 https://registry.npmjs.org/debug/-/debug-2.6.9.tgz 176317ms (cache miss)
1184 http fetch GET 200 https://registry.npmjs.org/has-flag/-/has-flag-3.0.0.tgz 176384ms (cache miss)
1185 http fetch GET 200 https://registry.npmjs.org/ansi-styles/-/ansi-styles-5.2.0.tgz 177066ms (cache miss)
1186 http fetch GET 200 https://registry.npmjs.org/color-name/-/color-name-1.1.3.tgz 177126ms (cache miss)
1187 http fetch GET 200 https://registry.npmjs.org/type-fest/-/type-fest-0.8.1.tgz 177132ms (cache miss)
1188 http fetch GET 200 https://registry.npmjs.org/ansi-styles/-/ansi-styles-3.2.1.tgz 177204ms (cache miss)
1189 http fetch GET 200 https://registry.npmjs.org/color-convert/-/color-convert-1.9.3.tgz 177207ms (cache miss)
1190 http fetch GET 200 https://registry.npmjs.org/@babel/parser/-/parser-7.29.0.tgz 177568ms (cache miss)
1191 http fetch GET 200 https://registry.npmjs.org/chalk/-/chalk-2.4.2.tgz 177927ms (cache miss)
1192 http fetch GET 200 https://registry.npmjs.org/@vue/devtools-api/-/devtools-api-7.7.9.tgz 178291ms (cache miss)
1193 http fetch GET 200 https://registry.npmjs.org/pathe/-/pathe-2.0.3.tgz 178293ms (cache miss)
1194 http fetch GET 200 https://registry.npmjs.org/tslib/-/tslib-1.14.1.tgz 178293ms (cache miss)
1195 http fetch GET 200 https://registry.npmjs.org/semver/-/semver-7.7.3.tgz 178998ms (cache miss)
1196 http fetch GET 200 https://registry.npmjs.org/postcss-selector-parser/-/postcss-selector-parser-7.1.1.tgz 179584ms (cache miss)
1197 http fetch GET 200 https://registry.npmjs.org/chalk/-/chalk-4.1.2.tgz 179713ms (cache miss)
1198 http fetch GET 200 https://registry.npmjs.org/semver/-/semver-5.7.2.tgz 180308ms (cache miss)
1199 http fetch GET 200 https://registry.npmjs.org/parse5/-/parse5-6.0.1.tgz 180313ms (cache miss)
1200 http fetch GET 200 https://registry.npmjs.org/@asamuzakjp/css-color/-/css-color-3.2.0.tgz 180331ms (cache miss)
1201 http fetch GET 200 https://registry.npmjs.org/yargs-parser/-/yargs-parser-21.1.1.tgz 181046ms (cache miss)
1202 http fetch GET 200 https://registry.npmjs.org/pathe/-/pathe-2.0.3.tgz 181327ms (cache miss)
1203 http fetch GET 200 https://registry.npmjs.org/postcss-selector-parser/-/postcss-selector-parser-7.1.1.tgz 181354ms (cache miss)
1204 http fetch GET 200 https://registry.npmjs.org/yallist/-/yallist-4.0.0.tgz 182590ms (cache miss)
1205 http fetch GET 200 https://registry.npmjs.org/minipass/-/minipass-7.1.2.tgz 182609ms (cache miss)
1206 http fetch GET 200 https://registry.npmjs.org/path-to-regexp/-/path-to-regexp-6.3.0.tgz 182662ms (cache miss)
1207 http fetch GET 200 https://registry.npmjs.org/tldts-core/-/tldts-core-7.0.22.tgz 182911ms (cache miss)
1208 http fetch GET 200 https://registry.npmjs.org/schema-utils/-/schema-utils-4.3.3.tgz 183083ms (cache miss)
1209 http fetch GET 200 https://registry.npmjs.org/ajv/-/ajv-8.17.1.tgz 183107ms (cache miss)
1210 http fetch GET 200 https://registry.npmjs.org/yargs/-/yargs-17.7.2.tgz 183326ms (cache miss)
1211 http fetch GET 200 https://registry.npmjs.org/cookie/-/cookie-1.1.1.tgz 184724ms (cache miss)
1212 http fetch GET 200 https://registry.npmjs.org/wrap-ansi/-/wrap-ansi-3.0.1.tgz 184759ms (cache miss)
1213 http fetch GET 200 https://registry.npmjs.org/cliui/-/cliui-8.0.1.tgz 184763ms (cache miss)
1214 http fetch GET 200 https://registry.npmjs.org/json-schema-traverse/-/json-schema-traverse-1.0.0.tgz 185116ms (cache miss)
1215 http fetch GET 200 https://registry.npmjs.org/ajv/-/ajv-8.17.1.tgz 185174ms (cache miss)
1216 http fetch GET 200 https://registry.npmjs.org/string-width/-/string-width-2.1.1.tgz 185181ms (cache miss)
1217 http fetch GET 200 https://registry.npmjs.org/ajv-keywords/-/ajv-keywords-5.1.0.tgz 185940ms (cache miss)
1218 http fetch GET 200 https://registry.npmjs.org/restore-cursor/-/restore-cursor-2.0.0.tgz 186505ms (cache miss)
1219 http fetch GET 200 https://registry.npmjs.org/strip-ansi/-/strip-ansi-4.0.0.tgz 186506ms (cache miss)
1220 http fetch GET 200 https://registry.npmjs.org/chalk/-/chalk-4.1.2.tgz 186577ms (cache miss)
1221 http fetch GET 200 https://registry.npmjs.org/onetime/-/onetime-2.0.1.tgz 186577ms (cache miss)
1222 http fetch GET 200 https://registry.npmjs.org/mimic-fn/-/mimic-fn-1.2.0.tgz 186584ms (cache miss)
1223 http fetch GET 200 https://registry.npmjs.org/is-fullwidth-code-point/-/is-fullwidth-code-point-2.0.0.tgz 187287ms (cache miss)
1224 http fetch GET 200 https://registry.npmjs.org/json5/-/json5-1.0.2.tgz 187547ms (cache miss)
1225 http fetch GET 200 https://registry.npmjs.org/ansi-regex/-/ansi-regex-3.0.1.tgz 187932ms (cache miss)
1226 http fetch GET 200 https://registry.npmjs.org/cli-cursor/-/cli-cursor-2.1.0.tgz 187934ms (cache miss)
1227 http fetch GET 200 https://registry.npmjs.org/type-fest/-/type-fest-5.4.3.tgz 188122ms (cache miss)
1228 http fetch GET 200 https://registry.npmjs.org/webidl-conversions/-/webidl-conversions-7.0.0.tgz 188236ms (cache miss)
1229 http fetch GET 200 https://registry.npmjs.org/tough-cookie/-/tough-cookie-6.0.0.tgz 188946ms (cache miss)
1230 http fetch GET 200 https://registry.npmjs.org/ws/-/ws-8.19.0.tgz 188961ms (cache miss)
1231 http fetch GET 200 https://registry.npmjs.org/lru-cache/-/lru-cache-10.4.3.tgz 189549ms (cache miss)
1232 http fetch GET 200 https://registry.npmjs.org/brace-expansion/-/brace-expansion-2.0.2.tgz 189571ms (cache miss)
1233 http fetch GET 200 https://registry.npmjs.org/whatwg-url/-/whatwg-url-12.0.1.tgz 189624ms (cache miss)
1234 http fetch GET 200 https://registry.npmjs.org/minipass/-/minipass-7.1.2.tgz 190282ms (cache miss)
1235 http fetch GET 200 https://registry.npmjs.org/ci-info/-/ci-info-4.4.0.tgz 190930ms (cache miss)
1236 http fetch GET 200 https://registry.npmjs.org/chalk/-/chalk-4.1.2.tgz 191108ms (cache miss)
1237 http fetch GET 200 https://registry.npmjs.org/supports-color/-/supports-color-8.1.1.tgz 191545ms (cache miss)
1238 http fetch GET 200 https://registry.npmjs.org/chalk/-/chalk-4.1.2.tgz 192312ms (cache miss)
1239 http fetch GET 200 https://registry.npmjs.org/@pdf-lib/fontkit/-/fontkit-1.1.1.tgz 192411ms (cache miss)
1240 http fetch GET 200 https://registry.npmjs.org/ajv/-/ajv-8.17.1.tgz 192991ms (cache miss)
1241 http fetch GET 200 https://registry.npmjs.org/picomatch/-/picomatch-4.0.3.tgz 193119ms (cache miss)
1242 http fetch GET 200 https://registry.npmjs.org/parse5/-/parse5-7.3.0.tgz 193273ms (cache miss)
1243 http fetch GET 200 https://registry.npmjs.org/tr46/-/tr46-4.1.1.tgz 193411ms (cache miss)
1244 http fetch GET 200 https://registry.npmjs.org/glob/-/glob-10.5.0.tgz 193504ms (cache miss)
1245 warn deprecated glob@10.5.0: Old versions of glob are not supported, and contain widely publicized security vulnerabilities, which have been fixed in the current version. Please update. Support for old versions may be purchased (at exorbitant rates) by contacting i@izs.me
1246 http fetch GET 200 https://registry.npmjs.org/whatwg-url/-/whatwg-url-14.2.0.tgz 193575ms (cache miss)
1247 http fetch GET 200 https://registry.npmjs.org/ws/-/ws-8.19.0.tgz 193702ms (cache miss)
1248 http fetch GET 200 https://registry.npmjs.org/whatwg-encoding/-/whatwg-encoding-3.1.1.tgz 193719ms (cache miss)
1249 http fetch GET 200 https://registry.npmjs.org/whatwg-mimetype/-/whatwg-mimetype-4.0.0.tgz 193720ms (cache miss)
1250 warn deprecated whatwg-encoding@3.1.1: Use @exodus/bytes instead for a more spec-conformant and faster implementation
1251 http fetch GET 200 https://registry.npmjs.org/webidl-conversions/-/webidl-conversions-7.0.0.tgz 194216ms (cache miss)
1252 http fetch GET 200 https://registry.npmjs.org/w3c-xmlserializer/-/w3c-xmlserializer-5.0.0.tgz 194217ms (cache miss)
1253 http fetch GET 200 https://registry.npmjs.org/xml-name-validator/-/xml-name-validator-5.0.0.tgz 194217ms (cache miss)
1254 http fetch GET 200 https://registry.npmjs.org/https-proxy-agent/-/https-proxy-agent-7.0.6.tgz 194708ms (cache miss)
1255 http fetch GET 200 https://registry.npmjs.org/html-encoding-sniffer/-/html-encoding-sniffer-4.0.0.tgz 194742ms (cache miss)
1256 http fetch GET 200 https://registry.npmjs.org/http-proxy-agent/-/http-proxy-agent-7.0.2.tgz 195150ms (cache miss)
1257 http fetch GET 200 https://registry.npmjs.org/rrweb-cssom/-/rrweb-cssom-0.8.0.tgz 195602ms (cache miss)
1258 http fetch GET 200 https://registry.npmjs.org/data-urls/-/data-urls-5.0.0.tgz 195710ms (cache miss)
1259 http fetch GET 200 https://registry.npmjs.org/entities/-/entities-6.0.1.tgz 196121ms (cache miss)
1260 http fetch GET 200 https://registry.npmjs.org/minimatch/-/minimatch-9.0.5.tgz 196241ms (cache miss)
1261 http fetch GET 200 https://registry.npmjs.org/tr46/-/tr46-5.1.1.tgz 196878ms (cache miss)
1262 http fetch GET 200 https://registry.npmjs.org/entities/-/entities-2.2.0.tgz 196883ms (cache miss)
1263 http fetch GET 200 https://registry.npmjs.org/make-dir/-/make-dir-4.0.0.tgz 197145ms (cache miss)
1264 http fetch GET 200 https://registry.npmjs.org/tough-cookie/-/tough-cookie-5.1.2.tgz 197400ms (cache miss)
1265 http fetch GET 200 https://registry.npmjs.org/semver/-/semver-7.7.4.tgz 197439ms (cache miss)
1266 http fetch GET 200 https://registry.npmjs.org/agent-base/-/agent-base-7.1.4.tgz 197446ms (cache miss)
1267 http fetch GET 200 https://registry.npmjs.org/safe-buffer/-/safe-buffer-5.1.2.tgz 198005ms (cache miss)
1268 http fetch GET 200 https://registry.npmjs.org/parse5/-/parse5-7.3.0.tgz 198260ms (cache miss)
1269 http fetch GET 200 https://registry.npmjs.org/which/-/which-2.0.2.tgz 198401ms (cache miss)
1270 http fetch GET 200 https://registry.npmjs.org/shebang-regex/-/shebang-regex-3.0.0.tgz 198410ms (cache miss)
1271 http fetch GET 200 https://registry.npmjs.org/string_decoder/-/string_decoder-1.1.1.tgz 198462ms (cache miss)
1272 http fetch GET 200 https://registry.npmjs.org/shebang-command/-/shebang-command-2.0.0.tgz 198971ms (cache miss)
1273 http fetch GET 200 https://registry.npmjs.org/signal-exit/-/signal-exit-4.1.0.tgz 198986ms (cache miss)
1274 http fetch GET 200 https://registry.npmjs.org/cssstyle/-/cssstyle-4.6.0.tgz 198993ms (cache miss)
1275 http fetch GET 200 https://registry.npmjs.org/readable-stream/-/readable-stream-2.3.8.tgz 198994ms (cache miss)
1276 http fetch GET 200 https://registry.npmjs.org/path-key/-/path-key-3.1.1.tgz 199004ms (cache miss)
1277 http fetch GET 200 https://registry.npmjs.org/ms/-/ms-2.0.0.tgz 199320ms (cache miss)
1278 http fetch GET 200 https://registry.npmjs.org/glob-parent/-/glob-parent-5.1.2.tgz 199321ms (cache miss)
1279 http fetch GET 200 https://registry.npmjs.org/type-fest/-/type-fest-0.20.2.tgz 199338ms (cache miss)
1280 http fetch GET 200 https://registry.npmjs.org/cross-spawn/-/cross-spawn-7.0.6.tgz 199403ms (cache miss)
1281 http fetch GET 200 https://registry.npmjs.org/entities/-/entities-6.0.1.tgz 199422ms (cache miss)
1282 http fetch GET 200 https://registry.npmjs.org/ms/-/ms-2.0.0.tgz 199570ms (cache miss)
1283 http fetch GET 200 https://registry.npmjs.org/supports-color/-/supports-color-8.1.1.tgz 199679ms (cache miss)
1284 http fetch GET 200 https://registry.npmjs.org/estraverse/-/estraverse-5.3.0.tgz 199797ms (cache miss)
1285 http fetch GET 200 https://registry.npmjs.org/debug/-/debug-2.6.9.tgz 200342ms (cache miss)
1286 http fetch GET 200 https://registry.npmjs.org/estraverse/-/estraverse-5.3.0.tgz 200456ms (cache miss)
1287 http fetch GET 200 https://registry.npmjs.org/debug/-/debug-2.6.9.tgz 200478ms (cache miss)
1288 http fetch GET 200 https://registry.npmjs.org/shebang-regex/-/shebang-regex-3.0.0.tgz 200651ms (cache miss)
1289 http fetch GET 200 https://registry.npmjs.org/eslint-visitor-keys/-/eslint-visitor-keys-1.3.0.tgz 200706ms (cache miss)
1290 http fetch GET 200 https://registry.npmjs.org/which/-/which-2.0.2.tgz 200741ms (cache miss)
1291 http fetch GET 200 https://registry.npmjs.org/jest-worker/-/jest-worker-28.1.3.tgz 200908ms (cache miss)
1292 http fetch GET 200 https://registry.npmjs.org/schema-utils/-/schema-utils-4.3.3.tgz 200912ms (cache miss)
1293 http fetch GET 200 https://registry.npmjs.org/shebang-command/-/shebang-command-2.0.0.tgz 201450ms (cache miss)
1294 http fetch GET 200 https://registry.npmjs.org/semver/-/semver-7.7.3.tgz 201600ms (cache miss)
1295 http fetch GET 200 https://registry.npmjs.org/json-schema-traverse/-/json-schema-traverse-1.0.0.tgz 201645ms (cache miss)
1296 http fetch GET 200 https://registry.npmjs.org/path-key/-/path-key-3.1.1.tgz 201801ms (cache miss)
1297 http fetch GET 200 https://registry.npmjs.org/eslint-visitor-keys/-/eslint-visitor-keys-1.3.0.tgz 202054ms (cache miss)
1298 http fetch GET 200 https://registry.npmjs.org/glob-parent/-/glob-parent-5.1.2.tgz 202276ms (cache miss)
1299 http fetch GET 200 https://registry.npmjs.org/isarray/-/isarray-2.0.5.tgz 202388ms (cache miss)
1300 http fetch GET 200 https://registry.npmjs.org/ignore/-/ignore-4.0.6.tgz 202460ms (cache miss)
1301 http fetch GET 200 https://registry.npmjs.org/semver/-/semver-7.7.3.tgz 202664ms (cache miss)
1302 http fetch GET 200 https://registry.npmjs.org/escape-string-regexp/-/escape-string-regexp-4.0.0.tgz 202732ms (cache miss)
1303 http fetch GET 200 https://registry.npmjs.org/cross-spawn/-/cross-spawn-7.0.6.tgz 202984ms (cache miss)
1304 http fetch GET 200 https://registry.npmjs.org/iconv-lite/-/iconv-lite-0.6.3.tgz 203008ms (cache miss)
1305 http fetch GET 200 https://registry.npmjs.org/@babel/code-frame/-/code-frame-7.12.11.tgz 203238ms (cache miss)
1306 http fetch GET 200 https://registry.npmjs.org/ajv-keywords/-/ajv-keywords-5.1.0.tgz 203240ms (cache miss)
1307 http fetch GET 200 https://registry.npmjs.org/brace-expansion/-/brace-expansion-2.0.2.tgz 203569ms (cache miss)
1308 http fetch GET 200 https://registry.npmjs.org/which/-/which-2.0.2.tgz 203667ms (cache miss)
1309 http fetch GET 200 https://registry.npmjs.org/semver/-/semver-7.7.4.tgz 203742ms (cache miss)
1310 http fetch GET 200 https://registry.npmjs.org/chalk/-/chalk-4.1.2.tgz 203750ms (cache miss)
1311 http fetch GET 200 https://registry.npmjs.org/webidl-conversions/-/webidl-conversions-7.0.0.tgz 204066ms (cache miss)
1312 http fetch GET 200 https://registry.npmjs.org/shebang-command/-/shebang-command-2.0.0.tgz 204097ms (cache miss)
1313 http fetch GET 200 https://registry.npmjs.org/eslint-utils/-/eslint-utils-2.1.0.tgz 204100ms (cache miss)
1314 http fetch GET 200 https://registry.npmjs.org/shebang-regex/-/shebang-regex-3.0.0.tgz 204160ms (cache miss)
1315 http fetch GET 200 https://registry.npmjs.org/path-key/-/path-key-3.1.1.tgz 204176ms (cache miss)
1316 http fetch GET 200 https://registry.npmjs.org/npm-run-path/-/npm-run-path-4.0.1.tgz 204474ms (cache miss)
1317 http fetch GET 200 https://registry.npmjs.org/isarray/-/isarray-2.0.5.tgz 204475ms (cache miss)
1318 http fetch GET 200 https://registry.npmjs.org/is-stream/-/is-stream-2.0.1.tgz 204476ms (cache miss)
1319 http fetch GET 200 https://registry.npmjs.org/entities/-/entities-2.2.0.tgz 204497ms (cache miss)
1320 http fetch GET 200 https://registry.npmjs.org/get-stream/-/get-stream-6.0.1.tgz 204772ms (cache miss)
1321 http fetch GET 200 https://registry.npmjs.org/json-schema-traverse/-/json-schema-traverse-1.0.0.tgz 205143ms (cache miss)
1322 http fetch GET 200 https://registry.npmjs.org/execa/-/execa-5.1.1.tgz 205153ms (cache miss)
1323 http fetch GET 200 https://registry.npmjs.org/cross-spawn/-/cross-spawn-7.0.6.tgz 205182ms (cache miss)
1324 http fetch GET 200 https://registry.npmjs.org/commander/-/commander-10.0.1.tgz 205185ms (cache miss)
1325 http fetch GET 200 https://registry.npmjs.org/webidl-conversions/-/webidl-conversions-7.0.0.tgz 205718ms (cache miss)
1326 http fetch GET 200 https://registry.npmjs.org/schema-utils/-/schema-utils-4.3.3.tgz 205731ms (cache miss)
1327 http fetch GET 200 https://registry.npmjs.org/minimatch/-/minimatch-9.0.1.tgz 205740ms (cache miss)
1328 http fetch GET 200 https://registry.npmjs.org/semver/-/semver-7.7.3.tgz 205805ms (cache miss)
1329 http fetch GET 200 https://registry.npmjs.org/semver/-/semver-5.7.2.tgz 205834ms (cache miss)
1330 http fetch GET 200 https://registry.npmjs.org/ajv-keywords/-/ajv-keywords-5.1.0.tgz 205889ms (cache miss)
1331 http fetch GET 200 https://registry.npmjs.org/ms/-/ms-2.0.0.tgz 206236ms (cache miss)
1332 http fetch GET 200 https://registry.npmjs.org/chalk/-/chalk-4.1.2.tgz 206399ms (cache miss)
1333 http fetch GET 200 https://registry.npmjs.org/glob-parent/-/glob-parent-5.1.2.tgz 206399ms (cache miss)
1334 http fetch GET 200 https://registry.npmjs.org/schema-utils/-/schema-utils-3.3.0.tgz 206400ms (cache miss)
1335 http fetch GET 200 https://registry.npmjs.org/type-detect/-/type-detect-4.1.0.tgz 206404ms (cache miss)
1336 http fetch GET 200 https://registry.npmjs.org/ms/-/ms-2.0.0.tgz 206647ms (cache miss)
1337 http fetch GET 200 https://registry.npmjs.org/whatwg-url/-/whatwg-url-12.0.1.tgz 206649ms (cache miss)
1338 http fetch GET 200 https://registry.npmjs.org/debug/-/debug-2.6.9.tgz 206665ms (cache miss)
1339 http fetch GET 200 https://registry.npmjs.org/loader-utils/-/loader-utils-2.0.4.tgz 206782ms (cache miss)
1340 http fetch GET 200 https://registry.npmjs.org/json-schema-traverse/-/json-schema-traverse-1.0.0.tgz 206838ms (cache miss)
1341 http fetch GET 200 https://registry.npmjs.org/hash-sum/-/hash-sum-1.0.2.tgz 206888ms (cache miss)
1342 http fetch GET 200 https://registry.npmjs.org/yallist/-/yallist-2.1.2.tgz 207052ms (cache miss)
1343 http fetch GET 200 https://registry.npmjs.org/negotiator/-/negotiator-0.6.3.tgz 207126ms (cache miss)
1344 http fetch GET 200 https://registry.npmjs.org/debug/-/debug-2.6.9.tgz 207138ms (cache miss)
1345 http fetch GET 200 https://registry.npmjs.org/eslint-plugin-prettier/-/eslint-plugin-prettier-4.2.5.tgz 207453ms (cache miss)
1346 http fetch GET 200 https://registry.npmjs.org/acorn/-/acorn-7.4.1.tgz 207465ms (cache miss)
1347 http fetch GET 200 https://registry.npmjs.org/eslint-config-prettier/-/eslint-config-prettier-8.10.2.tgz 207499ms (cache miss)
1348 http fetch GET 200 https://registry.npmjs.org/yallist/-/yallist-4.0.0.tgz 207857ms (cache miss)
1349 http fetch GET 200 https://registry.npmjs.org/lru-cache/-/lru-cache-6.0.0.tgz 207858ms (cache miss)
1350 http fetch GET 200 https://registry.npmjs.org/picocolors/-/picocolors-0.2.1.tgz 207859ms (cache miss)
1351 http fetch GET 200 https://registry.npmjs.org/tr46/-/tr46-4.1.1.tgz 207861ms (cache miss)
1352 http fetch GET 200 https://registry.npmjs.org/semver/-/semver-7.7.3.tgz 207954ms (cache miss)
1353 http fetch GET 200 https://registry.npmjs.org/lru-cache/-/lru-cache-4.1.5.tgz 207955ms (cache miss)
1354 http fetch GET 200 https://registry.npmjs.org/chalk/-/chalk-4.1.2.tgz 207959ms (cache miss)
1355 http fetch GET 200 https://registry.npmjs.org/hash-sum/-/hash-sum-1.0.2.tgz 208241ms (cache miss)
1356 http fetch GET 200 https://registry.npmjs.org/estree-walker/-/estree-walker-3.0.3.tgz 208349ms (cache miss)
1357 http fetch GET 200 https://registry.npmjs.org/ansi-styles/-/ansi-styles-5.2.0.tgz 208348ms (cache miss)
1358 http fetch GET 200 https://registry.npmjs.org/@jest/schemas/-/schemas-29.6.3.tgz 208349ms (cache miss)
1359 http fetch GET 200 https://registry.npmjs.org/pretty-format/-/pretty-format-29.7.0.tgz 208366ms (cache miss)
1360 http fetch GET 200 https://registry.npmjs.org/jsdom/-/jsdom-26.1.0.tgz 208621ms (cache miss)
1361 http fetch GET 200 https://registry.npmjs.org/pretty-format/-/pretty-format-29.7.0.tgz 208717ms (cache miss)
1362 http fetch GET 200 https://registry.npmjs.org/@jest/schemas/-/schemas-29.6.3.tgz 208795ms (cache miss)
1363 http fetch GET 200 https://registry.npmjs.org/p-limit/-/p-limit-5.0.0.tgz 208796ms (cache miss)
1364 http fetch GET 200 https://registry.npmjs.org/ansi-styles/-/ansi-styles-5.2.0.tgz 209162ms (cache miss)
1365 http fetch GET 200 https://registry.npmjs.org/@types/send/-/send-0.17.6.tgz 209164ms (cache miss)
1366 http fetch GET 200 https://registry.npmjs.org/semver/-/semver-7.7.4.tgz 209197ms (cache miss)
1367 http fetch GET 200 https://registry.npmjs.org/ajv/-/ajv-8.17.1.tgz 209236ms (cache miss)
1368 http fetch GET 200 https://registry.npmjs.org/@types/express-serve-static-core/-/express-serve-static-core-4.19.7.tgz 209437ms (cache miss)
1369 http fetch GET 200 https://registry.npmjs.org/ansi-styles/-/ansi-styles-5.2.0.tgz 210081ms (cache miss)
1370 http fetch GET 200 https://registry.npmjs.org/chalk/-/chalk-4.1.2.tgz 210082ms (cache miss)
1371 http fetch GET 200 https://registry.npmjs.org/chalk/-/chalk-4.1.2.tgz 210091ms (cache miss)
1372 http fetch GET 200 https://registry.npmjs.org/react-is/-/react-is-17.0.2.tgz 210096ms (cache miss)
1373 http fetch GET 200 https://registry.npmjs.org/pretty-format/-/pretty-format-27.5.1.tgz 210123ms (cache miss)
1374 http fetch GET 200 https://registry.npmjs.org/string-width/-/string-width-5.1.2.tgz 210397ms (cache miss)
1375 http fetch GET 200 https://registry.npmjs.org/wrap-ansi/-/wrap-ansi-6.2.0.tgz 210539ms (cache miss)
1376 http fetch GET 200 https://registry.npmjs.org/strip-ansi/-/strip-ansi-7.1.2.tgz 210540ms (cache miss)
1377 http fetch GET 200 https://registry.npmjs.org/wrap-ansi/-/wrap-ansi-8.1.0.tgz 210827ms (cache miss)
1378 http fetch GET 200 https://registry.npmjs.org/emoji-regex/-/emoji-regex-9.2.2.tgz 210838ms (cache miss)
1379 http fetch GET 200 https://registry.npmjs.org/signal-exit/-/signal-exit-4.1.0.tgz 210927ms (cache miss)
1380 http fetch GET 200 https://registry.npmjs.org/@sinclair/typebox/-/typebox-0.27.10.tgz 210933ms (cache miss)
1381 http fetch GET 200 https://registry.npmjs.org/ansi-regex/-/ansi-regex-6.2.2.tgz 210934ms (cache miss)
1382 http fetch GET 200 https://registry.npmjs.org/@sinclair/typebox/-/typebox-0.27.10.tgz 211051ms (cache miss)
1383 http fetch GET 200 https://registry.npmjs.org/ansi-styles/-/ansi-styles-6.2.3.tgz 211177ms (cache miss)
1384 http fetch GET 200 https://registry.npmjs.org/has-flag/-/has-flag-3.0.0.tgz 211407ms (cache miss)
1385 http fetch GET 200 https://registry.npmjs.org/supports-color/-/supports-color-5.5.0.tgz 211452ms (cache miss)
1386 http fetch GET 200 https://registry.npmjs.org/color-name/-/color-name-1.1.3.tgz 211676ms (cache miss)
1387 http fetch GET 200 https://registry.npmjs.org/ignore/-/ignore-4.0.6.tgz 211732ms (cache miss)
1388 http fetch GET 200 https://registry.npmjs.org/parse5/-/parse5-7.3.0.tgz 211776ms (cache miss)
1389 http fetch GET 200 https://registry.npmjs.org/ansi-styles/-/ansi-styles-3.2.1.tgz 212191ms (cache miss)
1390 http fetch GET 200 https://registry.npmjs.org/chalk/-/chalk-2.4.2.tgz 212188ms (cache miss)
1391 http fetch GET 200 https://registry.npmjs.org/color-convert/-/color-convert-1.9.3.tgz 212197ms (cache miss)
1392 http fetch GET 200 https://registry.npmjs.org/entities/-/entities-6.0.1.tgz 212221ms (cache miss)
1393 http fetch GET 200 https://registry.npmjs.org/cross-spawn 210979ms (cache miss)
1394 silly packumentCache corgi:https://registry.npmjs.org/cross-spawn set size:undefined disposed:false
1395 http fetch GET 200 https://registry.npmjs.org/postcss/-/postcss-7.0.39.tgz 213046ms (cache miss)
1396 http fetch GET 200 https://registry.npmjs.org/babel-plugin-polyfill-corejs3/-/babel-plugin-polyfill-corejs3-0.14.0.tgz 213045ms (cache miss)
1397 http fetch GET 200 https://registry.npmjs.org/ajv/-/ajv-8.17.1.tgz 213456ms (cache miss)
1398 http fetch GET 200 https://registry.npmjs.org/axios 212059ms (cache miss)
1399 silly packumentCache corgi:https://registry.npmjs.org/axios set size:undefined disposed:false
1400 http fetch GET 200 https://registry.npmjs.org/ajv/-/ajv-8.17.1.tgz 213842ms (cache miss)
1401 http fetch GET 200 https://registry.npmjs.org/webpack-dev-server 212888ms (cache miss)
1402 silly packumentCache corgi:https://registry.npmjs.org/webpack-dev-server set size:undefined disposed:false
1403 http fetch GET 200 https://registry.npmjs.org/tldts/-/tldts-7.0.22.tgz 214784ms (cache miss)
1404 http fetch GET 200 https://registry.npmjs.org/postcss 213423ms (cache miss)
1405 silly packumentCache corgi:https://registry.npmjs.org/postcss set size:undefined disposed:false
1406 http fetch GET 200 https://registry.npmjs.org/lru-cache/-/lru-cache-10.4.3.tgz 217017ms (cache miss)
1407 http fetch GET 200 https://registry.npmjs.org/pdf-lib/-/pdf-lib-1.17.1.tgz 217849ms (cache miss)
1408 http fetch GET 200 https://registry.npmjs.org/esbuild 217176ms (cache miss)
1409 silly packumentCache corgi:https://registry.npmjs.org/esbuild set size:undefined disposed:false
1410 silly packumentCache corgi:https://registry.npmjs.org/@vue%2fcomponent-compiler-utils cache-miss
1411 http fetch GET 200 https://registry.npmjs.org/@vue%2fcomponent-compiler-utils 1219ms (cache miss)
1412 silly packumentCache corgi:https://registry.npmjs.org/@vue%2fcomponent-compiler-utils set size:undefined disposed:false
1413 silly packumentCache corgi:https://registry.npmjs.org/axios-mock-adapter cache-miss
1414 http fetch GET 200 https://registry.npmjs.org/axios-mock-adapter 1043ms (cache miss)
1415 silly packumentCache corgi:https://registry.npmjs.org/axios-mock-adapter set size:undefined disposed:false
1416 silly packumentCache corgi:https://registry.npmjs.org/execa cache-miss
1417 http fetch GET 200 https://registry.npmjs.org/execa 1323ms (cache miss)
1418 silly packumentCache corgi:https://registry.npmjs.org/execa set size:undefined disposed:false
1419 silly packumentCache corgi:https://registry.npmjs.org/vite cache-miss
1420 http fetch GET 200 https://registry.npmjs.org/@esbuild/win32-x64/-/win32-x64-0.21.5.tgz 227737ms (cache miss)
1421 info run yorkie@2.0.0 install node_modules/yorkie node bin/install.js
1422 info run yorkie@2.0.0 install { code: 'EPERM', signal: undefined }
1423 verbose stack Error: spawn EPERM
1423 verbose stack     at ChildProcess.spawn (node:internal/child_process:420:11)
1423 verbose stack     at spawn (node:child_process:753:9)
1423 verbose stack     at promiseSpawn (C:\Program Files\nodejs\node_modules\npm\node_modules\@npmcli\promise-spawn\lib\index.js:39:16)
1423 verbose stack     at spawnWithShell (C:\Program Files\nodejs\node_modules\npm\node_modules\@npmcli\promise-spawn\lib\index.js:124:10)
1423 verbose stack     at promiseSpawn (C:\Program Files\nodejs\node_modules\npm\node_modules\@npmcli\promise-spawn\lib\index.js:12:12)
1423 verbose stack     at runScriptPkg (C:\Program Files\nodejs\node_modules\npm\node_modules\@npmcli\run-script\lib\run-script-pkg.js:77:13)
1423 verbose stack     at runScript (C:\Program Files\nodejs\node_modules\npm\node_modules\@npmcli\run-script\lib\run-script.js:9:12)
1423 verbose stack     at C:\Program Files\nodejs\node_modules\npm\node_modules\@npmcli\arborist\lib\arborist\rebuild.js:329:17
1423 verbose stack     at run (C:\Program Files\nodejs\node_modules\npm\node_modules\promise-call-limit\dist\commonjs\index.js:67:22)
1423 verbose stack     at C:\Program Files\nodejs\node_modules\npm\node_modules\promise-call-limit\dist\commonjs\index.js:84:9
1424 error code EPERM
1425 error syscall spawn
1426 error errno -4048
1427 error Error: spawn EPERM
1427 error     at ChildProcess.spawn (node:internal/child_process:420:11)
1427 error     at spawn (node:child_process:753:9)
1427 error     at promiseSpawn (C:\Program Files\nodejs\node_modules\npm\node_modules\@npmcli\promise-spawn\lib\index.js:39:16)
1427 error     at spawnWithShell (C:\Program Files\nodejs\node_modules\npm\node_modules\@npmcli\promise-spawn\lib\index.js:124:10)
1427 error     at promiseSpawn (C:\Program Files\nodejs\node_modules\npm\node_modules\@npmcli\promise-spawn\lib\index.js:12:12)
1427 error     at runScriptPkg (C:\Program Files\nodejs\node_modules\npm\node_modules\@npmcli\run-script\lib\run-script-pkg.js:77:13)
1427 error     at runScript (C:\Program Files\nodejs\node_modules\npm\node_modules\@npmcli\run-script\lib\run-script.js:9:12)
1427 error     at C:\Program Files\nodejs\node_modules\npm\node_modules\@npmcli\arborist\lib\arborist\rebuild.js:329:17
1427 error     at run (C:\Program Files\nodejs\node_modules\npm\node_modules\promise-call-limit\dist\commonjs\index.js:67:22)
1427 error     at C:\Program Files\nodejs\node_modules\npm\node_modules\promise-call-limit\dist\commonjs\index.js:84:9 {
1427 error   errno: -4048,
1427 error   code: 'EPERM',
1427 error   syscall: 'spawn'
1427 error }
1428 error
1428 error The operation was rejected by your operating system.
1428 error It's possible that the file was already in use (by a text editor or antivirus),
1428 error or that you lack permissions to access it.
1428 error
1428 error If you believe this might be a permissions issue, please double-check the
1428 error permissions of the file and its containing directories, or try running
1428 error the command again as root/Administrator.
1429 silly unfinished npm timer reify 1770916193701
1430 silly unfinished npm timer reify:audit 1770916193997
1431 silly unfinished npm timer auditReport:init 1770916195975
1432 silly unfinished npm timer metavuln:calculate:security-advisory:vite:jKdCIzePj7J1488qgRXvF8Srh9wutSuR1exB8YooNX62hT+qhtrUXYbArLNoIhgwbaCqKpmduh18syZU7BR9SA== 1770916416802
1433 silly unfinished npm timer metavuln:packument:vite 1770916416802
1434 silly unfinished npm timer reify:build 1770916422053
1435 silly unfinished npm timer build 1770916422054
1436 silly unfinished npm timer build:deps 1770916422054
1437 silly unfinished npm timer build:run:install 1770916422177
1438 silly unfinished npm timer build:run:install:node_modules/yorkie 1770916422178
1439 verbose cwd C:\Users\Yusuf\OneDrive\Desktop\rakez-poject
1440 verbose os Windows_NT 10.0.26200
1441 verbose node v22.16.0
1442 verbose npm  v10.9.2
1443 verbose exit -4048
1444 verbose code -4048
1445 error A complete log of this run can be found in: C:\Users\Yusuf\OneDrive\Desktop\rakez-poject\.npm-cache\_logs\2026-02-12T17_09_52_991Z-debug-0.log
